codigo_municipio,pct_ingresos_propios,gastos_totales_per_capita,transferencias_per_capita,ingresos_tributarios_per_capita
01001,,1170860.0025,85856.86750000001,227785.605
05001,0.9628365374915858,1699962.0885714286,25331.45857142857,546604.0785714287
05002,0.643769648861143,979132.3885714285,65856.11142857143,108344.26142857142
05004,0.45354750476061206,1862437.3442857142,231679.92714285714,155352.45142857142
05021,0.5666004950782628,2036017.5628571429,189668.48285714287,198742.20857142858
05030,0.9188811947825926,851355.7457142856,29455.601428571426,338196.13714285713
05031,0.7778069715888547,1129932.65,61296.22142857143,172198.88428571427
05034,0.8355797653515474,884863.8914285714,49570.51285714286,165477.06714285715
05036,0.6741916240762935,1269064.1971428574,114949.33714285714,159428.72
05038,0.6126062006918821,1402504.8642857145,135497.64857142858,179421.0157142857
05040,0.6545980273788145,1269630.277142857,81694.56999999999,125016.75571428573
05042,0.9380830416827888,1403502.8828571427,35481.30285714286,433158.07
05044,0.5627999624634994,1593836.137142857,145978.76428571428,136741.75714285715
05045,0.984696492940156,1326382.97,3709.7885714285717,221165.14285714287
05051,0.6045561398868795,1138975.2028571428,110417.79428571429,120042.32714285715
05055,0.5154663139447416,1332778.7457142856,99774.87142857142,100710.06714285715
05059,0.545767894961369,1304675.3885714284,158877.64571428573,142196.0
05079,0.9244279552818052,954791.6314285714,36070.525714285715,330801.63714285713
05086,0.6425629654122763,1778924.517142857,140619.87857142856,202663.27
05088,0.989939124953349,645549.2128571429,2212.7114285714283,221880.75142857144
05091,0.6651951813518039,1138417.7814285713,86654.81857142856,152757.95714285714
05093,0.6389792394801778,1095014.0157142857,72197.98857142856,106717.16714285714
05101,0.8791838911858887,1026071.9271428572,31650.519999999997,184434.98714285716
05107,0.8252299506244818,2266603.9714285717,155207.82142857142,823797.7357142858
05113,0.6801068889590033,2048311.0228571428,173983.21,348066.73999999993
05120,0.6699419790138924,878335.2085714285,49723.11142857142,91081.58714285714
05125,0.5189766524701628,1440609.5299999998,153558.7442857143,102584.90857142858
05129,0.9661658189737669,582010.5428571429,14199.081428571428,269095.02571428573
05134,0.48483477548568865,1353124.2585714287,164401.57428571428,95135.74285714286
05138,0.7268162567380279,1547678.7714285715,96806.57999999999,237134.1557142857
05142,0.6528123601910133,1981289.2314285713,135958.25142857144,204103.59428571427
05145,0.6269639833854176,1522777.6300000001,132460.18857142856,156837.25714285715
05147,0.9049983041773467,1138650.2257142856,23881.94,201332.99285714285
05148,0.9685147696545042,931155.3742857141,16815.64285714286,445999.84142857144
05150,0.6528701962561324,2690389.2466666666,229432.64,302031.955
05154,0.926931647045088,925263.3571428572,17957.862857142856,202993.86428571428
05172,0.889419744887287,867836.0,23360.225714285712,165062.4642857143
05190,0.7569846693941278,1407605.6357142855,93093.56428571428,276147.86285714287
05197,0.7106899847607374,1180625.21,69065.63142857143,160053.22
05206,0.6176111665134628,2027654.2799999998,163399.0114285714,203359.08285714287
05209,0.7188742095257818,895659.3099999999,57084.45285714285,125055.99142857142
05212,0.9829141994780483,713956.1785714285,7186.132857142858,366452.9485714286
05234,0.6586071523997958,1210518.73,98574.74714285714,212347.45142857145
05237,0.8781692561905681,957078.6471428572,58329.23714285714,267075.21
05240,0.6686678912704067,1123436.097142857,78730.24714285714,132182.8457142857
05250,0.3990097961065643,1107268.3557142855,190325.77000000002,122703.24142857143
05264,0.8684986486363082,1732099.6328571427,77140.78142857143,410756.7528571429
05266,0.9755005016809682,1633802.184285714,24897.53142857143,822746.0028571428
05282,0.8582257236696622,746865.7671428572,37644.50142857143,197772.92714285714
05284,0.6064813724374832,1222758.0528571426,74227.01428571428,97822.96285714286
05306,0.6987944861571991,1682674.6285714286,171886.7285714286,364250.9314285714
05308,0.9974952203421452,1308351.8442857142,1368.2242857142858,631352.04
05310,0.7061619303821339,1593019.0085714287,111409.16428571429,188751.16857142857
05313,0.6027887893662796,1459321.3214285714,103728.57428571429,146216.62
05315,0.5843190042782874,1819850.2814285713,162546.57142857142,191416.68571428568
05318,0.986350812357073,1001724.9314285713,8447.578571428572,538925.09
05321,0.8858338697900331,1970218.472857143,94213.17714285714,659838.9371428572
05347,0.5940409684564001,1457987.657142857,139818.48428571428,177604.49714285714
05353,0.6390484359649397,1319447.3399999999,146352.42714285714,196120.74857142856
05360,0.9902244621229366,1330851.52,8005.954285714286,719757.96
05361,0.7633913620796468,1134695.6199999999,51674.37714285714,170462.94285714286
05364,0.7593069005804074,1057961.5185714285,73981.92142857143,191788.9742857143
05368,0.8222210417921655,1128262.8642857142,74247.57857142857,297452.58142857143
05376,0.9860339701611284,1018246.9157142857,9012.397142857142,519349.7328571429
05380,0.9846640694093022,1243354.4257142858,10997.988571428572,630922.5171428572
05390,0.8360993993898056,1337646.9814285713,87199.72285714284,444187.82571428566
05400,0.8674667965136429,992781.5571428571,52249.072857142855,300970.4914285714
05411,0.6449467287893061,1197080.55,81683.00285714286,143393.36285714287
05425,0.7704455380821774,1629823.4285714286,114107.36142857143,308324.3842857143
05440,0.9623947322944194,944979.9471428571,20111.852857142858,328934.7485714285
05467,0.6534395311030247,1345998.2242857143,103004.83428571429,136821.75142857144
05475,0.3451018131051256,2018589.8842857142,389174.32,236629.4385714286
05480,0.6370046616640418,1836325.7128571428,133731.4142857143,266452.3
05483,0.5083606614565988,1179731.612857143,85664.96285714286,76356.31285714287
05490,0.8111756469672619,1531985.98,40535.044285714284,143914.5314285714
05495,0.5990786436661121,1156850.8814285714,49568.76714285714,70142.64714285715
05501,0.5522745744189903,2031235.732857143,239581.4342857143,202660.14571428573
05541,0.80237837960456,1129558.77,66024.47428571428,211797.17571428572
05543,0.42064761957436053,1601687.8257142857,173818.5057142857,106930.12
05576,0.7024175543640644,1668008.4857142859,90401.79285714286,204038.90285714288
05579,0.9242295975114658,922673.0285714286,25388.395714285718,287928.41714285716
05585,0.8357306152835278,1405318.2885714285,73112.35857142857,356475.2214285714
05591,0.8158193555042818,1306630.9985714287,84949.04714285713,301010.86714285717
05604,0.5809206214878941,1516892.0042857141,391797.47857142857,330258.9285714286
05607,0.9761871752946033,1852698.7828571429,37637.08,1408886.4057142858
05615,0.9946916141922705,3295352.1928571425,9981.275714285715,1214659.9042857143
05628,0.4476050278552952,1249259.4242857143,140915.84,94457.13
05631,0.9830024693625828,2302377.397142857,24275.24714285714,1264280.9742857143
05642,0.6852751221033865,983658.21,65362.008571428574,121922.15000000001
05647,0.5601687152334407,1440461.0185714287,132680.07,173144.61857142858
05649,0.6678990901260194,1807169.0185714287,208118.61285714287,233289.98285714284
05652,0.4355628692715205,1877380.52,181320.0342857143,131800.08
05656,0.8885790461963902,1302634.55,65921.2342857143,465046.67
05658,0.6486615145849569,1440213.342857143,118957.48571428572,172805.20857142858
05659,0.5632439783951447,1295927.3457142857,123049.75142857143,126268.56000000001
05660,0.7348790445399144,1294136.1985714287,70532.47428571428,174075.16285714283
05664,0.9038343751520546,1312837.9616666667,58189.24333333334,490251.99499999994
05665,0.6354603568865667,1198759.927142857,61788.32142857143,101265.95857142858
05667,0.7210755983945354,1393087.4957142859,90984.41857142856,191408.79571428572
05670,0.7278620902649593,1050293.6099999999,51795.84142857143,131697.57
05674,0.7766580041837413,1110412.6728571428,74971.64857142858,178113.6885714286
05679,0.8304560153966044,756524.8057142857,32000.95142857143,108182.96857142857
05686,0.8828467268057446,864406.6671428571,47308.228571428575,275927.5642857143
05690,0.8362050175502216,1573694.2214285715,77284.18428571429,421042.4885714286
05697,0.9093860232386387,869020.9500000001,28101.014285714286,246797.82
05736,0.45736405319345647,1175668.2,384776.0657142857,305595.14714285714
05756,0.9180699646482214,1200247.3342857142,37074.810000000005,355213.2528571429
05761,0.8728636972190964,1324538.1585714284,70957.53857142858,405206.89
05789,0.7792957904789383,1135024.5542857142,63082.79142857143,184656.40285714288
05790,0.6795524218991381,938725.3814285714,32947.374285714286,62236.57857142858
05792,0.7417527242493822,1327336.3157142855,129411.88714285714,326768.65571428573
05809,0.7996117809518187,1033659.7871428571,81450.89428571428,330145.9714285714
05819,0.5332983830029795,1989441.8557142857,226075.83857142855,225111.2642857143
05837,0.8884480011760664,1519858.6142857142,17142.10714285714,131471.11714285714
05842,0.537789365950147,1984279.6357142858,170778.62000000002,210695.2442857143
05847,0.8074517167327736,975554.6028571428,34208.275714285715,129074.32428571429
05854,0.61136523060164,1405121.434285714,97744.92,136657.79142857142
05856,0.7849017215516534,1227332.9542857143,93767.60714285714,291919.0042857143
05858,0.7352138201331674,1594347.2014285715,103687.09285714287,254458.24142857143
05861,0.8559110672683632,1287213.67,73711.94571428571,440038.5628571428
05873,0.4609600512927243,1673689.9742857143,227233.08571428573,230010.38571428572
05885,0.6308383525042388,1487860.52,117666.6557142857,166890.8457142857
05887,0.9041274899091117,962559.8357142856,29668.252857142856,225820.79571428572
05890,0.7600988835570952,974903.5728571428,49023.72000000001,133514.24714285714
05893,0.8783889161695583,2381315.62,78934.68428571429,509864.78428571427
05895,0.8128182931333726,1256446.9442857143,76154.2,289705.02857142856
08001,0.9878329109220392,1974225.1457142856,10233.327142857142,686093.8414285714
08078,0.8619381699828429,744176.0357142857,18020.16857142857,106394.38714285714
08137,0.32826005121875346,1109729.8028571429,80897.3857142857,31209.16
08141,0.40117814515288824,989777.2985714285,86117.62571428572,56190.28428571428
08296,0.8981635986000391,798393.7357142858,34305.13428571429,237951.55714285714
08372,0.6989048400858462,737031.5385714286,47837.65857142857,109074.84857142856
08421,0.7234134954247714,861011.9485714285,36410.29142857143,91119.53857142858
08433,0.9680725652685861,975836.6114285713,5963.087142857143,166062.0142857143
08436,0.46589837452604405,1041064.83,60896.224285714285,52927.08714285714
08520,0.8163843211688067,667043.7342857142,27936.14285714286,57535.71571428572
08549,0.48566544355064606,1269502.4828571428,155792.31285714285,122410.80857142857
08558,0.473654788001838,849535.9183333333,63377.745,51664.255000000005
08560,0.5436992531385411,941215.7871428571,46960.33142857143,43318.955714285716
08573,0.9896474598676177,1513974.7657142857,10912.325714285715,815446.0471428571
08606,0.6214959541392924,698690.3614285715,34196.35428571429,49554.01857142857
08634,0.7494741292470379,682468.1714285715,43054.90571428572,80914.62714285715
08638,0.8418186252494266,722696.0057142858,20778.83714285714,101982.13857142857
08675,0.4095053191165121,951749.4428571428,63935.11571428571,41486.624285714286
08685,0.7954660157429897,713098.97,25821.33285714286,97225.6557142857
08758,0.9848488123606052,776375.8314285715,2070.7,123412.32285714286
08770,0.30890929813401097,900992.7771428571,100516.82571428572,43689.549999999996
08832,0.7817997848846975,834039.0171428572,58827.02428571428,190535.9785714286
08849,0.5388239961084874,963566.4785714286,75285.89428571428,66069.0942857143
11001,0.9872515490229123,1861813.7114285715,13724.348571428573,884182.9414285714
13001,0.9919722821957497,1385514.3957142856,4644.874285714285,534469.3542857143
13006,0.40019560477518573,1141205.9085714284,67859.05142857143,50538.36714285715
13030,0.21131292555213738,635638.4400000001,118617.94142857143,31853.77
13042,0.4232802125524967,1743719.8657142858,160150.60428571427,126302.89714285715
13052,0.8546140689077879,802417.3542857143,19441.088571428572,90715.03
13062,0.33598297610989336,1372438.7985714285,159394.38571428572,84054.02714285713
13074,0.2470036610517404,987705.0142857142,103839.66428571429,37916.50428571428
13140,0.43633169177943465,981363.9528571429,71546.93142857144,52058.434285714284
13160,0.7163013143331887,2354851.1114285714,167406.30428571432,402390.35000000003
13188,0.5437560568160562,1277972.8457142857,106882.13714285714,137934.67285714284
13212,0.4641398913345786,1825507.927142857,90421.70428571428,66500.24857142857
13222,0.4821165050746908,1149746.8514285714,156043.65571428573,150508.81714285715
13244,0.686072400233175,929889.1100000001,29184.01714285714,55523.43142857142
13248,0.3975435792090969,1342880.1114285714,116675.79428571429,60218.81714285714
13268,0.2846042923548811,1358329.4457142856,175687.51285714286,71899.25857142858
13300,0.43790787942518067,1166720.3214285714,116480.49714285714,57570.44571428571
13430,0.8652299188377218,1377351.172857143,19935.454285714284,103385.24571428572
13433,0.5995350168507126,819210.0157142857,34810.612857142856,44344.97285714286
13440,0.2670553357874267,1186104.5857142857,145987.08714285714,54570.875714285714
13442,0.6968110181421429,668935.35,25056.18142857143,65028.270000000004
13458,0.2795539373127854,729690.4814285714,104346.43000000001,37642.53142857143
13468,0.7599567833207276,891817.9928571429,28978.135714285716,83309.25714285714
13473,0.5116146647370495,2204858.7185714287,98635.81142857143,89508.68999999999
13490,0.1192579365162361,865118.5314285714,203498.04857142855,24171.428571428572
13549,0.23929885595934297,954028.53,57190.92571428571,22262.90428571429
13580,0.2942873792019519,1154356.317142857,139494.81142857144,63325.10571428571
13600,0.2976357444903549,1177965.347142857,144009.4657142857,53841.41714285714
13620,0.33145081662266723,1308408.0885714288,121001.79857142856,41003.224285714285
13647,0.4429109756694466,1049997.167142857,77082.80857142857,56939.607142857145
13650,0.30173878041383445,1077924.4042857143,119101.51,36613.840000000004
13654,0.3735896767654055,1060178.0642857144,108898.37857142858,50549.90142857143
13655,0.17103757986414167,1260389.5414285713,198973.8114285714,34722.20857142857
13657,0.7303728670735893,974878.8357142856,31862.787142857145,78477.34857142858
13667,0.31398651836649727,1042829.8828571428,104217.67571428571,38537.69571428571
13670,0.6824096295122125,820033.5499999999,42123.14,85270.95142857144
13673,0.4313951560830728,987798.78,105587.87571428572,75836.45428571428
13683,0.5890489195220882,1007671.6242857144,104200.58142857142,145914.83000000002
13688,0.7743095819803919,863574.4171428571,33248.09,110883.11571428573
13744,0.5802018359230343,1116156.82,95137.20857142856,109405.83571428571
13760,0.35112255767677675,860958.6642857142,104236.99,32747.148571428574
13780,0.48674992651755516,1217516.177142857,107045.35571428572,88599.35857142857
13810,0.11177063659156562,1107044.0428571429,105047.90857142858,13586.707142857142
13836,0.9484574620104128,645486.217142857,17279.564285714285,228628.66714285713
13838,0.6585321618810401,1221074.4628571428,93331.77714285713,138591.22857142857
13873,0.42434031875516043,888744.2585714285,56733.56,41326.362857142856
13894,0.5169568271452107,1241682.5671428572,129609.4,101105.54428571429
15001,0.9866902693774472,1181235.3314285714,7465.17,538191.5071428571
15022,0.3805168886168505,2752309.7814285713,405617.07,196254.85285714286
15047,0.7095026756586398,1157528.6542857143,68302.46857142857,122977.50714285714
15051,0.6479311266321088,1169744.7557142857,119897.08285714286,193430.93571428573
15087,0.6503919015573411,1225240.6585714284,111315.71571428572,167605.75
15090,0.3600145813797324,2305721.1585714286,457867.17285714287,147219.88571428572
15092,0.29085096463618987,2492858.5585714285,632331.4199999999,157502.72285714286
15097,0.4155464768023437,1590195.767142857,198848.31714285715,97404.52857142857
15104,0.5909075964643387,1740746.847142857,194929.16714285713,256532.57571428572
15106,0.3763277194395312,2253059.452857143,347734.21571428573,154130.16571428571
15109,0.4246821445888842,1739502.81,203102.19,120833.82142857143
15114,0.3185558179414029,3906926.652857143,983555.1485714286,269981.67714285717
15131,0.4685550590986977,1587970.5957142857,257168.91,180272.60285714286
15135,0.7458873159643943,2405046.617142857,260976.83857142855,725639.36
15162,0.4608298824865384,1416825.9957142859,143760.18142857144,95912.33428571429
15172,0.48149140057760426,1577976.842857143,220648.26,150002.00857142857
15176,0.9214553249545414,788956.1114285715,21556.445714285714,213617.42857142858
15180,0.31883212217518225,1978616.3771428573,288905.3242857143,129274.1557142857
15183,0.41936534374092943,1726674.4385714286,227028.96285714285,87704.86
15185,0.5490675878206355,1497370.43,163660.94,159259.56857142856
15187,0.42970717890102533,2079755.1457142856,372947.33999999997,212377.47142857144
15189,0.501372228352236,1353266.5242857144,156051.53285714285,106497.69999999998
15204,0.7568886156102906,929542.3757142856,82709.21428571429,189827.50714285715
15212,0.3980449414606932,1899097.3028571426,240467.41142857145,120345.07571428572
15215,0.611512740129555,2040479.9000000001,262826.2428571429,286338.01714285713
15218,0.2845055775736606,2766548.4342857143,487970.28714285715,161814.9657142857
15223,0.5098281294381516,1276094.6585714284,164751.97857142854,167399.86285714287
15224,0.5594723047955987,1616153.1742857143,240772.53857142857,247740.36857142858
15226,0.3898012172627175,2495220.5614285716,496937.00999999995,244618.1585714286
15232,0.40364205477455833,1627459.2542857141,225478.5357142857,116058.30428571429
15236,0.4455914725200833,2364806.282857143,348558.53714285715,169696.12000000002
15238,0.9774282636283532,988844.0728571428,5941.527142857143,251782.05285714287
15244,0.41216388076450244,1898299.2585714287,280447.4214285714,197982.32714285716
15248,0.4088285870297036,1894924.7099999997,334883.4914285714,164295.89571428573
15272,0.702695790235681,1091722.3185714285,109109.0942857143,169500.94714285713
15276,0.37667488719241354,2221152.6685714284,300329.14857142855,156084.27285714285
15293,0.4287165523535199,2289572.5257142857,408009.64857142855,221897.52285714285
15296,0.3631151577983237,1430917.92,209134.9742857143,91482.79428571428
15299,0.779385971495422,1027371.6714285715,55682.434285714284,178044.05285714287
15317,0.2899520501757496,3136812.3242857144,570687.4542857143,186747.46714285715
15322,0.8059879345591222,1172532.9200000002,75768.18714285715,213424.84428571427
15325,0.4985265353661918,2586559.5814285716,298117.5014285714,210424.19571428574
15332,0.2932717032918402,1862920.065714286,324616.64714285714,121880.20142857144
15362,0.6591612857254022,1902837.5985714286,225274.23714285716,205696.38857142857
15367,0.8502539383602681,1719595.25,120736.03571428571,600789.0199999999
15368,0.32175309916832384,1887557.9828571428,338436.16571428574,116574.83857142857
15377,0.3252041223877374,2493467.0814285716,429959.0071428571,197062.69142857144
15380,0.5122199315323124,1646076.6171428573,203476.9485714286,148240.13142857145
15401,0.2757366526682809,3228126.7757142857,750047.12,219452.02285714285
15403,0.39805478119953097,2127312.47,345808.0371428571,152993.38714285713
15407,0.9050108145948731,1173728.1199999999,62986.47285714286,577098.4971428572
15425,0.6380532812144633,2211625.5628571426,231137.62714285712,229671.60571428572
15442,0.3987294830632799,1819310.5485714285,217229.22,113087.45999999999
15455,0.8972197818649563,1563420.652857143,71929.62142857142,603583.1671428571
15464,0.29633650992292765,1508782.7271428572,237526.94714285713,89799.00571428573
15466,0.4687707114235017,1308110.8457142857,155511.82285714286,132994.40714285715
15469,0.841438649235955,1052691.4714285715,50984.00285714286,258472.41999999998
15476,0.5214657586807403,1640931.6314285714,183911.91428571427,173978.8257142857
15480,0.6795444760408584,1894428.3,147988.38999999998,211611.1
15491,0.9645869650083005,1705353.2657142857,43582.55428571429,1175510.7857142857
15494,0.5574681388172908,1441973.2685714285,145999.52857142856,164285.51571428572
15500,0.5890124849809423,2122853.9057142856,321617.8728571428,346599.61
15507,0.837505270162146,2030860.1714285712,157812.0657142857,773798.6857142857
15511,0.42477375726728994,2488925.367142857,329991.4514285714,183646.33000000002
15514,0.8504725386422212,2797652.937142857,212179.89857142858,1086594.0442857142
15516,0.9323228458611922,1032575.4585714285,28193.795714285716,322030.8142857143
15518,0.4876717672687786,2329985.632857143,344484.33714285714,279714.52142857143
15522,0.2842273872076039,2534987.3528571427,509834.37857142853,161486.48285714284
15531,0.4978332347247788,1443029.3171428572,168938.2257142857,114296.96714285715
15533,0.26429363864640487,3398194.262857143,749690.8328571429,236119.8114285714
15537,0.6589053133619893,1346367.1185714286,152998.22999999998,210056.94714285713
15542,0.5384840977455968,1359318.7685714287,145220.26857142858,136397.1157142857
15550,0.26079192484688163,3680580.0314285713,778495.1942857142,259544.16999999998
15572,0.9608561445884707,1365976.0542857142,27732.535714285714,494721.46714285715
15580,0.4016935009183816,2032955.5342857144,290015.5742857143,139770.47714285713
15599,0.8111438499883938,1388814.2614285715,97618.32857142857,346765.0628571428
15600,0.5018734524335415,1107453.7485714287,162904.0,144787.68142857144
15621,0.372336183546046,2278761.637142857,330295.80428571434,124208.01000000001
15632,0.6253289478156213,1020802.0271428571,86272.83142857144,122354.61142857141
15638,0.771976768781393,1654731.922857143,162931.02,471547.32714285713
15646,0.8129362590910706,1171434.9485714284,109948.13,389818.24571428576
15660,0.45970559361360686,2999937.8985714284,376640.4928571429,217695.12285714285
15664,0.4887093254505866,1850769.4971428572,194498.29714285716,180398.64571428573
15667,0.7023106647111289,1483406.9442857143,138398.71,273502.15857142856
15673,0.296888374612346,2182471.92,293760.64714285714,88477.18428571428
15676,0.6666196128042737,1606723.07,210437.70428571428,300410.1542857143
15681,0.5129176433873794,1601575.81,173968.0,152618.35857142857
15686,0.5772678355013687,1322974.0942857142,128346.25285714286,157111.82714285716
15690,0.7936665139527623,2372353.7985714287,231293.90714285715,771275.3128571428
15693,0.713465838899037,770019.2357142856,54122.69142857142,145691.13428571427
15696,0.8495219136435128,2597622.022857143,210949.7157142857,1061786.7757142857
15720,0.31915418991838446,2293021.535714286,486598.1271428571,140333.43714285715
15723,0.3017731887647396,3828023.312857143,797453.4085714285,197584.07571428572
15740,0.5163338750394307,1395150.9057142858,154545.65857142856,133531.86285714284
15753,0.6227397041359362,1138072.362857143,103354.85857142857,150472.5314285714
15755,0.5154054106147964,1476926.5057142857,155439.49142857143,119480.17571428571
15757,0.7353077145731103,1113567.6971428571,109661.26,228590.36428571428
15759,0.9721501867628543,1118645.9642857143,7575.444285714286,323569.9342857143
15761,0.48541728888640573,1939193.5385714285,263231.4314285714,173324.41857142857
15762,0.4021232330776145,1610402.1414285714,277857.08999999997,134254.0542857143
15763,0.7077560796639899,1160676.2757142857,144880.41285714286,313060.2071428572
15764,0.6003672845783695,1552330.3457142857,167613.56428571427,197758.70857142858
15774,0.3008665460238101,1556265.5885714286,323314.95285714284,98649.95142857141
15776,0.6534290211870663,1805809.1185714286,142967.16714285716,272493.61142857146
15778,0.5224553153688187,1854890.4571428571,271015.9371428572,180458.10571428572
15790,0.4601925435989488,1151370.0357142857,155583.76,99038.7
15798,0.5011535114351903,1394943.0357142857,175836.93714285715,135129.70857142858
15804,0.5385655812101995,1248881.9614285715,148274.87714285715,128688.30857142857
15806,0.9236746668501615,1272783.3699999999,59174.409999999996,687677.8142857143
15808,0.4834755867397349,1953162.0528571426,264346.6228571429,196564.26857142858
15810,0.35562762913548635,2129715.3314285716,329824.65857142856,129978.55
15814,0.6007345244069804,1251222.67,113245.33428571429,121371.8857142857
15816,0.3628039456111621,1498131.572857143,248027.85857142857,120331.18142857144
15820,0.41247242580365134,1369039.9414285715,200324.68142857144,124538.72
15822,0.4425233652216521,1470484.6157142858,227821.20285714284,148591.53857142857
15832,0.41882985548912816,5267013.991428571,411661.60714285716,315998.50999999995
15835,0.5622319621175579,1302240.677142857,115738.45571428571,116318.71714285715
15837,0.8795822498648775,1873343.2957142857,110033.51857142858,733677.9428571429
15839,0.382519156455787,2893489.1950000003,512090.4816666667,279387.3483333333
15842,0.5021054407881541,1450645.3357142857,159384.65285714288,138976.07428571428
15861,0.7638138829326317,955240.6857142857,76018.97285714287,212715.7457142857
15879,0.3498706709356126,1650398.0957142857,263460.47571428574,94256.55428571429
15897,0.8039545169682383,2096246.315714286,174762.07714285716,619395.467142857
17001,0.9489751988178086,925121.3428571428,13735.797142857144,308753.9414285714
17013,0.7310728064243381,879593.4957142856,50534.724285714285,124821.65571428572
17042,0.8734922243746556,770108.96,22218.661428571428,138514.95142857142
17050,0.6019581214632707,1187765.872857143,106155.7657142857,115208.76714285715
17088,0.6696921203470512,1215700.16,84243.22571428573,164187.04
17174,0.9086593188880528,788482.0371428571,25652.665714285715,243975.81714285715
17272,0.6112837527500842,1010894.3957142857,76662.43999999999,103370.26142857144
17380,0.9351804191602698,935250.9357142857,26003.66714285714,240346.14428571428
17388,0.5228162359517823,1236463.1314285714,102080.89571428571,102614.20571428572
17433,0.6030231259161771,946787.6399999999,65518.63285714285,84517.17428571428
17442,0.5696459892443633,1040850.1699999999,134286.77285714287,139865.25142857144
17444,0.6086850746498665,1090455.2542857144,60966.99714285714,77634.92857142857
17446,0.4717214026585867,1532566.4000000001,196905.70714285714,150342.39571428573
17486,0.7931318060829889,815024.367142857,47092.06857142857,160193.3114285714
17495,0.6136607833136517,1653808.092857143,149722.7257142857,225320.64142857143
17513,0.707746793729857,1042707.5471428571,60687.73428571429,127846.72571428571
17524,0.8335917492048905,977643.0028571428,52889.095714285715,251406.57142857142
17541,0.6807309643611886,995505.7285714286,46103.48714285714,93959.86
17614,0.8258165087754735,862759.2842857143,27766.262857142858,103049.09999999999
17616,0.622039107455696,1046690.9485714285,71292.62142857144,111588.82571428572
17653,0.7272510386948634,778358.1371428572,47216.99285714286,111640.82428571429
17662,0.6294278476826844,1005760.41,53470.64857142857,75279.16
17665,0.6333747036291276,1496636.6300000001,150260.46,264158.9414285714
17777,0.8162743349412084,805341.0928571429,29506.570000000003,115680.23999999999
17867,0.7389587811400329,1229157.407142857,74335.93999999999,202630.23
17873,0.9009309869051,423210.1557142857,17704.652857142857,170787.89857142858
17877,0.7724162661007502,936607.1985714285,57033.04714285715,184714.22
18001,0.9794107960954846,1209046.6714285712,5239.481428571429,200782.3057142857
18029,0.4969990896560696,1678241.7414285713,167286.83857142858,169186.30142857143
18094,0.5954202745480147,1794463.7785714285,108489.35142857142,171511.16714285716
18150,0.793821889392248,876843.3828571428,38661.62857142858,131362.76714285713
18205,0.512961605425014,1226222.6814285715,118854.42714285714,123516.43999999999
18247,0.6811079498487222,1244689.9585714287,68682.10571428572,136174.78
18256,0.5567662617902978,893928.5771428571,70198.47571428571,83710.41285714286
18410,0.5895946843107286,1649794.8614285714,102654.58142857142,137079.89857142858
18460,0.4474930774868015,1477181.1642857143,159822.9342857143,124076.00428571428
18479,0.5042869631362146,2295468.6757142856,208151.64571428573,196082.28285714285
18592,0.7344922272559212,906319.1214285714,42070.77428571428,116640.86571428571
18610,0.5841878560720787,1266806.232857143,84905.06142857144,112136.69571428571
18753,0.7640824806394287,859903.7142857143,60451.15,124712.42000000001
18756,0.3582416879577614,991194.6242857144,141851.69714285716,80288.35857142857
18785,0.4415087008329346,1786853.327142857,191499.92285714284,124690.87714285715
18860,0.5607020299943771,1833968.66,150754.98666666666,185374.76333333334
19001,0.9673378395251272,1117451.2628571428,10665.83857142857,261515.67857142858
19022,0.35630516827311404,1026956.5271428571,93451.00714285715,48765.19142857142
19050,0.6909605064004243,1109573.35,57836.700000000004,105113.35571428572
19075,0.5230956197710829,901050.3628571428,144538.4314285714,77880.85714285714
19100,0.5933254411538665,926299.0199999999,31529.125714285714,39815.68714285714
19110,0.5585137304695358,673214.2885714286,39887.90714285714,54322.840000000004
19130,0.6620064603351389,820203.6785714285,34566.52714285714,60575.73285714286
19137,0.5771097699261775,730022.9857142858,28389.412857142856,31449.592857142856
19142,0.8918800180228825,1081663.9257142856,36687.94714285714,340471.12857142853
19212,0.7353399655455638,948241.9142857144,41072.91285714286,108205.52
19256,0.629045970661107,758196.6842857143,23462.95,34506.521428571425
19290,0.3331794093640995,1644343.1314285714,186531.6885714286,69414.94
19300,0.9217154899235106,1096506.2871428572,52844.56857142858,626818.3171428571
19318,0.5068080126936821,723309.4957142856,54110.280000000006,74883.50428571428
19355,0.5702745503500986,788241.0285714285,42991.76428571429,52989.18142857143
19364,0.4161286842749851,952664.4657142857,85118.78857142858,58333.83285714286
19392,0.33882739461873035,1137638.0799999998,117028.71142857142,58649.20142857143
19397,0.35704846910725035,713171.0542857143,62473.340000000004,26073.481428571427
19418,0.5047620467880165,951110.6285714285,91867.7042857143,167711.9842857143
19450,0.2866011838393704,735531.4842857142,75967.91571428571,23306.602857142858
19455,0.8911201066169536,870833.1885714285,44032.41142857143,327693.7485714286
19473,0.634830727289301,747067.2314285714,34296.41714285714,49955.17
19513,0.6774298520750177,715189.1485714286,57838.41142857143,121603.70142857144
19517,0.6066221833220476,617683.3057142857,23671.395714285714,41572.53857142857
19532,0.7439018079882631,604512.1871428572,22444.631428571425,59527.51857142857
19533,0.41128489777054184,1265632.2742857144,187465.12857142856,89983.51000000001
19548,0.8057191179307843,814076.0914285714,26833.958571428575,75943.18999999999
19573,0.9227139900978953,758315.9042857143,21766.41,266297.46
19585,0.4016505610150055,883328.5885714286,70424.74285714286,41441.340000000004
19622,0.35336622528151534,1031354.7942857143,120726.47,46360.59142857143
19693,0.31241821190850516,1080449.2,125110.40714285713,64076.479999999996
19698,0.902837219511478,654421.2885714285,13731.115714285714,127871.15428571429
19701,0.26875685160457485,1311351.8042857144,265897.65857142856,57151.86714285715
19743,0.5876677826837062,741754.3314285715,34502.60857142857,29489.565714285713
19760,0.36224182140392636,850822.6414285713,84070.35428571429,34584.83857142857
19780,0.6209567576873498,711512.5942857143,49411.54714285715,69189.15
19785,0.32130555173959907,1212458.8914285714,159031.58000000002,70236.24142857143
19807,0.7812951125847087,769278.4785714286,24063.68,74697.98
19809,0.6065053199075434,974206.0657142857,62333.00285714285,169907.93857142856
19821,0.6259875240698024,847946.9428571428,38613.95714285714,69033.72285714286
19824,0.5762922772006034,829126.6828571429,44012.298571428575,53175.275714285715
19845,0.9213981707726757,1124524.6185714286,55237.75571428571,627008.6057142857
20001,0.9825663457557481,1046982.0642857143,4023.1157142857146,221532.34857142856
20011,0.8972238684644319,709137.1142857142,15583.855714285715,124201.22571428571
20013,0.8497194489398966,824054.1571428571,27387.07285714286,142701.9742857143
20032,0.5393838304147591,973418.7057142856,78845.06142857143,63851.05
20045,0.8598145711306068,1896261.0399999998,67027.77285714286,333698.94428571424
20060,0.8358824903807658,815814.9614285714,28391.72428571429,141867.35142857142
20175,0.6630939458876902,867669.8871428572,34906.462857142855,65657.28142857143
20178,0.8792812450337907,1810073.137142857,38948.74714285714,288301.10285714286
20228,0.7545628114094513,851092.1799999999,35840.01,95049.32714285715
20238,0.8090386516813978,855526.6328571428,30213.504285714287,132083.2457142857
20250,0.867572983802128,1131875.4585714287,37229.735714285714,206619.38857142857
20295,0.6397489588481099,979048.1214285714,82640.34142857142,129835.07714285713
20310,0.2994126716549274,2036311.3285714288,255233.92285714284,94399.09999999999
20383,0.8357925545898439,1304549.8,69879.7657142857,336033.16571428574
20400,0.9565109988932604,2811234.4514285713,28344.77,571279.6457142857
20443,0.5323332785568314,991768.4342857143,114049.46857142857,107673.3857142857
20517,0.6312898882125858,956302.5985714284,51730.451428571425,84125.09
20550,0.6703240963754433,1044434.1585714286,59518.08857142857,130045.53571428571
20570,0.5859264163828433,1210717.8614285714,52659.18285714286,60204.45714285714
20614,0.6333428760708186,1135669.39,74209.93285714286,134068.0285714286
20621,0.8194278061368825,1126578.2899999998,39088.19142857142,199713.83285714287
20710,0.8780604919802455,642164.5142857142,29149.182857142856,208753.58000000002
20750,0.6498341213384897,1431216.9685714284,56806.381428571425,124593.38428571429
20770,0.9003259658280542,1086645.57,47907.125714285714,363883.1271428572
20787,0.6073998888361578,1132759.2214285715,95177.46714285715,148549.58000000002
23001,0.9772385473116371,1242394.9685714284,5792.032857142857,188975.59571428574
23068,0.743435681540083,1024410.1414285714,38706.98714285714,102832.4
23079,0.6713910391331638,1373322.4442857143,104378.81285714285,195191.82142857142
23090,0.4471870993715701,1771057.75,188104.855,159534.505
23162,0.8560906536060092,878035.7214285714,20617.448571428573,101012.05428571429
23168,0.3639660564205472,953421.4057142857,94675.87857142858,56168.392857142855
23182,0.8438500183818137,915594.1942857142,24840.838571428572,130886.56142857144
23189,0.8112655602690034,1159020.6585714284,34874.172857142854,140364.09142857144
23300,0.5286963685604554,1119772.0642857144,66587.09,75587.31857142856
23350,0.7287394625564867,1177482.6842857143,83780.90857142858,246021.46285714285
23417,0.8544456619440082,1517114.3014285713,17907.79,92538.25857142858
23419,0.5929970446763572,1246992.6128571427,95231.92714285714,128495.29714285715
23464,0.5539992657860742,1045882.3114285714,67581.74571428572,88821.01714285715
23466,0.8707958477104292,920654.6442857143,21401.09857142857,139546.9685714286
23500,0.5736967584071431,542195.75,49275.897142857146,72235.17714285714
23555,0.8765453822670032,942160.7014285715,23003.155714285713,153333.66142857145
23570,0.8029239733925165,1112923.5814285714,38173.26142857143,140284.91571428571
23574,0.5621875002738304,1256194.6214285714,94245.17714285714,110620.70571428571
23580,0.7491805091549847,1110391.8942857143,48008.79142857143,139417.21142857143
23586,0.4708216615716662,1012857.3828571428,83613.92142857143,77157.44142857143
23660,0.9361224634232822,1534833.0028571428,14912.374285714284,307619.8357142857
23670,0.666914988762511,836464.4128571429,41926.40857142857,78267.53428571428
23672,0.8626175465866949,1445325.2,33213.44571428571,154184.44285714286
23675,0.6307679341416522,1014219.1485714286,36311.62,54691.73142857143
23678,0.6101711393562746,726717.7757142857,37309.60428571429,47200.58714285714
23682,0.49129424268791766,1928931.9842857143,126315.80428571429,125257.30285714286
23686,0.6640507525595369,587290.7757142858,34799.97571428571,58984.364285714284
23807,0.7386964270341442,909993.4985714286,24242.70142857143,64896.19857142858
23815,0.6346797628440541,860166.2914285715,33147.38,58808.700000000004
23855,0.6612955674680705,1177686.8699999999,45119.38428571429,84909.35714285714
25001,0.726984551943313,1088991.9571428571,68738.12571428572,182540.11571428573
25019,0.7061463142516038,1375086.1942857143,103178.69428571429,206030.52
25035,0.9527230003931094,1991071.3499999999,63666.27428571428,1207353.5642857142
25040,0.7660579267005866,890779.5985714284,56612.44571428571,134807.12857142856
25053,0.7760979722052246,1120555.3514285714,62941.845714285715,155634.27714285714
25086,0.5300884335125229,3012626.695714286,443433.8671428571,397853.07714285713
25095,0.5225579518619413,1941425.4614285715,244180.15857142856,207954.58285714287
25099,0.8785318108193803,1162784.362857143,68296.40285714286,267954.4285714286
25120,0.5507979952178381,1339926.1557142858,201939.34428571427,123574.58
25123,0.814520166166442,1051704.2957142857,67925.67142857143,221096.5042857143
25126,0.9899728881507467,901630.8614285715,7578.047142857143,682686.1799999999
25148,0.5638598845621018,1345542.69,111580.53857142858,122771.66428571429
25151,0.803442820469776,1078451.2085714287,60008.15142857143,212543.08285714287
25154,0.5674439118996005,1283542.597142857,109576.90428571428,113340.08857142857
25168,0.43546605408396216,1660260.5785714288,194695.95285714284,141569.02571428573
25175,0.9888362011300433,1401942.9042857143,8449.94,794338.3757142856
25178,0.7978393026622357,1628678.8800000001,86751.28285714285,298303.62
25181,0.8011371112847375,1276952.8357142857,78296.60285714285,301003.91285714286
25183,0.8235839851462059,917491.4014285713,61364.40571428571,228291.05857142856
25200,0.9340912207549807,829696.5914285715,34574.99285714286,391082.87142857147
25214,0.9968778828306414,3711002.9499999997,7113.732857142857,2773783.5785714285
25224,0.7004445528240578,1005581.6357142858,115669.76857142858,253141.60857142857
25245,0.8649801101464561,879966.9285714285,46357.08428571429,240659.0214285714
25258,0.37705475607036415,1761189.4085714284,243186.62857142856,125882.58857142857
25260,0.8848324799546031,697739.3114285714,41768.29285714286,255673.96142857143
25269,0.9375431254387226,714374.2057142857,23556.938571428567,241337.64428571428
25279,0.7511570462964281,1105074.6842857143,72302.40857142858,129060.5642857143
25281,0.41393927832261623,1372868.8642857145,264975.4242857143,91605.09571428572
25286,0.9903856046956888,1503735.94,5547.814285714287,909552.8714285714
25288,0.7573114370453801,1569512.8014285713,117326.11142857143,348905.01000000007
25290,0.9923781316283972,984662.2328571428,2682.355,319786.22571428574
25293,0.5550631708344577,3324985.564285714,274799.77714285714,305445.5442857143
25295,0.9041969809517887,867744.3728571428,49702.90142857143,383174.98
25297,0.6353854765380875,1473732.05,119962.67714285714,178950.20714285714
25299,0.5054463625418327,2290740.947142857,200847.72285714286,156545.05142857143
25307,0.9831446871557938,1047877.33,6867.925714285715,336685.64999999997
25312,0.7897573562279332,1168828.5542857142,86059.77,275960.45857142855
25317,0.7747953491225729,959813.4014285713,70642.08714285714,211151.69571428568
25320,0.8816171737870884,764503.7414285715,27136.62,192570.78
25322,0.8615630449263779,1171078.6033333333,79998.62666666666,456972.21
25324,0.5278174272614649,2154894.63,320403.4471428571,223337.23428571428
25326,0.7241874117877936,1482701.7657142857,110583.46714285715,222889.58714285717
25328,0.6052224314351997,1640852.0,142275.79285714286,153536.00857142857
25335,0.780191011062031,1894879.434285714,174417.29857142858,532948.2857142857
25339,0.49190371319767406,2365853.8285714285,217537.27285714285,131690.96285714285
25368,0.4798082198222254,3159683.7399999998,469011.8814285714,255645.04
25372,0.504048836572253,1602306.1785714286,136313.93285714285,103409.18714285713
25377,0.9576156216248533,944414.22,25499.395714285714,563416.3214285715
25386,0.9441389900156235,995503.4471428571,26085.76714285714,419118.35714285716
25394,0.5042850739358428,1194677.307142857,121521.60714285714,89196.05
25398,0.37350704491593695,2090755.6871428571,224818.89142857143,117971.22714285714
25402,0.9038188699351581,1082816.8800000001,51336.77999999999,440435.6185714285
25407,0.659238082320203,940248.6042857143,90589.85571428572,131423.41571428571
25426,0.5953053581112654,1653523.2628571428,165393.28,192042.17285714284
25430,0.9909467993922855,686578.9828571428,3588.957142857143,427871.54142857145
25436,0.5288862398800608,1453284.2014285715,171020.96142857143,112291.73
25438,0.5555579476651171,1146928.1257142858,107696.89,119973.77
25473,0.9933839689230838,1192321.5771428572,3526.8971428571426,585107.9014285714
25483,0.5729802068912847,2120527.5742857144,355835.53428571427,305909.01714285713
25486,0.8853023688917075,832815.9928571429,45798.624285714286,273414.6942857143
25488,0.8964320096826555,1124575.612857143,75581.11428571427,584881.2242857142
25489,0.5405793087080416,1796572.1157142858,270982.7385714286,194931.81142857144
25491,0.6488141081093824,1228889.2371428572,116063.74,160322.74857142856
25506,0.5002196861932475,1520963.1385714286,148819.2757142857,101191.14571428571
25513,0.8748567872355799,975835.747142857,30814.351428571426,193871.16714285713
25518,0.3566109413312069,2069075.0585714285,287752.34,107366.51714285715
25524,0.540445835106383,1478066.7742857144,146643.3442857143,147292.04285714286
25530,0.8490926183122554,1396785.3242857142,83618.88714285714,476150.0371428571
25535,0.6770721863424056,1021753.1142857142,72502.08714285716,108511.14
25572,0.7968011971220531,1013104.6728571429,106983.36142857143,375217.77
25580,0.41582754683172757,1866965.8185714285,227434.52285714285,130233.19285714286
25592,0.625692092221559,1750877.9085714284,212951.72285714286,205023.35428571427
25594,0.6716295807498242,1773246.0085714285,164904.06857142856,197980.57142857142
25596,0.492348659994176,1421093.1271428573,132481.7942857143,99247.73142857142
25599,0.7323345649978619,1266053.0242857144,107461.62,229708.64571428573
25612,0.9680085181532961,2328746.205714286,57198.422857142854,1391928.677142857
25645,0.7533212720123108,907488.7528571428,60445.805714285714,166164.95142857142
25649,0.6349914599546123,1262895.5028571428,85832.79142857144,106721.7042857143
25653,0.49281574234460457,1533815.1857142858,161860.5257142857,100900.26285714285
25658,0.780909078647073,947987.4014285713,63029.74428571428,208927.59714285712
25662,0.6357274680390227,1501970.5228571428,114761.04428571429,140584.5257142857
25718,0.7009013489816489,1276309.3499999999,122373.84,193386.9942857143
25736,0.9075725020482063,1213290.927142857,70697.10428571429,607706.0557142857
25740,0.9309255015776401,793823.4014285716,29081.22857142857,401545.2657142857
25743,0.8760448233958279,1038156.8357142856,45714.14428571429,264570.3857142857
25745,0.8114001379449082,970338.7342857142,61806.31428571429,196333.40999999997
25754,0.9891283704114235,602903.8942857143,1761.5571428571427,146852.99142857143
25758,0.9976791705340429,1365074.2114285715,1955.295,927018.7985714285
25769,0.8722877666263361,805226.6699999999,51347.60571428571,330408.37
25772,0.7961729649166726,586147.7428571429,50018.68285714286,162609.38857142857
25777,0.5778811842820691,1220287.4457142856,132565.21714285715,130639.67142857143
25779,0.6015469104379072,1566099.7542857144,123947.36142857143,131844.61857142858
25781,0.6682858030364219,885202.8485714284,123739.51857142858,154402.95857142858
25785,0.9132911809534904,684878.2342857142,35194.654285714285,314494.0528571429
25793,0.7775075310486762,1061504.5171428572,92825.60428571429,259115.10428571427
25797,0.7792796899146927,952968.3728571429,64325.35571428571,199245.70857142858
25799,0.9956460431400121,2005264.9585714284,8313.992857142857,1686884.8800000001
25805,0.5614633642044771,1524254.6128571427,156459.35142857142,159922.57857142857
25807,0.4835105448381147,2086530.1842857145,247945.2242857143,155516.46714285715
25815,0.8341557103319011,1200251.2628571428,65731.11714285714,293186.6942857143
25817,0.998316945066718,2695166.945714286,3075.786666666667,1883618.7214285715
25823,0.28653574379683694,1697205.8314285714,297418.17285714287,68862.93142857144
25839,0.6128166859917498,2030256.7899999998,165228.32857142857,226434.55857142856
25841,0.6164870564543429,1208655.9428571428,133023.15,128047.21999999999
25843,0.9264804938976339,670228.3342857143,20890.81142857143,205258.6414285714
25845,0.6534806876023909,1274971.9800000002,105724.66857142856,130885.55857142857
25851,0.516202647030193,2253031.364285714,209518.55714285714,191311.10142857142
25862,0.46874931638487505,1485680.8242857142,158208.1585714286,100145.09857142858
25867,0.46720513783623835,1427464.2928571429,258200.40714285715,128600.52
25871,0.3985145533679873,2945195.4857142856,408481.57,197114.71142857143
25873,0.7914236611368107,980930.8899999999,64073.99714285714,195733.76285714284
25875,0.8979363566561288,971637.5742857142,52659.51,336747.5742857143
25878,0.7163784335267639,1131852.18,70247.63571428572,157485.55571428573
25885,0.4289368453009927,1591670.587142857,125209.31999999999,71519.61428571428
25898,0.5753297038330011,1311259.67,176532.68714285715,188711.87000000002
25899,0.9842948069475971,953620.8985714285,7123.577142857142,331732.19857142854
27001,0.895510796316011,1499284.6857142858,16166.11,205121.82
27006,0.5663858320641232,1231663.5157142857,95025.15857142858,111741.89285714286
27025,0.5086233068263352,1134967.4228571428,69977.48,136116.69142857142
27050,0.4499303280688767,1922048.0242857144,250752.10714285713,199937.7557142857
27073,0.43010712688503683,1721717.1871428571,181902.02,181988.36428571428
27075,0.7081482063075185,1582584.672857143,90796.79285714286,234059.39142857143
27077,0.765815740610087,1070055.4142857143,64671.58142857143,229353.4742857143
27099,0.44703362805650954,1480937.5585714285,166964.1,179813.82714285716
27135,0.46671205462561993,1999972.5357142857,195061.06000000003,157415.96142857143
27150,0.510311239244098,1139021.4842857143,147969.40142857144,252612.9085714286
27160,0.3993884959139738,1637687.1785714286,252081.54571428572,195152.59000000003
27205,0.4425105806036389,1580524.0957142857,163960.55000000002,125440.38428571429
27245,0.5760735538134336,1164903.1214285714,122164.05142857143,159032.38428571427
27250,0.6648609315535348,954202.6342857142,125563.03714285714,280684.29285714286
27361,0.6865057757895336,1512783.2171428571,61570.58,147871.41
27372,0.5245126266030374,1640749.73,265854.21857142856,395062.59714285715
27413,0.4128967207927164,1860755.1683333332,223696.37666666668,181076.05333333334
27425,0.5141679862020199,1302755.412857143,143437.60428571427,274443.3028571429
27430,0.5728419508069674,2041433.8316666668,201953.22166666668,337751.7783333333
27450,0.4040119964134627,1531390.8542857144,209875.68,205296.01285714286
27491,0.49303893391780224,1589887.527142857,191758.72,232901.87142857144
27495,0.4395391730506823,814103.6171428572,117472.33857142857,75059.02
27580,0.2849883838327648,2044080.0071428572,295129.65,161941.74857142856
27600,0.3964490098135961,1756604.4428571428,209079.14714285714,146481.16714285716
27615,0.660391473250782,787042.5728571428,39709.969999999994,173754.10428571427
27660,0.45967851227508205,1956404.8457142857,214900.71714285715,233456.72999999998
27745,0.5362719722875805,2464931.8771428573,346071.6157142857,1009818.4657142857
27787,0.44595917625136877,1322863.8542857144,118914.0842857143,91054.18571428572
27800,0.4719167498995359,971403.39,106753.46999999999,136681.77833333332
27810,0.4190977449400362,1269118.9085714284,215674.9085714286,136660.67
41001,0.9656271633483612,1225864.102857143,9558.067142857142,267126.33285714284
41006,0.6561810322842814,1071889.14,47235.729999999996,80242.34999999999
41013,0.5295009246774609,1477762.5585714285,116135.28,123433.35571428572
41016,0.8230214224512403,1366202.4557142856,56379.37142857142,248458.67142857143
41020,0.6213854941244865,1798134.847142857,63867.612857142856,115161.14428571428
41026,0.6705320665244281,1284144.6271428573,139089.4057142857,245629.81857142856
41078,0.44353439751121687,1468014.0285714285,189499.96142857143,141240.41857142857
41132,0.8517652267313512,849640.8357142856,27073.664285714283,128966.05285714286
41206,0.2890218575500155,1329094.8699999999,180542.00714285715,61561.97285714286
41244,0.47052221641331704,1471608.0042857141,186997.94571428568,117090.74428571427
41298,0.8603920214467203,794601.4400000001,22481.582857142854,120591.15142857144
41306,0.7325659427952924,879351.5142857142,49136.47285714286,105191.87428571428
41319,0.5702051890240898,978321.87,70813.90857142858,80925.48
41349,0.5637021807607966,1354497.1614285712,139919.40857142856,159335.64428571428
41357,0.3550871389490432,1297315.6785714286,117907.78428571428,52571.68714285714
41359,0.680785370292724,977472.6242857144,36716.92857142857,60541.111428571436
41378,0.515883759904151,1117181.9114285714,82516.52428571429,73215.75428571428
41396,0.8323001681261578,812063.2142857143,22838.102857142858,105231.32571428572
41483,0.3643909339637766,1155757.6442857143,144480.1157142857,58816.978571428575
41503,0.4326134199781362,996156.4142857144,95651.13142857142,49582.42142857143
41518,0.5597609694193364,1168358.4214285715,137888.38571428572,150786.76285714286
41524,0.9103505752675746,1256086.2614285715,40952.811428571425,405379.0742857143
41530,0.4214924575134401,1195097.78,104155.06714285714,57727.205714285716
41548,0.4904932962217027,917121.2414285714,72393.31571428572,61241.90285714286
41551,0.9223074838957458,1268351.8214285714,19689.25,167633.4742857143
41615,0.8055093096845419,857608.9799999999,68390.57714285715,248252.88142857145
41660,0.4330759825560255,1242367.6199999999,96478.34285714287,61286.33428571429
41668,0.734617802158403,1028042.6514285713,30679.88142857143,72094.81142857143
41676,0.46406458522878236,1191266.6483333332,111153.31,95810.55666666666
41770,0.6192470260444777,928356.4514285715,65386.41857142857,83176.24571428572
41791,0.5403137935494342,927248.2385714286,63983.20714285714,66547.14857142857
41797,0.6896724747340616,991525.96,78237.37142857142,152656.14714285714
41799,0.5893257693977496,1136240.1814285715,94493.14571428571,114790.64857142858
41801,0.47322782464806334,1165217.6214285714,98954.05857142856,86096.26428571428
41807,0.6264303360630737,904482.5885714286,48567.17,73784.70999999999
41872,0.5834690501673153,1458495.5242857144,119778.97428571428,141284.6542857143
41885,0.8363836698947276,1754729.31,101093.25142857143,484540.0485714286
44001,0.893687366756719,1513820.2871428572,18607.394285714287,129011.45999999999
44035,0.929591409869228,2045900.2014285715,35376.11571428571,492671.80142857146
44078,0.7818286682627769,1408985.2871428572,44028.45285714285,111207.49428571427
44090,0.7841105527548043,1152024.4957142856,39360.700000000004,142756.27714285714
44098,0.4167388462494455,838911.4214285715,84630.93000000001,60355.897142857146
44110,0.45310933135590475,2440506.021428571,175773.2742857143,183902.72999999998
44279,0.8163904755909004,916806.4642857143,23295.920000000002,115100.49428571427
44378,0.603248799337283,1680957.8442857142,100910.13714285714,141681.00285714286
44420,0.46989354247121107,4812190.172857143,316273.74571428576,340483.72428571427
44430,0.8194071958375664,1526139.722857143,17752.23857142857,69959.07714285715
44560,0.5633340709836908,896837.6542857143,28983.79285714286,31911.547142857144
44650,0.7911032561728361,1020603.9314285713,30609.260000000002,99636.66
44847,0.79266338610777,1240408.972857143,18683.602857142858,66717.86571428571
44855,0.4231270934349716,1152538.1242857142,129234.13857142857,66499.25857142857
44874,0.6478130173524317,955475.1542857143,30756.66285714286,54100.61285714286
47001,0.9975654812262321,1203785.0614285714,1095.9371428571428,320768.98142857145
47030,0.40543460793524855,938835.6814285713,82902.01714285715,49414.94857142858
47053,0.6803105553149703,947102.1842857143,32222.894285714287,63813.48857142858
47058,0.7314571196778682,956350.6771428572,39104.044285714284,85792.59
47161,0.39908388850233517,734146.8585714286,131576.04285714286,40908.9
47170,0.3098149741146587,1018601.2357142856,128658.85571428572,39282.61
47189,0.9042848268890553,1449260.744285714,15411.525714285714,132856.38714285713
47205,0.27349516530814943,1089359.76,114352.02285714286,27034.937142857143
47245,0.7785500389110637,871580.7899999999,22140.58714285714,75422.66428571429
47258,0.285230304071,985020.9916666667,79026.17166666668,29357.813333333335
47268,0.5190743531296445,1098519.0957142857,76922.83714285714,76686.82571428572
47288,0.8016086932302919,1016256.8185714285,20341.891428571427,76858.32142857143
47318,0.6141783374512765,771268.6328571428,32823.97571428571,47517.33
47460,0.4662948748657961,1128857.3114285714,105600.09571428572,94989.46571428572
47541,0.14141302130052086,1477711.9914285713,137251.16714285716,25437.25857142857
47545,0.4583970197876975,1232677.8114285714,124892.16,96232.67571428571
47551,0.7976587459309419,981225.8257142857,24937.571428571428,92236.35571428572
47555,0.7901666896603349,823220.0328571427,22110.12,71058.9842857143
47570,0.5617646026049721,728684.0342857142,35760.69285714286,52609.65285714286
47605,0.33860748060328777,834233.6985714285,122227.47857142857,45697.29142857143
47660,0.2987288785612047,1061510.0342857144,108269.38857142857,45919.52714285714
47675,0.5027455414045091,1504605.9242857143,121727.2957142857,123903.65000000001
47692,0.4242101211643781,1128073.0814285714,78801.64142857143,55101.87142857142
47703,0.2930679088458149,1130632.9514285715,110667.32285714286,45624.98285714286
47707,0.6442233747622863,849025.0499999999,40369.611428571436,64832.77857142857
47720,0.305930132659269,1090346.8714285714,122025.02428571429,49546.94285714285
47745,0.8487460259505798,980564.0742857142,52785.368571428575,278750.2528571428
47798,0.4030389700606846,1074890.2814285713,107644.45285714287,71395.0142857143
47960,0.14313493409835343,1237779.6633333333,173939.61666666667,25270.056666666667
47980,0.8055738432476964,695960.0428571429,19475.86285714286,77565.13142857143
50001,0.9685851166491932,1011715.4357142857,10395.631428571429,252628.71285714285
50006,0.9276917668181454,1138033.5385714285,47039.861428571436,406158.43857142853
50110,0.8923530459203075,2696004.1242857142,161940.30285714287,1279152.4285714286
50124,0.8843587737868921,1850483.662857143,130946.41,892820.2385714286
50150,0.9369368391493718,2710681.544285714,61424.22714285715,855372.2171428573
50223,0.6830785410066447,1076581.1785714286,108779.08142857144,161848.0871428571
50226,0.9132350013647875,1100214.7271428572,49941.39,492103.6957142857
50245,0.4932359531507783,1712465.1085714286,246556.69571428574,149061.08714285714
50251,0.5548558083787251,1361124.0057142857,140977.2,171151.7857142857
50270,0.5020769435842515,2125817.5814285716,182808.68571428568,175447.09000000003
50287,0.7028252950192624,1189630.8857142858,79330.80142857143,166916.12428571426
50313,0.9076434313675603,985437.99,22014.022857142856,223344.91999999998
50318,0.900889604981064,1642431.422857143,53974.73428571429,418644.4471428571
50325,0.4152518875179501,1841689.652857143,242877.3157142857,164803.26857142858
50330,0.5703500531657231,1619178.8185714285,151698.53,171440.59428571427
50350,0.6470976241619881,919041.0971428572,45692.14428571429,65457.45285714285
50370,0.5219084427222862,2008713.4985714287,165671.09428571427,190905.2757142857
50400,0.6254667386333185,1157358.6357142858,87335.78714285714,139095.62714285715
50450,0.4168238116922863,1935289.2928571426,241746.60571428572,180725.06857142856
50568,0.9446692211454909,2814709.272857143,97339.24285714285,1016441.8899999999
50573,0.9586292918920142,1634172.0685714285,37914.154285714285,819324.5014285714
50577,0.640664471764465,1256641.7585714287,118281.55285714286,193656.33857142858
50590,0.5889388435738517,1491945.0542857144,159620.88428571427,198665.25142857144
50606,0.8913348230909282,1070591.2785714285,55821.61714285715,465298.3085714286
50680,0.872658761669369,1160721.42,74678.10142857143,501339.8957142857
50683,0.6188507447202404,1065817.102857143,101169.44857142857,159174.06285714285
50686,0.3914572794916556,3379941.3714285716,400940.2014285714,217432.45285714284
50689,0.8844522886568909,792407.75,31440.445714285714,223878.35142857142
50711,0.6892852629339827,1084974.667142857,68959.12857142856,131793.10857142854
52001,0.9708748880498248,1269638.8399999999,9306.512857142856,255819.37999999998
52019,0.3251886771716625,1322734.8900000001,122839.48142857142,59793.20714285714
52022,0.2845538648356602,1341879.9971428572,121205.80428571429,43778.65142857143
52036,0.4034747337254222,1445289.1857142858,120134.65428571428,50310.98142857143
52051,0.26644900450026376,1183401.8242857142,169077.71714285715,40254.92571428571
52079,0.5250070957995565,730316.0871428571,38229.775714285715,46392.28285714286
52083,0.424624050895056,1346588.19,120285.17142857143,79289.07714285715
52110,0.5815977737857124,895536.3614285715,45075.345714285715,53782.08714285714
52203,0.37171949198542303,1314955.1614285714,126972.13,66925.72714285714
52207,0.4223008405662711,872970.0399999999,95180.57428571429,52165.147142857146
52210,0.46074786951486196,1837612.7928571426,187528.07,165196.70428571428
52215,0.5023019670454572,1126311.0085714285,86616.65857142858,67956.49714285714
52224,0.36337521240712345,1264368.22,123301.24428571427,82314.80857142857
52227,0.557889012156686,892352.7385714286,28749.53857142857,33693.228571428575
52233,0.37529489631500723,2288254.6442857143,299289.21,158801.1842857143
52240,0.7437754487974523,1360964.3585714286,80343.45571428571,194580.46142857143
52250,0.28338029353190136,780165.7957142858,98556.45714285714,45719.491428571426
52254,0.3799959081973938,1392115.4257142858,127691.25142857143,74014.70857142858
52256,0.25553734158223135,1072920.5142857141,144195.63571428572,41039.06857142857
52258,0.3647516635480737,1198326.7471428572,102989.1357142857,63328.83714285714
52260,0.5898388683897424,1108867.4228571428,82485.16285714286,114617.85714285714
52287,0.3624010099959385,1464370.4328571428,183927.82571428572,91098.79857142856
52317,0.5058174557474804,1220453.2785714285,66482.11,67803.56999999999
52320,0.45530236906088856,1109682.2871428572,102274.94571428571,64653.298571428575
52323,0.43107529352281493,1424082.2028571428,140643.23714285714,97418.47142857143
52352,0.5340008317777352,1489414.76,185671.96142857143,286904.2357142857
52354,0.5608262312845316,1979152.9342857145,144055.62142857144,151559.3785714286
52356,0.938410219412986,1295920.9771428572,10019.837142857143,167248.2542857143
52378,0.4821619320039003,1102586.9414285715,89486.53285714285,65724.57428571428
52381,0.3406480731221092,1304484.3257142857,138012.56714285715,64288.684285714284
52385,0.31114106131191827,1229116.8,145535.07,67086.86285714286
52390,0.23698052260634614,1653748.5999999999,289436.2057142857,94729.11142857143
52399,0.6742774919813977,889999.1714285715,34009.33142857143,61729.40714285715
52405,0.432252948900131,1425688.4014285714,151782.37142857144,108084.20285714287
52411,0.3819942384212701,1357062.267142857,115896.42571428571,65004.22285714286
52418,0.4081410847988706,1478608.5814285714,179151.90999999997,100952.30714285714
52427,0.29517252489353474,613324.8528571428,65853.25142857143,33965.934285714284
52435,0.36565737262314524,1110237.9885714285,118719.58857142857,65450.095714285715
52473,0.24444413704549595,1004302.7114285714,164247.39142857143,57808.00714285714
52480,0.5403929402001486,1721647.9842857143,204950.49857142856,117775.75857142858
52490,0.4465343644137732,937490.1857142857,80918.22,58849.950000000004
52506,0.4049586950594782,1580509.077142857,157591.6285714286,115639.05285714287
52520,0.2879013729190561,876522.6742857143,122927.34142857142,44929.298571428575
52540,0.535381246962701,1490478.06,122212.34999999999,153215.2757142857
52560,0.361920348232344,1175905.9257142856,88887.66857142858,43207.32428571429
52565,0.21981800830235176,1415070.657142857,193757.9557142857,57536.280000000006
52573,0.5350643348334627,1534443.8457142857,119217.31999999999,128234.48
52585,0.5110586075102688,1072612.1185714286,70488.78714285714,73267.81142857143
52612,0.41288810964446376,1027464.9199999999,101850.54714285715,63259.25428571429
52621,0.3750352079025614,1189077.6857142856,114616.8857142857,74625.70571428571
52678,0.6367459320947716,1015867.0357142857,46594.270000000004,62337.9
52683,0.5728685732275797,1102287.7,52388.64,70264.99857142857
52685,0.29456792737606935,1266449.1414285714,142160.24714285714,58365.654285714285
52687,0.3573891337860144,1145210.4857142856,70735.30428571429,41429.62714285714
52693,0.515180103952226,1150217.4785714285,71762.86857142857,68903.94857142857
52694,0.337639393630929,1376807.5414285713,193605.84857142856,86685.92428571428
52696,0.31488436844539114,1027297.8471428572,182139.22714285715,80654.82857142857
52699,0.4129797786716604,1256078.9599999997,148008.90285714285,119324.9842857143
52720,0.3686334630823644,1134850.2357142856,141354.94,75994.85571428572
52786,0.5599194577289898,1107312.4671428571,75430.9742857143,92430.92428571428
52788,0.5387552935651116,1072936.0057142857,110469.35428571429,121098.93714285715
52835,0.780298184150409,958923.4299999999,17983.24142857143,64133.75428571429
52838,0.6652999899494815,887118.1885714285,337936.78285714285,59964.810000000005
52885,0.41065368335360436,1195322.8657142858,116880.24571428572,62750.86714285713
54001,0.9753559087802136,1178755.427142857,5931.248571428571,233290.04428571425
54003,0.6807564939730227,842605.1371428572,34965.52714285714,62670.92
54051,0.391124836542932,1133104.6857142856,134163.30857142858,59768.94714285714
54099,0.6258278836444007,1009883.8771428571,107677.60714285714,136856.48857142858
54109,0.31623117573022863,1198428.33,189132.02714285714,73281.50571428571
54125,0.3565924235967578,2262173.047142857,373224.13,181834.9342857143
54128,0.4027738135447871,1007686.9400000001,92060.65714285713,56487.84857142857
54172,0.7914312578473769,789311.5614285714,52881.577142857146,170255.06428571427
54174,0.5887163474245737,1138245.5114285715,103121.52857142859,120530.1
54206,0.5326069010560237,1102701.9414285715,74877.38,87995.18285714286
54223,0.35795558739154776,1427298.3699999999,160610.17285714284,66455.58142857143
54239,0.4586604802674801,1678889.107142857,209112.47142857144,129278.79285714286
54245,0.4370394628648265,1285124.5785714283,127798.09142857142,74088.89285714286
54250,0.4676284290395149,1107605.0857142857,95655.65714285713,82603.92857142857
54261,0.7997941616810179,915680.1928571428,40442.17142857143,153743.33428571429
54313,0.45751670992362936,1067996.6842857143,116905.41,82432.2757142857
54344,0.2584330476546025,1250693.1614285714,165884.32428571428,61002.450000000004
54347,0.3365984322408289,1031034.2042857142,149693.85,58066.642857142855
54377,0.6160167223577062,1433499.4485714287,140322.76285714286,220488.77285714287
54385,0.5691281299586516,1066884.557142857,112747.03571428571,143900.25
54398,0.33695220114495206,1257973.1557142858,148809.38999999998,72020.93428571428
54405,0.9322521473874323,698947.5185714286,17323.967142857142,243265.79857142858
54418,0.3664611184528992,1544219.8314285714,226106.90142857144,88916.26714285715
54480,0.39698956927549783,1271889.4542857143,169790.69142857144,84318.94571428571
54498,0.8819903343496007,650412.5228571428,16468.97,99092.17857142857
54518,0.8785262751656641,565644.9299999999,18619.588571428572,116676.06142857144
54520,0.4876558793128495,1289193.8442857142,170422.2814285714,140602.74285714285
54553,0.4645921607995434,1441902.1328571427,114114.37285714285,77037.34857142856
54599,0.4307562323414859,1494435.2042857143,164861.21,75996.79714285713
54660,0.4329112493746351,1048574.7442857142,102741.70571428571,64577.71
54670,0.34041026024382326,1163442.0628571429,136269.97428571427,68334.86285714286
54673,0.6905420879462401,1405024.5985714286,142165.35142857142,259632.62999999998
54680,0.4029455282263486,1599357.392857143,241404.03142857147,106206.13857142857
54720,0.617635717140996,882434.9657142857,63504.432857142856,78839.18857142856
54743,0.5819805885983368,1178968.847142857,148850.30571428573,163988.08428571429
54800,0.4640840626634913,970307.5700000001,89808.4357142857,74253.05285714286
54810,0.8000201600355653,778530.5771428571,37487.177142857145,132443.10714285713
54820,0.7825808481112047,1391276.9357142858,89484.41285714286,315861.54142857145
54871,0.3539160561096513,1543723.152857143,233904.57857142857,102906.93714285715
54874,0.920645087937734,917048.2014285715,16993.304285714286,176835.6885714286
63001,0.9741462968818452,1027827.0385714285,9242.157142857144,312144.92
63111,0.5335397252354841,1465818.4142857143,181950.19714285713,183154.76
63130,0.9028204478660524,719502.73,23380.05,203673.74166666667
63190,0.8516321565076509,748238.1,28511.485714285714,154790.90142857144
63212,0.5248329667141948,1222961.9614285715,107337.18285714286,107495.69714285714
63272,0.8147825543954347,1048039.3942857143,63641.927142857145,214657.13142857142
63302,0.5905546396507726,1150602.2728571428,94064.86,119845.57999999999
63401,0.9069561750255771,987414.0366666666,31190.228333333333,282328.08
63470,0.853733019764992,815662.1242857144,27637.654285714285,142920.57
63548,0.5847993105060791,1291696.277142857,119187.26285714285,158362.62857142856
63594,0.8809307277256622,902313.4057142857,30476.932857142856,199264.87571428574
63690,0.8422986968616882,844711.1942857142,71698.95999999999,345007.41285714286
66001,0.9876601703829895,1344864.0057142857,6629.580000000001,503048.3971428572
66045,0.6432808977012269,1007892.7785714286,70218.60857142857,110233.94428571429
66075,0.820483264490058,1452014.4457142856,111136.52,487592.0642857143
66088,0.7838152853461662,890261.1900000001,45876.280000000006,131709.70285714284
66170,0.9849883510647901,966639.3928571428,4247.828571428571,262876.4328571429
66318,0.5988621589204721,1086856.817142857,74302.31857142856,101639.20285714287
66383,0.5568087068934984,1224277.4014285714,94319.31857142858,104414.82285714286
66400,0.8744560373518617,965033.8657142856,32420.565714285713,164567.48857142855
66440,0.6762805634251919,882753.5242857143,63721.101428571434,119836.80142857143
66456,0.45737011285089496,1046401.7485714285,93820.43142857144,71004.71571428572
66572,0.45534499370890735,1119582.517142857,106025.16285714286,90061.23571428572
66594,0.7832078411602582,829877.6157142856,27653.461428571427,92636.42571428571
66682,0.9192569831031864,669697.7642857142,18739.13,191680.25285714286
66687,0.7253879505443851,956500.1071428572,67051.32428571429,165096.43285714285
68001,0.9760071162803944,1169324.3157142857,13308.45,513591.5742857143
68013,0.26947085674388366,2356713.772857143,466909.8457142857,140342.70142857142
68020,0.6852035331340532,1802292.2842857144,189458.01285714286,369843.83285714284
68051,0.6092488033596759,1272007.8728571427,124177.07428571429,162703.9942857143
68077,0.8341134927066282,688126.3157142857,39145.27714285714,161117.31714285715
68079,0.8043501963730301,1150956.7228571428,82856.30571428571,340107.17714285717
68081,0.9974956887562437,1999059.3857142858,2419.43,1068258.6142857142
68092,0.7423170005675244,2174070.8214285714,207327.35857142857,529536.6471428571
68101,0.5375947101043209,1241833.9885714285,106099.19428571429,121131.54714285713
68121,0.3888673011758908,2549944.487142857,451439.1242857143,240004.03285714285
68132,0.5333117480342162,1884635.3771428573,235260.11000000002,198466.70857142858
68147,0.5684968611706104,1807695.08,155044.1585714286,127363.23285714285
68152,0.2936975491761462,1815519.76,283106.1871428572,105413.45285714287
68160,0.3227637165415688,1943968.2271428572,404312.85857142863,148645.51
68162,0.510407723745477,1287180.8742857145,133139.53,125098.45857142858
68167,0.7650372416198733,1115117.807142857,59251.49285714286,145861.7142857143
68169,0.4488774348566792,1744186.8,241772.24142857143,161637.75142857144
68176,0.4353203906005905,2376771.165714286,317148.5485714286,234664.42714285714
68179,0.4702482345451454,1495157.0885714286,172380.90714285715,129701.06000000001
68190,0.9162714702434093,1362423.6933333334,41179.736666666664,424400.92333333334
68207,0.4769847314137296,1401069.7285714285,140403.46285714285,88832.72857142857
68209,0.4785511549204126,1945573.2083333333,278197.12333333335,235593.525
68211,0.5363652509497535,1514426.822857143,183126.19285714286,140069.43571428573
68217,0.43809023015895987,1552489.2071428571,193854.03714285715,112600.42142857143
68229,0.6415287556735293,986007.717142857,81394.31000000001,128612.19857142857
68235,0.6548183683592794,844810.8642857142,60768.822857142855,104159.1557142857
68245,0.43663036380496134,2212832.5628571426,317502.2457142857,164567.97142857144
68250,0.31555222715054754,1530759.6357142855,263381.4471428572,86448.31714285714
68255,0.585747401529075,1170765.1957142858,87978.87428571428,106758.21
68264,0.3826747573128411,2124669.367142857,284677.63285714283,160502.24142857143
68266,0.3560018814281949,2070328.5057142857,253490.4557142857,133201.67857142858
68271,0.8054049370388985,2254329.2385714287,203234.23142857145,822125.7528571428
68276,0.983318126297043,1009438.4871428572,6947.305714285714,395074.91285714286
68296,0.4294728568325726,2897765.9171428573,329345.98285714287,234997.0
68298,0.41053643749140595,1968718.1857142858,281155.07,159454.83571428573
68307,0.9881978309246294,1142798.77,4065.9185714285713,324477.6828571428
68318,0.44662541081629775,1304162.6714285712,157704.23857142855,96295.88285714286
68320,0.539183373780346,1487794.9614285715,168018.64142857143,158094.88714285713
68322,0.5626323448902343,1769939.6557142858,254464.90714285712,290509.28714285715
68324,0.4996270844320238,1523932.5,166196.0957142857,132422.49857142856
68327,0.6233613771407216,1430074.8957142856,134473.82714285713,209330.30857142856
68344,0.3964357079389683,2158345.5742857144,365257.2642857143,167926.9642857143
68368,0.766310088423894,2597500.3514285716,278186.6,788674.0857142856
68370,0.25836920591770557,3700227.534285714,856712.7357142858,271721.5057142857
68377,0.7300910713275686,1576450.434285714,139127.10714285713,353908.4314285714
68385,0.6209875873562665,1437166.7928571426,101758.38428571427,149584.95714285714
68397,0.46689445569978844,1513863.2957142857,169778.78714285715,113312.77
68406,0.9287921507262968,880673.9299999999,27140.237142857142,328377.4714285714
68418,0.7811221427373999,1147740.5357142857,78725.5942857143,268016.14
68425,0.30438382221011484,3078081.0742857144,567266.65,197223.32428571428
68432,0.7443319611380019,875265.3028571428,59217.55857142858,148235.71285714285
68444,0.5827383622941048,1835875.6271428573,134086.96285714285,158696.26
68464,0.5642957155969618,1282225.7371428572,114390.83142857144,138520.9942857143
68468,0.35390881553854203,1684223.4014285714,265179.72285714286,133960.2457142857
68498,0.5061920309480092,1165505.4185714286,120947.74714285714,111813.87142857142
68500,0.6953231574036273,1172152.1442857143,93717.38142857143,174113.22428571427
68502,0.41218395442040634,1779263.7971428572,259029.90142857144,269032.6842857143
68522,0.4058402913745381,2898997.181428571,597429.5614285715,281783.11142857146
68524,0.44296832526886104,1751547.8185714285,246254.96714285715,174797.2185714286
68533,0.613359933498231,1278618.5057142857,136512.01428571428,183698.1242857143
68547,0.9857079298515955,1010320.0985714284,4883.428571428572,283193.5857142857
68549,0.7801503615898805,1756008.734285714,107431.86142857143,325319.28571428574
68572,0.8797990041294875,1279729.3157142855,61750.654285714285,425206.75
68573,0.7556710807190912,1322432.2157142856,137771.1842857143,399970.40571428573
68575,0.8498004607885179,972841.5828571429,37660.572857142855,213287.08000000002
68615,0.870323241882957,885820.4285714285,27191.324285714283,175170.7557142857
68655,0.8391825077651643,1584026.142857143,85534.55285714286,257293.70142857145
68669,0.6085778979318708,1237860.1085714286,105778.64714285715,131270.14571428573
68673,0.3900429708505129,1486628.7471428572,198532.55714285717,90933.65285714286
68679,0.921971115496765,758287.8528571429,25418.492857142857,276938.73
68682,0.38526238734927054,1790941.065714286,336181.10714285716,107373.42285714285
68684,0.4073937614755177,1861898.917142857,225644.60571428572,145762.0342857143
68686,0.3005418973522949,2491510.182857143,400426.5028571429,144760.95571428572
68689,0.8621208138015152,1050323.4014285714,32036.30571428571,192646.93571428573
68705,0.3916722634664976,1985167.4457142858,313121.4742857143,178957.6557142857
68720,0.41533334866304233,2161799.9742857143,240182.4485714286,176113.57285714286
68745,0.6496307282010009,1196367.2528571428,126295.12142857142,197758.26
68755,0.9068383729959386,789880.1328571428,27764.737142857142,257652.10857142857
68770,0.6013237984791306,1240308.6857142858,99710.88285714286,137071.97142857144
68773,0.4119890693361027,1316326.337142857,136980.29285714286,79304.46428571429
68780,0.39639605686621554,1648037.8485714286,234034.83428571429,133640.64428571428
68820,0.7035920639191939,1153248.8114285714,89715.33714285714,199696.09285714285
68855,0.5735734882989696,1228515.847142857,123513.11285714284,144725.36428571428
68861,0.7943366803083819,881214.2071428571,45798.62857142858,145247.1885714286
68867,0.42371316604052517,1200500.5671428572,208169.35571428572,109002.91571428571
68872,0.6842817997334641,1288504.5042857141,111571.97857142857,150509.71
68895,0.8302339071203461,1129427.317142857,72624.74428571429,230222.2442857143
70001,0.9894184739427558,1501459.8414285716,2810.335714285714,262209.46714285715
70110,0.5147933222564223,1447193.7799999998,119356.73571428572,99249.68714285713
70124,0.5252455917055452,1213668.5842857142,95340.24,97374.35857142857
70204,0.4169467051918981,1872161.505714286,238317.83,161774.07285714286
70215,0.8893413809207099,835504.3928571428,19773.904285714285,139630.73142857142
70221,0.9479916378537918,2295931.6314285714,79906.58285714286,1679855.07
70230,0.16851635576110635,2076878.785,407445.7683333333,76492.59
70233,0.4078553671470017,1085096.117142857,141216.82571428572,81247.18857142856
70235,0.5921982090820167,1150626.5585714285,57475.51285714285,87353.09714285715
70265,0.516497684221366,1352024.5128571428,119803.89285714286,105044.11571428573
70400,0.5202674219127402,1355156.9857142859,109843.26285714285,117104.88714285714
70418,0.4958859825213275,1058839.6199999999,73944.05857142857,60646.708571428564
70429,0.6077599533774273,1033601.7728571428,39531.287142857145,53738.70285714285
70473,0.49988247938870767,1164934.7814285713,85802.65285714285,77686.53571428571
70508,0.6463780656522553,1438676.8642857142,70003.35285714286,132044.97
70523,0.43990792298582815,1852076.2471428572,96555.09,69020.77142857143
70670,0.7279356560586595,1017573.8542857142,31076.742857142857,80045.95
70678,0.6386253893978585,974465.532857143,39941.9,68222.75428571428
70702,0.5372292451287634,1081694.5371428572,88570.43857142856,97646.29285714285
70708,0.8396840496265137,1217514.9514285715,22661.30571428571,100990.63714285714
70713,0.7472686601567833,1087900.027142857,29844.447142857145,82993.32142857143
70717,0.6412900164555565,1170052.777142857,69956.32285714286,101867.43999999999
70742,0.8313083644301826,2483256.8942857147,39780.58,223490.63999999998
70771,0.3810441799382764,572095.3371428571,41246.65285714286,19477.804285714286
70820,0.9186400154541506,1147101.3785714286,21726.737142857142,198363.2157142857
70823,0.7496213731772168,975132.9328571429,63825.44571428571,206561.12142857144
73001,0.9686709433144246,1073611.26,9988.534285714286,289321.54285714286
73024,0.5065065113110121,1956144.1516666666,194461.03333333333,165731.67666666667
73026,0.7831910015721205,1501203.0028571428,114437.56999999999,366925.5342857143
73030,0.64982939174852,1268634.112857143,111771.27,191773.0614285714
73043,0.37900052488719277,1272716.5299999998,152344.57428571428,51941.298571428575
73055,0.7952171317876383,1199906.2571428572,77579.2342857143,309511.5014285715
73067,0.5287068686609733,1301216.55,86821.46714285715,77268.05571428571
73124,0.8432148903564627,1171862.5085714285,53037.27428571428,258424.12142857144
73148,0.882420223614253,1172742.8499999999,74648.18285714285,465205.77857142856
73152,0.4308191220901108,1230650.1828571428,115763.84571428572,70724.59571428571
73168,0.8177769828883278,897583.0199999999,29330.20142857143,113025.4842857143
73200,0.7625485831982347,1542604.6514285714,119080.86571428573,354546.8014285714
73217,0.6259800462565613,1145931.112857143,58248.520000000004,90946.22571428573
73226,0.5116802338206776,1082813.44,95073.08142857142,107942.94857142857
73236,0.5073654780765746,1214936.3599999999,104059.71714285715,99288.48857142858
73268,0.9691417347595607,930914.8471428572,12728.797142857142,295639.92714285717
73270,0.4287266706843562,1164648.7814285713,102910.09857142858,66610.68285714286
73275,0.9372497392879982,770509.6542857143,26292.760000000002,349376.75428571424
73283,0.8135975269719641,925367.22,27528.28,94351.90285714285
73319,0.9029033012540667,928791.2899999999,27834.81428571429,246247.88571428572
73347,0.6328918803128989,1163868.6914285715,111279.28,177415.53285714285
73349,0.8706853190495646,882850.9371428571,46113.78857142857,271362.5742857143
73352,0.6354711326232394,960374.8828571428,69285.89571428571,88943.30571428571
73408,0.7905170268591849,914174.5542857143,58847.63285714285,217569.17428571428
73411,0.8411295070466973,847820.4828571428,27124.49142857143,128905.91285714286
73443,0.9042065120682479,839727.4257142857,24220.03857142857,216237.13285714286
73449,0.9500815906638401,1156679.7128571428,29126.87142857143,503106.7642857143
73461,0.4191480063569591,1248248.097142857,196796.63571428572,113083.82428571429
73483,0.605083231694464,1186039.8085714285,140892.72,147560.25428571427
73504,0.6805152048278303,899294.247142857,30552.24857142857,59946.514285714286
73520,0.5166047912236956,1174889.68,93958.35714285714,82808.27857142857
73547,0.7219651357795785,1710490.865,177093.05000000002,381421.67
73555,0.6949558382744783,1154243.8671428573,45741.72857142857,101642.36
73563,0.6890252598001853,1401139.897142857,98128.62571428572,183621.42714285714
73585,0.8406271921508148,1128186.4485714284,42994.88428571429,210094.30000000002
73616,0.5247719261999342,1169765.0628571429,74626.78428571428,68486.70857142858
73622,0.44911674033171983,1189800.3342857142,128166.47571428571,96429.37857142858
73624,0.6079123166388466,1137396.3785714286,67567.16571428571,87544.12571428572
73671,0.8180417470097469,1218565.5328571426,75364.58714285714,300212.2728571429
73675,0.5150874844799114,1209926.4714285715,87195.81571428571,90919.39571428571
73678,0.7054595334187125,1179661.43,76009.48571428572,128779.27142857143
73686,0.4912079177647699,1457406.11,125632.88666666667,98875.59833333333
73770,0.6160357283201332,1812968.5814285714,235985.33285714287,312706.0714285714
73854,0.44255722082419285,1785290.1714285712,187094.34,106669.21714285715
73861,0.7324251549888077,1072892.852857143,80912.17571428571,204345.20285714287
73870,0.553174220893962,977874.8899999999,69603.93285714285,65299.48285714286
73873,0.3730781664489124,1382661.58,160256.5514285714,75937.66428571429
76001,0.9745894062726009,1174630.06,15646.182857142858,506655.6642857143
76020,0.7072252641729283,947450.2185714284,74278.12714285715,157665.51857142855
76036,0.8547412909279527,729084.4928571429,39970.24714285714,214468.71285714285
76041,0.7519473481512432,935255.74,51595.24714285714,155343.35285714286
76054,0.47001444623382066,1247114.5042857141,149740.11285714287,122083.13857142857
76100,0.671416298433208,845582.7271428572,61700.985714285714,116620.2757142857
76109,0.9889374074880618,1319110.9328571428,2022.7285714285713,285737.9457142857
76111,0.9522132074291761,1090298.34,21923.95285714286,319922.5571428571
76113,0.8938358190122677,1011081.1185714286,69441.65142857142,515341.9314285714
76122,0.8476600478509474,786909.9771428572,25924.10714285714,130414.26142857142
76126,0.8662374155803185,986595.2714285713,47942.032857142854,283777.4857142857
76130,0.9937972755635587,855200.7842857142,2648.2757142857145,405463.67714285717
76147,0.9485185792722205,1063101.2828571429,19032.747142857144,241253.42285714284
76233,0.8603421424640109,695764.6542857143,26847.57,162964.00857142857
76243,0.5326532597910852,1035061.4457142857,81695.40000000001,86345.55714285714
76246,0.4497265655342065,1124491.2114285713,115764.80142857143,77627.91
76248,0.9466670539890096,712229.7828571427,17928.184285714287,281246.03714285715
76250,0.6738948207081394,1527531.2542857144,81763.59,152905.31714285715
76275,0.8752908053441226,649533.1642857144,18787.167142857146,128845.41428571429
76306,0.8568123753825642,782521.3828571428,38119.031428571434,207498.0142857143
76318,0.893598378174773,729698.8057142857,29291.30571428571,201382.88999999998
76364,0.9813240201563023,945822.0628571428,8128.097142857143,344200.91571428574
76377,0.7486930400756058,854331.2766666667,60922.128333333334,146032.035
76400,0.8792581313654523,778548.0557142857,32794.93714285714,200233.66142857145
76403,0.7605293642137958,1126391.7899999998,73668.66285714286,210489.10714285713
76497,0.7529084607961305,1026605.5199999999,69133.49285714286,204088.16
76520,0.9897664660197755,1149811.6714285715,4618.891428571428,405617.16000000003
76563,0.8797662080321896,569884.0385714286,26456.332857142854,211095.7742857143
76606,0.7736698975945434,931873.4042857143,53957.544285714284,172835.05857142856
76616,0.8319331377077088,1132323.027142857,56827.967142857146,268595.9214285714
76622,0.8812415482267214,742413.4057142857,24643.825714285715,177619.11571428573
76670,0.8683990360532177,755693.6085714286,47798.6,235403.10857142857
76736,0.8543233300037665,842452.5114285714,20946.147142857142,115392.08857142857
76823,0.6846296892818663,911378.3771428571,63765.17285714286,131791.50857142857
76828,0.6379702058307027,947655.2542857144,58877.067142857144,91928.56285714285
76834,0.9781822074611976,1037219.2957142856,5262.599999999999,247951.95285714287
76845,0.6140766201630041,1173982.372857143,113281.91714285713,165725.2357142857
76863,0.6171993841302926,1295850.9985714287,73928.88428571429,129597.56428571428
76869,0.7187941354253861,758779.3457142857,54601.55857142858,136301.24714285714
76890,0.9098649209395641,1407418.8528571427,67793.53428571428,359768.10571428575
76892,0.9963132094842307,2124585.2928571426,4721.142857142857,1379368.4857142859
76895,0.9490246214559577,795497.3928571428,20490.62285714286,351824.3385714286
81001,0.9258006142044362,1413478.667142857,19279.56142857143,217820.53714285715
81065,0.8473712497129748,1240325.6485714286,28826.784285714286,119927.82285714286
81220,0.33319743558519155,3739711.96,234684.20714285714,102836.07571428572
81300,0.5802379920992138,1142866.4085714284,71619.41,86365.06999999999
81591,0.4637215064102932,2277409.7785714283,173052.05571428573,169966.15714285715
81736,0.8665034841279943,1207062.57,24395.721428571425,160040.44571428568
81794,0.806003156784544,1012405.0242857143,34365.677142857145,127223.68000000001
85001,0.971887575602889,1276125.337142857,12854.47857142857,367120.2442857143
85010,0.9429348738193807,1716551.2071428574,26906.825714285715,518161.72428571427
85015,0.4520889142195843,3509493.742857143,357663.2385714286,326075.3142857143
85125,0.637256783424216,1092628.4114285714,99621.02428571429,165650.92285714284
85136,0.2930227442034255,3755328.7242857143,700816.49,258069.50285714286
85139,0.9064494381579076,1634345.2428571428,58474.00285714286,565718.8557142856
85162,0.9569127374352465,2012801.2642857141,52679.09714285714,1184589.087142857
85225,0.6934401431475707,1562158.0242857144,130425.76285714285,252702.17571428572
85230,0.834092966901262,3111185.882857143,140038.38,668463.6900000001
85250,0.8964896812487178,1278464.9585714284,25196.268571428573,194005.9842857143
85263,0.7776279850220469,1446394.2971428572,112589.25857142857,369361.37142857147
85279,0.34605839075183376,4615162.422857143,575937.5342857143,299014.02142857143
85300,0.9173373051533871,3551483.3085714285,161751.88857142857,1856705.5557142857
85315,0.281226088888403,2696131.2557142857,515658.96714285715,209465.52857142856
85325,0.7677785416501784,3011937.36,136398.38857142857,414451.46857142856
85400,0.3442960816245299,1542316.0885714286,227842.02857142856,111732.9842857143
85410,0.9116163632387566,2327032.3571428573,101967.55714285714,770920.9014285713
85430,0.6788441595472838,1195572.832857143,98129.14285714286,185717.11285714287
85440,0.9301054034239119,900598.7742857143,32086.104285714282,365043.75999999995
86001,0.8931650032453528,778082.7514285714,20573.66,150808.9857142857
86219,0.5134137891009763,1384699.2614285715,117186.49,113156.18714285715
86320,0.8455908149549192,1097744.852857143,29375.28714285714,156553.1985714286
86568,0.8609404780342335,943420.0257142857,25500.47857142857,120242.75571428573
86569,0.5612734153291079,1388535.7385714285,134916.18142857144,124058.96857142856
86571,0.523513645972637,673044.34,53080.74666666667,71613.71500000001
86573,0.6718777202161135,759673.2028571429,32700.707142857143,121706.9742857143
86749,0.6085041667991391,914333.2314285714,58475.69857142858,77010.93857142857
86755,0.4753766664500116,1084158.357142857,71841.90428571429,55610.59714285714
86757,0.6603662955105383,1089672.8428571427,62076.05857142858,133614.54857142858
86760,0.55786071439797,1726570.3342857142,123446.52714285716,138619.88857142857
86865,0.7982418718367615,1209080.7357142859,39332.22714285715,158476.89285714287
86885,0.8304608422635305,1288121.75,49435.22714285714,224016.80428571432
88564,0.18208781415993766,8654372.661428573,6106864.4028571425,333224.1642857143
91001,0.9208862320446478,933602.5685714285,29793.65,236477.0042857143
91540,0.5094534322418852,1539454.6128571427,133564.01714285713,156064.56428571427
94001,0.783429325076245,1065021.7371428572,42056.44,148440.04857142858
94343,0.19753017647579577,508734.85000000003,88341.8,22478.69
95001,0.858278473499416,955799.9828571428,23042.547142857144,134230.06285714285
95015,0.5733883312746402,1210853.5671428572,115308.41571428571,101810.01142857142
95025,0.5386721365281605,1185813.3442857142,132451.1642857143,144861.06857142856
95200,0.44993705971160736,1246377.1014285714,186809.69571428568,78985.55857142857
97001,0.7166651951780542,935709.9285714285,40427.75285714286,101197.63142857143
97161,0.3253186088660672,3305430.3000000003,561044.5066666667,223720.02833333332
97666,0.39495087862229994,4487440.55,954326.2728571428,1264227.0957142857
99001,0.7508816453281169,1175819.862857143,76131.83285714286,221579.7742857143
99524,0.541865532174919,1485769.9857142859,183276.09285714288,234982.04
99624,0.4039219044089875,1736914.02,272804.2514285714,169575.89428571428
99773,0.6326871294685393,665920.2642857142,29500.76714285714,49918.82571428572
