codigo_municipio,ipm_2018,ipm_2018_imputed,ipm_2022,ipm_2022_imputed
05002,0.1588426984159165,True,0.1588426984159165,True
54003,0.2076902500365385,True,0.2076902500365385,True
05004,0.1588426984159165,True,0.1588426984159165,True
50006,0.1792150140840833,True,0.1792150140840833,True
27006,0.2805305637460625,True,0.2805305637460625,True
41006,0.200485645603982,True,0.200485645603982,True
13006,0.2137851743689069,True,0.2137851743689069,True
41013,0.200485645603982,True,0.200485645603982,True
25001,0.1589957001992672,True,0.1589957001992672,True
20011,0.2079822727349517,True,0.2079822727349517,True
68013,0.1751835953101328,True,0.1751835953101328,True
17013,0.1694528733883225,True,0.1694528733883225,True
85010,0.18724478605741,True,0.18724478605741,True
20013,0.2079822727349517,True,0.2079822727349517,True
41016,0.200485645603982,True,0.200485645603982,True
25019,0.1589957001992672,True,0.1589957001992672,True
52019,0.2183487060505397,True,0.2183487060505397,True
18029,0.2212326863924864,True,0.2212326863924864,True
44035,0.284318656230732,True,0.284318656230732,True
68020,0.1751835953101328,True,0.1751835953101328,True
76020,0.1590938131982256,True,0.1590938131982256,True
52022,0.2183487060505397,True,0.2183487060505397,True
05021,0.1588426984159165,True,0.1588426984159165,True
47030,0.2264530921208074,True,0.2264530921208074,True
41020,0.200485645603982,True,0.200485645603982,True
19022,0.2225297877342232,True,0.2225297877342232,True
15022,0.1811504657502856,True,0.1811504657502856,True
73024,0.1846202682881172,True,0.1846202682881172,True
41026,0.200485645603982,True,0.200485645603982,True
27025,0.2805305637460625,True,0.2805305637460625,True
13030,0.2137851743689069,True,0.2137851743689069,True
73026,0.1846202682881172,True,0.1846202682881172,True
05030,0.1588426984159165,True,0.1588426984159165,True
05031,0.1588426984159165,True,0.1588426984159165,True
73030,0.1846202682881172,True,0.1846202682881172,True
25035,0.1589957001992672,True,0.1589957001992672,True
52036,0.2183487060505397,True,0.2183487060505397,True
76036,0.1590938131982256,True,0.1590938131982256,True
05034,0.1588426984159165,True,0.1588426984159165,True
05036,0.1588426984159165,True,0.1588426984159165,True
05038,0.1588426984159165,True,0.1588426984159165,True
25040,0.1589957001992672,True,0.1589957001992672,True
05040,0.1588426984159165,True,0.1588426984159165,True
17042,0.1694528733883225,True,0.1694528733883225,True
76041,0.1590938131982256,True,0.1590938131982256,True
05044,0.1588426984159165,True,0.1588426984159165,True
73043,0.1846202682881172,True,0.1846202682881172,True
05045,0.1588426984159165,True,0.1588426984159165,True
66045,0.169324647624077,True,0.169324647624077,True
25599,0.1589957001992672,True,0.1589957001992672,True
15047,0.1811504657502856,True,0.1811504657502856,True
47053,0.2264530921208074,True,0.2264530921208074,True
17050,0.1694528733883225,True,0.1694528733883225,True
68051,0.1751835953101328,True,0.1751835953101328,True
81001,0.2331527450278192,True,0.2331527450278192,True
81065,0.2331527450278192,True,0.2331527450278192,True
25053,0.1589957001992672,True,0.1589957001992672,True
52051,0.2183487060505397,True,0.2183487060505397,True
54051,0.2076902500365385,True,0.2076902500365385,True
05051,0.1588426984159165,True,0.1588426984159165,True
15051,0.1811504657502856,True,0.1811504657502856,True
13042,0.2137851743689069,True,0.2137851743689069,True
05055,0.1588426984159165,True,0.1588426984159165,True
19050,0.2225297877342232,True,0.2225297877342232,True
76054,0.1590938131982256,True,0.1590938131982256,True
47058,0.2264530921208074,True,0.2264530921208074,True
13052,0.2137851743689069,True,0.2137851743689069,True
05059,0.1588426984159165,True,0.1588426984159165,True
63001,0.1602930224570084,True,0.1602930224570084,True
73055,0.1846202682881172,True,0.1846202682881172,True
13062,0.2137851743689069,True,0.2137851743689069,True
20032,0.2079822727349517,True,0.2079822727349517,True
73067,0.1846202682881172,True,0.1846202682881172,True
27050,0.2805305637460625,True,0.2805305637460625,True
23068,0.2397809521843081,True,0.2397809521843081,True
27073,0.2805305637460625,True,0.2805305637460625,True
27075,0.2805305637460625,True,0.2805305637460625,True
27077,0.2805305637460625,True,0.2805305637460625,True
19075,0.2225297877342232,True,0.2225297877342232,True
66075,0.169324647624077,True,0.169324647624077,True
08078,0.1635341224390722,True,0.1635341224390722,True
41078,0.200485645603982,True,0.200485645603982,True
52079,0.2183487060505397,True,0.2183487060505397,True
05079,0.1588426984159165,True,0.1588426984159165,True
68077,0.1751835953101328,True,0.1751835953101328,True
68079,0.1751835953101328,True,0.1751835953101328,True
50110,0.1792150140840833,True,0.1792150140840833,True
68081,0.1751835953101328,True,0.1751835953101328,True
44078,0.284318656230732,True,0.284318656230732,True
13074,0.2137851743689069,True,0.2137851743689069,True
94343,0.304190041584309,True,0.304190041584309,True
08001,0.1635341224390722,True,0.1635341224390722,True
20045,0.2079822727349517,True,0.2079822727349517,True
17088,0.1694528733883225,True,0.1694528733883225,True
15087,0.1811504657502856,True,0.1811504657502856,True
52083,0.2183487060505397,True,0.2183487060505397,True
27086,0.2805305637460625,True,0.2805305637460625,True
18094,0.2212326863924864,True,0.2212326863924864,True
66088,0.169324647624077,True,0.169324647624077,True
05088,0.1588426984159165,True,0.1588426984159165,True
05086,0.1588426984159165,True,0.1588426984159165,True
25086,0.1589957001992672,True,0.1589957001992672,True
15090,0.1811504657502856,True,0.1811504657502856,True
05091,0.1588426984159165,True,0.1588426984159165,True
15092,0.1811504657502856,True,0.1811504657502856,True
05093,0.1588426984159165,True,0.1588426984159165,True
68092,0.1751835953101328,True,0.1751835953101328,True
25095,0.1589957001992672,True,0.1589957001992672,True
15097,0.1811504657502856,True,0.1811504657502856,True
54099,0.2076902500365385,True,0.2076902500365385,True
11001,0.1240681655016516,True,0.1240681655016516,True
25099,0.1589957001992672,True,0.1589957001992672,True
27099,0.2805305637460625,True,0.2805305637460625,True
19100,0.2225297877342232,True,0.2225297877342232,True
68101,0.1751835953101328,True,0.1751835953101328,True
76100,0.1590938131982256,True,0.1590938131982256,True
20060,0.2079822727349517,True,0.2079822727349517,True
15104,0.1811504657502856,True,0.1811504657502856,True
05107,0.1588426984159165,True,0.1588426984159165,True
15106,0.1811504657502856,True,0.1811504657502856,True
68001,0.1751835953101328,True,0.1751835953101328,True
54109,0.2076902500365385,True,0.2076902500365385,True
15109,0.1811504657502856,True,0.1811504657502856,True
76109,0.1590938131982256,True,0.1590938131982256,True
23079,0.2397809521843081,True,0.2397809521843081,True
63111,0.1602930224570084,True,0.1602930224570084,True
70110,0.2357543664470872,True,0.2357543664470872,True
19110,0.2225297877342232,True,0.2225297877342232,True
52110,0.2183487060505397,True,0.2183487060505397,True
76113,0.1590938131982256,True,0.1590938131982256,True
05113,0.1588426984159165,True,0.1588426984159165,True
15114,0.1811504657502856,True,0.1811504657502856,True
25120,0.1589957001992672,True,0.1589957001992672,True
68121,0.1751835953101328,True,0.1751835953101328,True
50124,0.1792150140840833,True,0.1792150140840833,True
94886,0.304190041584309,True,0.304190041584309,True
05120,0.1588426984159165,True,0.1588426984159165,True
25123,0.1589957001992672,True,0.1589957001992672,True
54128,0.2076902500365385,True,0.2076902500365385,True
54125,0.2076902500365385,True,0.2076902500365385,True
05125,0.1588426984159165,True,0.1588426984159165,True
76122,0.1590938131982256,True,0.1590938131982256,True
70124,0.2357543664470872,True,0.2357543664470872,True
73124,0.1846202682881172,True,0.1846202682881172,True
19130,0.2225297877342232,True,0.2225297877342232,True
25126,0.1589957001992672,True,0.1589957001992672,True
13140,0.2137851743689069,True,0.2137851743689069,True
95015,0.2402816468432425,True,0.2402816468432425,True
63130,0.1602930224570084,True,0.1602930224570084,True
05129,0.1588426984159165,True,0.1588426984159165,True
15131,0.1811504657502856,True,0.1811504657502856,True
19137,0.2225297877342232,True,0.2225297877342232,True
76001,0.1590938131982256,True,0.1590938131982256,True
68132,0.1751835953101328,True,0.1751835953101328,True
76126,0.1590938131982256,True,0.1590938131982256,True
19142,0.2225297877342232,True,0.2225297877342232,True
05134,0.1588426984159165,True,0.1588426984159165,True
08137,0.1635341224390722,True,0.1635341224390722,True
41132,0.200485645603982,True,0.200485645603982,True
15135,0.1811504657502856,True,0.1811504657502856,True
23090,0.2397809521843081,True,0.2397809521843081,True
08141,0.1635341224390722,True,0.1635341224390722,True
76130,0.1590938131982256,True,0.1590938131982256,True
13160,0.2137851743689069,True,0.2137851743689069,True
05138,0.1588426984159165,True,0.1588426984159165,True
25148,0.1589957001992672,True,0.1589957001992672,True
68147,0.1751835953101328,True,0.1751835953101328,True
25151,0.1589957001992672,True,0.1589957001992672,True
05142,0.1588426984159165,True,0.1588426984159165,True
05145,0.1588426984159165,True,0.1588426984159165,True
68152,0.1751835953101328,True,0.1751835953101328,True
05147,0.1588426984159165,True,0.1588426984159165,True
73148,0.1846202682881172,True,0.1846202682881172,True
25154,0.1589957001992672,True,0.1589957001992672,True
27150,0.2805305637460625,True,0.2805305637460625,True
05150,0.1588426984159165,True,0.1588426984159165,True
13001,0.2137851743689069,True,0.2137851743689069,True
18150,0.2212326863924864,True,0.2212326863924864,True
76147,0.1590938131982256,True,0.1590938131982256,True
97161,0.3102195661889153,True,0.3102195661889153,True
73152,0.1846202682881172,True,0.1846202682881172,True
50150,0.1792150140840833,True,0.1792150140840833,True
05154,0.1588426984159165,True,0.1588426984159165,True
68160,0.1751835953101328,True,0.1751835953101328,True
23162,0.2397809521843081,True,0.2397809521843081,True
15162,0.1811504657502856,True,0.1811504657502856,True
68162,0.1751835953101328,True,0.1751835953101328,True
47161,0.2264530921208074,True,0.2264530921208074,True
27160,0.2805305637460625,True,0.2805305637460625,True
52240,0.2183487060505397,True,0.2183487060505397,True
25168,0.1589957001992672,True,0.1589957001992672,True
70230,0.2357543664470872,True,0.2357543664470872,True
85015,0.18724478605741,True,0.18724478605741,True
73168,0.1846202682881172,True,0.1846202682881172,True
68167,0.1751835953101328,True,0.1751835953101328,True
68169,0.1751835953101328,True,0.1751835953101328,True
25175,0.1589957001992672,True,0.1589957001992672,True
05172,0.1588426984159165,True,0.1588426984159165,True
23168,0.2397809521843081,True,0.2397809521843081,True
68176,0.1751835953101328,True,0.1751835953101328,True
20175,0.2079822727349517,True,0.2079822727349517,True
54172,0.2076902500365385,True,0.2076902500365385,True
15172,0.1811504657502856,True,0.1811504657502856,True
17174,0.1694528733883225,True,0.1694528733883225,True
23182,0.2397809521843081,True,0.2397809521843081,True
25178,0.1589957001992672,True,0.1589957001992672,True
68179,0.1751835953101328,True,0.1751835953101328,True
15176,0.1811504657502856,True,0.1811504657502856,True
15232,0.1811504657502856,True,0.1811504657502856,True
20178,0.2079822727349517,True,0.2079822727349517,True
15180,0.1811504657502856,True,0.1811504657502856,True
15183,0.1811504657502856,True,0.1811504657502856,True
54174,0.2076902500365385,True,0.2076902500365385,True
15185,0.1811504657502856,True,0.1811504657502856,True
15187,0.1811504657502856,True,0.1811504657502856,True
47170,0.2264530921208074,True,0.2264530921208074,True
15236,0.1811504657502856,True,0.1811504657502856,True
25181,0.1589957001992672,True,0.1589957001992672,True
25183,0.1589957001992672,True,0.1589957001992672,True
13188,0.2137851743689069,True,0.2137851743689069,True
47189,0.2264530921208074,True,0.2264530921208074,True
23189,0.2397809521843081,True,0.2397809521843081,True
15189,0.1811504657502856,True,0.1811504657502856,True
68190,0.1751835953101328,True,0.1751835953101328,True
63190,0.1602930224570084,True,0.1602930224570084,True
05190,0.1588426984159165,True,0.1588426984159165,True
05101,0.1588426984159165,True,0.1588426984159165,True
13222,0.2137851743689069,True,0.2137851743689069,True
05197,0.1588426984159165,True,0.1588426984159165,True
73200,0.1846202682881172,True,0.1846202682881172,True
25200,0.1589957001992672,True,0.1589957001992672,True
41206,0.200485645603982,True,0.200485645603982,True
52203,0.2183487060505397,True,0.2183487060505397,True
86219,0.2314213944686926,True,0.2314213944686926,True
70204,0.2357543664470872,True,0.2357543664470872,True
15204,0.1811504657502856,True,0.1811504657502856,True
05206,0.1588426984159165,True,0.1588426984159165,True
68207,0.1751835953101328,True,0.1751835953101328,True
05209,0.1588426984159165,True,0.1588426984159165,True
47205,0.2264530921208074,True,0.2264530921208074,True
27205,0.2805305637460625,True,0.2805305637460625,True
68209,0.1751835953101328,True,0.1751835953101328,True
52207,0.2183487060505397,True,0.2183487060505397,True
52210,0.2183487060505397,True,0.2183487060505397,True
68211,0.1751835953101328,True,0.1751835953101328,True
54206,0.2076902500365385,True,0.2076902500365385,True
05212,0.1588426984159165,True,0.1588426984159165,True
15212,0.1811504657502856,True,0.1811504657502856,True
13212,0.2137851743689069,True,0.2137851743689069,True
52215,0.2183487060505397,True,0.2183487060505397,True
63212,0.1602930224570084,True,0.1602930224570084,True
19212,0.2225297877342232,True,0.2225297877342232,True
68217,0.1751835953101328,True,0.1751835953101328,True
70215,0.2357543664470872,True,0.2357543664470872,True
15215,0.1811504657502856,True,0.1811504657502856,True
25214,0.1589957001992672,True,0.1589957001992672,True
23300,0.2397809521843081,True,0.2397809521843081,True
15218,0.1811504657502856,True,0.1811504657502856,True
70221,0.2357543664470872,True,0.2357543664470872,True
73217,0.1846202682881172,True,0.1846202682881172,True
81220,0.2331527450278192,True,0.2331527450278192,True
52224,0.2183487060505397,True,0.2183487060505397,True
15223,0.1811504657502856,True,0.1811504657502856,True
50223,0.1792150140840833,True,0.1792150140840833,True
15224,0.1811504657502856,True,0.1811504657502856,True
25224,0.1589957001992672,True,0.1589957001992672,True
54001,0.2076902500365385,True,0.2076902500365385,True
54223,0.2076902500365385,True,0.2076902500365385,True
15226,0.1811504657502856,True,0.1811504657502856,True
50226,0.1792150140840833,True,0.1792150140840833,True
99773,0.3821107288614359,True,0.3821107288614359,True
52227,0.2183487060505397,True,0.2183487060505397,True
52233,0.2183487060505397,True,0.2183487060505397,True
73226,0.1846202682881172,True,0.1846202682881172,True
18205,0.2212326863924864,True,0.2212326863924864,True
68229,0.1751835953101328,True,0.1751835953101328,True
20228,0.2079822727349517,True,0.2079822727349517,True
05234,0.1588426984159165,True,0.1588426984159165,True
76233,0.1590938131982256,True,0.1590938131982256,True
44090,0.284318656230732,True,0.284318656230732,True
44098,0.284318656230732,True,0.284318656230732,True
73236,0.1846202682881172,True,0.1846202682881172,True
05237,0.1588426984159165,True,0.1588426984159165,True
66170,0.169324647624077,True,0.169324647624077,True
15238,0.1811504657502856,True,0.1811504657502856,True
54239,0.2076902500365385,True,0.2076902500365385,True
05240,0.1588426984159165,True,0.1588426984159165,True
76243,0.1590938131982256,True,0.1590938131982256,True
05250,0.1588426984159165,True,0.1588426984159165,True
47245,0.2264530921208074,True,0.2264530921208074,True
76246,0.1590938131982256,True,0.1590938131982256,True
50245,0.1792150140840833,True,0.1792150140840833,True
27135,0.2805305637460625,True,0.2805305637460625,True
54245,0.2076902500365385,True,0.2076902500365385,True
27245,0.2805305637460625,True,0.2805305637460625,True
13244,0.2137851743689069,True,0.2137851743689069,True
68235,0.1751835953101328,True,0.1751835953101328,True
05148,0.1588426984159165,True,0.1588426984159165,True
50251,0.1792150140840833,True,0.1792150140840833,True
76248,0.1590938131982256,True,0.1590938131982256,True
52250,0.2183487060505397,True,0.2183487060505397,True
15244,0.1811504657502856,True,0.1811504657502856,True
25245,0.1589957001992672,True,0.1589957001992672,True
20238,0.2079822727349517,True,0.2079822727349517,True
18247,0.2212326863924864,True,0.2212326863924864,True
50270,0.1792150140840833,True,0.1792150140840833,True
76250,0.1590938131982256,True,0.1590938131982256,True
91263,0.2326684727295775,True,0.2326684727295775,True
15248,0.1811504657502856,True,0.1811504657502856,True
68245,0.1751835953101328,True,0.1751835953101328,True
13248,0.2137851743689069,True,0.2137851743689069,True
27250,0.2805305637460625,True,0.2805305637460625,True
44110,0.284318656230732,True,0.284318656230732,True
20250,0.2079822727349517,True,0.2079822727349517,True
18256,0.2212326863924864,True,0.2212326863924864,True
52254,0.2183487060505397,True,0.2183487060505397,True
13268,0.2137851743689069,True,0.2137851743689069,True
25258,0.1589957001992672,True,0.1589957001992672,True
68250,0.1751835953101328,True,0.1751835953101328,True
47258,0.2264530921208074,True,0.2264530921208074,True
68255,0.1751835953101328,True,0.1751835953101328,True
47268,0.2264530921208074,True,0.2264530921208074,True
95025,0.2402816468432425,True,0.2402816468432425,True
70233,0.2357543664470872,True,0.2357543664470872,True
25260,0.1589957001992672,True,0.1589957001992672,True
52256,0.2183487060505397,True,0.2183487060505397,True
05697,0.1588426984159165,True,0.1588426984159165,True
52258,0.2183487060505397,True,0.2183487060505397,True
19256,0.2225297877342232,True,0.2225297877342232,True
52260,0.2183487060505397,True,0.2183487060505397,True
54250,0.2076902500365385,True,0.2076902500365385,True
54261,0.2076902500365385,True,0.2076902500365385,True
41244,0.200485645603982,True,0.200485645603982,True
68264,0.1751835953101328,True,0.1751835953101328,True
68266,0.1751835953101328,True,0.1751835953101328,True
05264,0.1588426984159165,True,0.1588426984159165,True
05266,0.1588426984159165,True,0.1588426984159165,True
73268,0.1846202682881172,True,0.1846202682881172,True
25269,0.1589957001992672,True,0.1589957001992672,True
73270,0.1846202682881172,True,0.1846202682881172,True
17272,0.1694528733883225,True,0.1694528733883225,True
63272,0.1602930224570084,True,0.1602930224570084,True
15272,0.1811504657502856,True,0.1811504657502856,True
73275,0.1846202682881172,True,0.1846202682881172,True
18001,0.2212326863924864,True,0.2212326863924864,True
19290,0.2225297877342232,True,0.2225297877342232,True
15276,0.1811504657502856,True,0.1811504657502856,True
68271,0.1751835953101328,True,0.1751835953101328,True
76275,0.1590938131982256,True,0.1590938131982256,True
68276,0.1751835953101328,True,0.1751835953101328,True
25279,0.1589957001992672,True,0.1589957001992672,True
44279,0.284318656230732,True,0.284318656230732,True
81300,0.2331527450278192,True,0.2331527450278192,True
25281,0.1589957001992672,True,0.1589957001992672,True
52520,0.2183487060505397,True,0.2183487060505397,True
05282,0.1588426984159165,True,0.1588426984159165,True
73283,0.1846202682881172,True,0.1846202682881172,True
05284,0.1588426984159165,True,0.1588426984159165,True
50287,0.1792150140840833,True,0.1792150140840833,True
47288,0.2264530921208074,True,0.2264530921208074,True
52287,0.2183487060505397,True,0.2183487060505397,True
25286,0.1589957001992672,True,0.1589957001992672,True
25288,0.1589957001992672,True,0.1589957001992672,True
25290,0.1589957001992672,True,0.1589957001992672,True
25293,0.1589957001992672,True,0.1589957001992672,True
25295,0.1589957001992672,True,0.1589957001992672,True
15293,0.1811504657502856,True,0.1811504657502856,True
25297,0.1589957001992672,True,0.1589957001992672,True
68296,0.1751835953101328,True,0.1751835953101328,True
08296,0.1635341224390722,True,0.1635341224390722,True
70235,0.2357543664470872,True,0.2357543664470872,True
25299,0.1589957001992672,True,0.1589957001992672,True
20295,0.2079822727349517,True,0.2079822727349517,True
68298,0.1751835953101328,True,0.1751835953101328,True
15296,0.1811504657502856,True,0.1811504657502856,True
15299,0.1811504657502856,True,0.1811504657502856,True
41298,0.200485645603982,True,0.200485645603982,True
63302,0.1602930224570084,True,0.1602930224570084,True
41306,0.200485645603982,True,0.200485645603982,True
76306,0.1590938131982256,True,0.1590938131982256,True
05306,0.1588426984159165,True,0.1588426984159165,True
25307,0.1589957001992672,True,0.1589957001992672,True
05308,0.1588426984159165,True,0.1588426984159165,True
68307,0.1751835953101328,True,0.1751835953101328,True
05310,0.1588426984159165,True,0.1588426984159165,True
20310,0.2079822727349517,True,0.2079822727349517,True
54313,0.2076902500365385,True,0.2076902500365385,True
05313,0.1588426984159165,True,0.1588426984159165,True
25312,0.1589957001992672,True,0.1589957001992672,True
50313,0.1792150140840833,True,0.1792150140840833,True
68318,0.1751835953101328,True,0.1751835953101328,True
15317,0.1811504657502856,True,0.1811504657502856,True
76318,0.1590938131982256,True,0.1590938131982256,True
19300,0.2225297877342232,True,0.2225297877342232,True
25317,0.1589957001992672,True,0.1589957001992672,True
52317,0.2183487060505397,True,0.2183487060505397,True
76111,0.1590938131982256,True,0.1590938131982256,True
05315,0.1588426984159165,True,0.1588426984159165,True
41319,0.200485645603982,True,0.200485645603982,True
68320,0.1751835953101328,True,0.1751835953101328,True
25320,0.1589957001992672,True,0.1589957001992672,True
52320,0.2183487060505397,True,0.2183487060505397,True
52323,0.2183487060505397,True,0.2183487060505397,True
47318,0.2264530921208074,True,0.2264530921208074,True
50318,0.1792150140840833,True,0.1792150140840833,True
73319,0.1846202682881172,True,0.1846202682881172,True
19318,0.2225297877342232,True,0.2225297877342232,True
68322,0.1751835953101328,True,0.1751835953101328,True
70265,0.2357543664470872,True,0.2357543664470872,True
05318,0.1588426984159165,True,0.1588426984159165,True
25322,0.1589957001992672,True,0.1589957001992672,True
05321,0.1588426984159165,True,0.1588426984159165,True
25324,0.1589957001992672,True,0.1589957001992672,True
25326,0.1589957001992672,True,0.1589957001992672,True
15322,0.1811504657502856,True,0.1811504657502856,True
66318,0.169324647624077,True,0.169324647624077,True
68324,0.1751835953101328,True,0.1751835953101328,True
25328,0.1589957001992672,True,0.1589957001992672,True
25335,0.1589957001992672,True,0.1589957001992672,True
15325,0.1811504657502856,True,0.1811504657502856,True
68327,0.1751835953101328,True,0.1751835953101328,True
15332,0.1811504657502856,True,0.1811504657502856,True
25339,0.1589957001992672,True,0.1589957001992672,True
54344,0.2076902500365385,True,0.2076902500365385,True
13300,0.2137851743689069,True,0.2137851743689069,True
68344,0.1751835953101328,True,0.1751835953101328,True
85125,0.18724478605741,True,0.18724478605741,True
44378,0.284318656230732,True,0.284318656230732,True
05347,0.1588426984159165,True,0.1588426984159165,True
54347,0.2076902500365385,True,0.2076902500365385,True
73347,0.1846202682881172,True,0.1846202682881172,True
05353,0.1588426984159165,True,0.1588426984159165,True
41349,0.200485645603982,True,0.200485645603982,True
73349,0.1846202682881172,True,0.1846202682881172,True
73001,0.1846202682881172,True,0.1846202682881172,True
73352,0.1846202682881172,True,0.1846202682881172,True
52352,0.2183487060505397,True,0.2183487060505397,True
52354,0.2183487060505397,True,0.2183487060505397,True
94001,0.304190041584309,True,0.304190041584309,True
19355,0.2225297877342232,True,0.2225297877342232,True
52356,0.2183487060505397,True,0.2183487060505397,True
41357,0.200485645603982,True,0.200485645603982,True
41359,0.200485645603982,True,0.200485645603982,True
27361,0.2805305637460625,True,0.2805305637460625,True
05360,0.1588426984159165,True,0.1588426984159165,True
05361,0.1588426984159165,True,0.1588426984159165,True
15362,0.1811504657502856,True,0.1811504657502856,True
19364,0.2225297877342232,True,0.2225297877342232,True
76364,0.1590938131982256,True,0.1590938131982256,True
05364,0.1588426984159165,True,0.1588426984159165,True
15367,0.1811504657502856,True,0.1811504657502856,True
05368,0.1588426984159165,True,0.1588426984159165,True
15368,0.1811504657502856,True,0.1811504657502856,True
25368,0.1589957001992672,True,0.1589957001992672,True
68368,0.1751835953101328,True,0.1751835953101328,True
68370,0.1751835953101328,True,0.1751835953101328,True
08372,0.1635341224390722,True,0.1635341224390722,True
25372,0.1589957001992672,True,0.1589957001992672,True
27372,0.2805305637460625,True,0.2805305637460625,True
23350,0.2397809521843081,True,0.2397809521843081,True
41378,0.200485645603982,True,0.200485645603982,True
68377,0.1751835953101328,True,0.1751835953101328,True
25377,0.1589957001992672,True,0.1589957001992672,True
15380,0.1811504657502856,True,0.1811504657502856,True
05376,0.1588426984159165,True,0.1588426984159165,True
66383,0.169324647624077,True,0.169324647624077,True
91405,0.2326684727295775,True,0.2326684727295775,True
52378,0.2183487060505397,True,0.2183487060505397,True
76377,0.1590938131982256,True,0.1590938131982256,True
17380,0.1694528733883225,True,0.1694528733883225,True
54385,0.2076902500365385,True,0.2076902500365385,True
05380,0.1588426984159165,True,0.1588426984159165,True
52381,0.2183487060505397,True,0.2183487060505397,True
20383,0.2079822727349517,True,0.2079822727349517,True
94885,0.304190041584309,True,0.304190041584309,True
20400,0.2079822727349517,True,0.2079822727349517,True
44420,0.284318656230732,True,0.284318656230732,True
52385,0.2183487060505397,True,0.2183487060505397,True
50350,0.1792150140840833,True,0.1792150140840833,True
17388,0.1694528733883225,True,0.1694528733883225,True
25386,0.1589957001992672,True,0.1589957001992672,True
18410,0.2212326863924864,True,0.2212326863924864,True
25394,0.1589957001992672,True,0.1589957001992672,True
20621,0.2079822727349517,True,0.2079822727349517,True
68397,0.1751835953101328,True,0.1751835953101328,True
91407,0.2326684727295775,True,0.2326684727295775,True
25398,0.1589957001992672,True,0.1589957001992672,True
05390,0.1588426984159165,True,0.1588426984159165,True
41396,0.200485645603982,True,0.200485645603982,True
54398,0.2076902500365385,True,0.2076902500365385,True
99524,0.3821107288614359,True,0.3821107288614359,True
85136,0.18724478605741,True,0.18724478605741,True
19392,0.2225297877342232,True,0.2225297877342232,True
63401,0.1602930224570084,True,0.1602930224570084,True
52390,0.2183487060505397,True,0.2183487060505397,True
05400,0.1588426984159165,True,0.1588426984159165,True
52399,0.2183487060505397,True,0.2183487060505397,True
70400,0.2357543664470872,True,0.2357543664470872,True
76400,0.1590938131982256,True,0.1590938131982256,True
15403,0.1811504657502856,True,0.1811504657502856,True
19397,0.2225297877342232,True,0.2225297877342232,True
25402,0.1589957001992672,True,0.1589957001992672,True
15401,0.1811504657502856,True,0.1811504657502856,True
76403,0.1590938131982256,True,0.1590938131982256,True
91430,0.2326684727295775,True,0.2326684727295775,True
66400,0.169324647624077,True,0.169324647624077,True
54377,0.2076902500365385,True,0.2076902500365385,True
15377,0.1811504657502856,True,0.1811504657502856,True
68385,0.1751835953101328,True,0.1751835953101328,True
68406,0.1751835953101328,True,0.1751835953101328,True
86573,0.2314213944686926,True,0.2314213944686926,True
52405,0.2183487060505397,True,0.2183487060505397,True
50400,0.1792150140840833,True,0.1792150140840833,True
25407,0.1589957001992672,True,0.1589957001992672,True
73408,0.1846202682881172,True,0.1846202682881172,True
91001,0.2326684727295775,True,0.2326684727295775,True
73411,0.1846202682881172,True,0.1846202682881172,True
05411,0.1588426984159165,True,0.1588426984159165,True
52411,0.2183487060505397,True,0.2183487060505397,True
27413,0.2805305637460625,True,0.2805305637460625,True
19418,0.2225297877342232,True,0.2225297877342232,True
23417,0.2397809521843081,True,0.2397809521843081,True
52418,0.2183487060505397,True,0.2183487060505397,True
23419,0.2397809521843081,True,0.2397809521843081,True
70418,0.2357543664470872,True,0.2357543664470872,True
54405,0.2076902500365385,True,0.2076902500365385,True
68418,0.1751835953101328,True,0.1751835953101328,True
54418,0.2076902500365385,True,0.2076902500365385,True
08421,0.1635341224390722,True,0.1635341224390722,True
15425,0.1811504657502856,True,0.1811504657502856,True
68425,0.1751835953101328,True,0.1751835953101328,True
05425,0.1588426984159165,True,0.1588426984159165,True
25426,0.1589957001992672,True,0.1589957001992672,True
25430,0.1589957001992672,True,0.1589957001992672,True
13430,0.2137851743689069,True,0.2137851743689069,True
52427,0.2183487060505397,True,0.2183487060505397,True
13433,0.2137851743689069,True,0.2137851743689069,True
44430,0.284318656230732,True,0.284318656230732,True
70429,0.2357543664470872,True,0.2357543664470872,True
68432,0.1751835953101328,True,0.1751835953101328,True
08433,0.1635341224390722,True,0.1635341224390722,True
52435,0.2183487060505397,True,0.2183487060505397,True
08436,0.1635341224390722,True,0.1635341224390722,True
20443,0.2079822727349517,True,0.2079822727349517,True
44560,0.284318656230732,True,0.284318656230732,True
85139,0.18724478605741,True,0.18724478605741,True
17001,0.1694528733883225,True,0.1694528733883225,True
25436,0.1589957001992672,True,0.1589957001992672,True
17433,0.1694528733883225,True,0.1694528733883225,True
50325,0.1792150140840833,True,0.1792150140840833,True
94663,0.304190041584309,True,0.304190041584309,True
13440,0.2137851743689069,True,0.2137851743689069,True
13442,0.2137851743689069,True,0.2137851743689069,True
05440,0.1588426984159165,True,0.1588426984159165,True
15442,0.1811504657502856,True,0.1811504657502856,True
73443,0.1846202682881172,True,0.1846202682881172,True
17442,0.1694528733883225,True,0.1694528733883225,True
17444,0.1694528733883225,True,0.1694528733883225,True
66440,0.169324647624077,True,0.169324647624077,True
17446,0.1694528733883225,True,0.1694528733883225,True
68444,0.1751835953101328,True,0.1751835953101328,True
05001,0.1588426984159165,True,0.1588426984159165,True
25438,0.1589957001992672,True,0.1589957001992672,True
27425,0.2805305637460625,True,0.2805305637460625,True
27430,0.2805305637460625,True,0.2805305637460625,True
27450,0.2805305637460625,True,0.2805305637460625,True
73449,0.1846202682881172,True,0.1846202682881172,True
19450,0.2225297877342232,True,0.2225297877342232,True
50330,0.1792150140840833,True,0.1792150140840833,True
18460,0.2212326863924864,True,0.2212326863924864,True
15455,0.1811504657502856,True,0.1811504657502856,True
95200,0.2402816468432425,True,0.2402816468432425,True
19455,0.2225297877342232,True,0.2225297877342232,True
91460,0.2326684727295775,True,0.2326684727295775,True
66456,0.169324647624077,True,0.169324647624077,True
97001,0.3102195661889153,True,0.3102195661889153,True
86001,0.2314213944686926,True,0.2314213944686926,True
68464,0.1751835953101328,True,0.1751835953101328,True
68468,0.1751835953101328,True,0.1751835953101328,True
23464,0.2397809521843081,True,0.2397809521843081,True
13468,0.2137851743689069,True,0.2137851743689069,True
15464,0.1811504657502856,True,0.1811504657502856,True
15466,0.1811504657502856,True,0.1811504657502856,True
15469,0.1811504657502856,True,0.1811504657502856,True
05467,0.1588426984159165,True,0.1588426984159165,True
13458,0.2137851743689069,True,0.2137851743689069,True
23466,0.2397809521843081,True,0.2397809521843081,True
63470,0.1602930224570084,True,0.1602930224570084,True
23001,0.2397809521843081,True,0.2397809521843081,True
85162,0.18724478605741,True,0.18724478605741,True
23500,0.2397809521843081,True,0.2397809521843081,True
13473,0.2137851743689069,True,0.2137851743689069,True
19473,0.2225297877342232,True,0.2225297877342232,True
18479,0.2212326863924864,True,0.2212326863924864,True
94888,0.304190041584309,True,0.304190041584309,True
70473,0.2357543664470872,True,0.2357543664470872,True
25473,0.1589957001992672,True,0.1589957001992672,True
52473,0.2183487060505397,True,0.2183487060505397,True
15476,0.1811504657502856,True,0.1811504657502856,True
73461,0.1846202682881172,True,0.1846202682881172,True
05475,0.1588426984159165,True,0.1588426984159165,True
05480,0.1588426984159165,True,0.1588426984159165,True
54480,0.2076902500365385,True,0.2076902500365385,True
15480,0.1811504657502856,True,0.1811504657502856,True
05483,0.1588426984159165,True,0.1588426984159165,True
25483,0.1589957001992672,True,0.1589957001992672,True
52480,0.2183487060505397,True,0.2183487060505397,True
41483,0.200485645603982,True,0.200485645603982,True
73483,0.1846202682881172,True,0.1846202682881172,True
05495,0.1588426984159165,True,0.1588426984159165,True
05490,0.1588426984159165,True,0.1588426984159165,True
17486,0.1694528733883225,True,0.1694528733883225,True
41001,0.200485645603982,True,0.200485645603982,True
25486,0.1589957001992672,True,0.1589957001992672,True
25488,0.1589957001992672,True,0.1589957001992672,True
25489,0.1589957001992672,True,0.1589957001992672,True
15491,0.1811504657502856,True,0.1811504657502856,True
25491,0.1589957001992672,True,0.1589957001992672,True
17495,0.1694528733883225,True,0.1694528733883225,True
13490,0.2137851743689069,True,0.2137851743689069,True
27491,0.2805305637460625,True,0.2805305637460625,True
47460,0.2264530921208074,True,0.2264530921208074,True
15494,0.1811504657502856,True,0.1811504657502856,True
85225,0.18724478605741,True,0.18724478605741,True
27495,0.2805305637460625,True,0.2805305637460625,True
76497,0.1590938131982256,True,0.1590938131982256,True
68498,0.1751835953101328,True,0.1751835953101328,True
54498,0.2076902500365385,True,0.2076902500365385,True
68500,0.1751835953101328,True,0.1751835953101328,True
15500,0.1811504657502856,True,0.1811504657502856,True
05501,0.1588426984159165,True,0.1588426984159165,True
52490,0.2183487060505397,True,0.2183487060505397,True
68502,0.1751835953101328,True,0.1751835953101328,True
41503,0.200485645603982,True,0.200485645603982,True
86320,0.2314213944686926,True,0.2314213944686926,True
85230,0.18724478605741,True,0.18724478605741,True
73504,0.1846202682881172,True,0.1846202682881172,True
52506,0.2183487060505397,True,0.2183487060505397,True
15507,0.1811504657502856,True,0.1811504657502856,True
70508,0.2357543664470872,True,0.2357543664470872,True
15511,0.1811504657502856,True,0.1811504657502856,True
25513,0.1589957001992672,True,0.1589957001992672,True
97511,0.3102195661889153,True,0.3102195661889153,True
17513,0.1694528733883225,True,0.1694528733883225,True
19513,0.2225297877342232,True,0.2225297877342232,True
15514,0.1811504657502856,True,0.1811504657502856,True
19517,0.2225297877342232,True,0.2225297877342232,True
41518,0.200485645603982,True,0.200485645603982,True
20517,0.2079822727349517,True,0.2079822727349517,True
25518,0.1589957001992672,True,0.1589957001992672,True
15516,0.1811504657502856,True,0.1811504657502856,True
15518,0.1811504657502856,True,0.1811504657502856,True
41524,0.200485645603982,True,0.200485645603982,True
17524,0.1694528733883225,True,0.1694528733883225,True
41530,0.200485645603982,True,0.200485645603982,True
68522,0.1751835953101328,True,0.1751835953101328,True
08520,0.1635341224390722,True,0.1635341224390722,True
68524,0.1751835953101328,True,0.1751835953101328,True
76520,0.1590938131982256,True,0.1590938131982256,True
70523,0.2357543664470872,True,0.2357543664470872,True
73520,0.1846202682881172,True,0.1846202682881172,True
54518,0.2076902500365385,True,0.2076902500365385,True
54520,0.2076902500365385,True,0.2076902500365385,True
94887,0.304190041584309,True,0.304190041584309,True
25524,0.1589957001992672,True,0.1589957001992672,True
15522,0.1811504657502856,True,0.1811504657502856,True
97777,0.3102195661889153,True,0.3102195661889153,True
68533,0.1751835953101328,True,0.1751835953101328,True
25530,0.1589957001992672,True,0.1589957001992672,True
25535,0.1589957001992672,True,0.1589957001992672,True
52001,0.2183487060505397,True,0.2183487060505397,True
19532,0.2225297877342232,True,0.2225297877342232,True
15531,0.1811504657502856,True,0.1811504657502856,True
15533,0.1811504657502856,True,0.1811504657502856,True
85250,0.18724478605741,True,0.18724478605741,True
15537,0.1811504657502856,True,0.1811504657502856,True
47541,0.2264530921208074,True,0.2264530921208074,True
20550,0.2079822727349517,True,0.2079822727349517,True
17541,0.1694528733883225,True,0.1694528733883225,True
05541,0.1588426984159165,True,0.1588426984159165,True
05543,0.1588426984159165,True,0.1588426984159165,True
66001,0.169324647624077,True,0.169324647624077,True
15542,0.1811504657502856,True,0.1811504657502856,True
19533,0.2225297877342232,True,0.2225297877342232,True
68547,0.1751835953101328,True,0.1751835953101328,True
73547,0.1846202682881172,True,0.1846202682881172,True
19548,0.2225297877342232,True,0.2225297877342232,True
63548,0.1602930224570084,True,0.1602930224570084,True
47545,0.2264530921208074,True,0.2264530921208074,True
68549,0.1751835953101328,True,0.1751835953101328,True
13549,0.2137851743689069,True,0.2137851743689069,True
08549,0.1635341224390722,True,0.1635341224390722,True
15550,0.1811504657502856,True,0.1811504657502856,True
41548,0.200485645603982,True,0.200485645603982,True
41551,0.200485645603982,True,0.200485645603982,True
47551,0.2264530921208074,True,0.2264530921208074,True
73555,0.1846202682881172,True,0.1846202682881172,True
23555,0.2397809521843081,True,0.2397809521843081,True
47555,0.2264530921208074,True,0.2264530921208074,True
52540,0.2183487060505397,True,0.2183487060505397,True
08558,0.1635341224390722,True,0.1635341224390722,True
08560,0.1635341224390722,True,0.1635341224390722,True
19001,0.2225297877342232,True,0.2225297877342232,True
85263,0.18724478605741,True,0.18724478605741,True
52560,0.2183487060505397,True,0.2183487060505397,True
76563,0.1590938131982256,True,0.1590938131982256,True
73563,0.1846202682881172,True,0.1846202682881172,True
52565,0.2183487060505397,True,0.2183487060505397,True
88564,0.1713283892184503,True,0.1713283892184503,True
20570,0.2079822727349517,True,0.2079822727349517,True
23570,0.2397809521843081,True,0.2397809521843081,True
66572,0.169324647624077,True,0.169324647624077,True
47570,0.2264530921208074,True,0.2264530921208074,True
05576,0.1588426984159165,True,0.1588426984159165,True
68572,0.1751835953101328,True,0.1751835953101328,True
52573,0.2183487060505397,True,0.2183487060505397,True
91530,0.2326684727295775,True,0.2326684727295775,True
91536,0.2326684727295775,True,0.2326684727295775,True
86568,0.2314213944686926,True,0.2314213944686926,True
05579,0.1588426984159165,True,0.1588426984159165,True
15572,0.1811504657502856,True,0.1811504657502856,True
86569,0.2314213944686926,True,0.2314213944686926,True
99001,0.3821107288614359,True,0.3821107288614359,True
08573,0.1635341224390722,True,0.1635341224390722,True
94884,0.304190041584309,True,0.304190041584309,True
50450,0.1792150140840833,True,0.1792150140840833,True
23574,0.2397809521843081,True,0.2397809521843081,True
50568,0.1792150140840833,True,0.1792150140840833,True
86571,0.2314213944686926,True,0.2314213944686926,True
23580,0.2397809521843081,True,0.2397809521843081,True
50577,0.1792150140840833,True,0.1792150140840833,True
50573,0.1792150140840833,True,0.1792150140840833,True
05585,0.1588426984159165,True,0.1588426984159165,True
91540,0.2326684727295775,True,0.2326684727295775,True
68573,0.1751835953101328,True,0.1751835953101328,True
18592,0.2212326863924864,True,0.2212326863924864,True
50590,0.1792150140840833,True,0.1792150140840833,True
81591,0.2331527450278192,True,0.2331527450278192,True
25572,0.1589957001992672,True,0.1589957001992672,True
54553,0.2076902500365385,True,0.2076902500365385,True
91669,0.2326684727295775,True,0.2326684727295775,True
19573,0.2225297877342232,True,0.2225297877342232,True
05591,0.1588426984159165,True,0.1588426984159165,True
68575,0.1751835953101328,True,0.1751835953101328,True
25580,0.1589957001992672,True,0.1589957001992672,True
52585,0.2183487060505397,True,0.2183487060505397,True
19585,0.2225297877342232,True,0.2225297877342232,True
73585,0.1846202682881172,True,0.1846202682881172,True
23586,0.2397809521843081,True,0.2397809521843081,True
25592,0.1589957001992672,True,0.1589957001992672,True
25594,0.1589957001992672,True,0.1589957001992672,True
27001,0.2805305637460625,True,0.2805305637460625,True
63594,0.1602930224570084,True,0.1602930224570084,True
66594,0.169324647624077,True,0.169324647624077,True
15580,0.1811504657502856,True,0.1811504657502856,True
25596,0.1589957001992672,True,0.1589957001992672,True
54599,0.2076902500365385,True,0.2076902500365385,True
15599,0.1811504657502856,True,0.1811504657502856,True
15600,0.1811504657502856,True,0.1811504657502856,True
85279,0.18724478605741,True,0.18724478605741,True
13580,0.2137851743689069,True,0.2137851743689069,True
05604,0.1588426984159165,True,0.1588426984159165,True
47605,0.2264530921208074,True,0.2264530921208074,True
08606,0.1635341224390722,True,0.1635341224390722,True
50606,0.1792150140840833,True,0.1792150140840833,True
76606,0.1590938131982256,True,0.1590938131982256,True
05607,0.1588426984159165,True,0.1588426984159165,True
25612,0.1589957001992672,True,0.1589957001992672,True
52612,0.2183487060505397,True,0.2183487060505397,True
73616,0.1846202682881172,True,0.1846202682881172,True
20614,0.2079822727349517,True,0.2079822727349517,True
27580,0.2805305637460625,True,0.2805305637460625,True
27600,0.2805305637460625,True,0.2805305637460625,True
13600,0.2137851743689069,True,0.2137851743689069,True
76616,0.1590938131982256,True,0.1590938131982256,True
44001,0.284318656230732,True,0.284318656230732,True
05615,0.1588426984159165,True,0.1588426984159165,True
68615,0.1751835953101328,True,0.1751835953101328,True
17614,0.1694528733883225,True,0.1694528733883225,True
27615,0.2805305637460625,True,0.2805305637460625,True
17616,0.1694528733883225,True,0.1694528733883225,True
41615,0.200485645603982,True,0.200485645603982,True
52621,0.2183487060505397,True,0.2183487060505397,True
76622,0.1590938131982256,True,0.1590938131982256,True
73622,0.1846202682881172,True,0.1846202682881172,True
15621,0.1811504657502856,True,0.1811504657502856,True
19622,0.2225297877342232,True,0.2225297877342232,True
73624,0.1846202682881172,True,0.1846202682881172,True
68655,0.1751835953101328,True,0.1751835953101328,True
08634,0.1635341224390722,True,0.1635341224390722,True
05628,0.1588426984159165,True,0.1588426984159165,True
08638,0.1635341224390722,True,0.1635341224390722,True
85300,0.18724478605741,True,0.18724478605741,True
47660,0.2264530921208074,True,0.2264530921208074,True
05631,0.1588426984159165,True,0.1588426984159165,True
15632,0.1811504657502856,True,0.1811504657502856,True
85315,0.18724478605741,True,0.18724478605741,True
15638,0.1811504657502856,True,0.1811504657502856,True
23660,0.2397809521843081,True,0.2397809521843081,True
41660,0.200485645603982,True,0.200485645603982,True
17653,0.1694528733883225,True,0.1694528733883225,True
47675,0.2264530921208074,True,0.2264530921208074,True
54660,0.2076902500365385,True,0.2076902500365385,True
73671,0.1846202682881172,True,0.1846202682881172,True
63690,0.1602930224570084,True,0.1602930224570084,True
05642,0.1588426984159165,True,0.1588426984159165,True
15646,0.1811504657502856,True,0.1811504657502856,True
17662,0.1694528733883225,True,0.1694528733883225,True
52678,0.2183487060505397,True,0.2183487060505397,True
70670,0.2357543664470872,True,0.2357543664470872,True
41668,0.200485645603982,True,0.200485645603982,True
20710,0.2079822727349517,True,0.2079822727349517,True
68669,0.1751835953101328,True,0.1751835953101328,True
88001,0.1713283892184503,True,0.1713283892184503,True
05647,0.1588426984159165,True,0.1588426984159165,True
52835,0.2183487060505397,True,0.2183487060505397,True
23670,0.2397809521843081,True,0.2397809521843081,True
23672,0.2397809521843081,True,0.2397809521843081,True
73675,0.1846202682881172,True,0.1846202682881172,True
25645,0.1589957001992672,True,0.1589957001992672,True
68673,0.1751835953101328,True,0.1751835953101328,True
70678,0.2357543664470872,True,0.2357543664470872,True
25649,0.1589957001992672,True,0.1589957001992672,True
52685,0.2183487060505397,True,0.2183487060505397,True
23675,0.2397809521843081,True,0.2397809521843081,True
54670,0.2076902500365385,True,0.2076902500365385,True
05649,0.1588426984159165,True,0.1588426984159165,True
23678,0.2397809521843081,True,0.2397809521843081,True
50680,0.1792150140840833,True,0.1792150140840833,True
25653,0.1589957001992672,True,0.1589957001992672,True
54673,0.2076902500365385,True,0.2076902500365385,True
13620,0.2137851743689069,True,0.2137851743689069,True
20750,0.2079822727349517,True,0.2079822727349517,True
15660,0.1811504657502856,True,0.1811504657502856,True
13647,0.2137851743689069,True,0.2137851743689069,True
94883,0.304190041584309,True,0.304190041584309,True
13650,0.2137851743689069,True,0.2137851743689069,True
05652,0.1588426984159165,True,0.1588426984159165,True
25658,0.1589957001992672,True,0.1589957001992672,True
86755,0.2314213944686926,True,0.2314213944686926,True
68679,0.1751835953101328,True,0.1751835953101328,True
13654,0.2137851743689069,True,0.2137851743689069,True
13655,0.2137851743689069,True,0.2137851743689069,True
05656,0.1588426984159165,True,0.1588426984159165,True
68682,0.1751835953101328,True,0.1751835953101328,True
17665,0.1694528733883225,True,0.1694528733883225,True
05658,0.1588426984159165,True,0.1588426984159165,True
68684,0.1751835953101328,True,0.1751835953101328,True
15664,0.1811504657502856,True,0.1811504657502856,True
23682,0.2397809521843081,True,0.2397809521843081,True
18610,0.2212326863924864,True,0.2212326863924864,True
95001,0.2402816468432425,True,0.2402816468432425,True
27660,0.2805305637460625,True,0.2805305637460625,True
50683,0.1792150140840833,True,0.1792150140840833,True
70702,0.2357543664470872,True,0.2357543664470872,True
25662,0.1589957001992672,True,0.1589957001992672,True
05659,0.1588426984159165,True,0.1588426984159165,True
44650,0.284318656230732,True,0.284318656230732,True
13657,0.2137851743689069,True,0.2137851743689069,True
50686,0.1792150140840833,True,0.1792150140840833,True
52687,0.2183487060505397,True,0.2183487060505397,True
05660,0.1588426984159165,True,0.1588426984159165,True
73678,0.1846202682881172,True,0.1846202682881172,True
15667,0.1811504657502856,True,0.1811504657502856,True
85325,0.18724478605741,True,0.18724478605741,True
70742,0.2357543664470872,True,0.2357543664470872,True
70708,0.2357543664470872,True,0.2357543664470872,True
20770,0.2079822727349517,True,0.2079822727349517,True
50689,0.1792150140840833,True,0.1792150140840833,True
13667,0.2137851743689069,True,0.2137851743689069,True
15673,0.1811504657502856,True,0.1811504657502856,True
68686,0.1751835953101328,True,0.1751835953101328,True
86757,0.2314213944686926,True,0.2314213944686926,True
15676,0.1811504657502856,True,0.1811504657502856,True
70713,0.2357543664470872,True,0.2357543664470872,True
52693,0.2183487060505397,True,0.2183487060505397,True
13670,0.2137851743689069,True,0.2137851743689069,True
15681,0.1811504657502856,True,0.1811504657502856,True
05664,0.1588426984159165,True,0.1588426984159165,True
70717,0.2357543664470872,True,0.2357543664470872,True
76670,0.1590938131982256,True,0.1590938131982256,True
52694,0.2183487060505397,True,0.2183487060505397,True
05665,0.1588426984159165,True,0.1588426984159165,True
23686,0.2397809521843081,True,0.2397809521843081,True
05667,0.1588426984159165,True,0.1588426984159165,True
05670,0.1588426984159165,True,0.1588426984159165,True
19693,0.2225297877342232,True,0.2225297877342232,True
47692,0.2264530921208074,True,0.2264530921208074,True
05674,0.1588426984159165,True,0.1588426984159165,True
68689,0.1751835953101328,True,0.1751835953101328,True
18753,0.2212326863924864,True,0.2212326863924864,True
47703,0.2264530921208074,True,0.2264530921208074,True
52683,0.2183487060505397,True,0.2183487060505397,True
47707,0.2264530921208074,True,0.2264530921208074,True
05679,0.1588426984159165,True,0.1588426984159165,True
52696,0.2183487060505397,True,0.2183487060505397,True
68705,0.1751835953101328,True,0.1751835953101328,True
47720,0.2264530921208074,True,0.2264530921208074,True
13673,0.2137851743689069,True,0.2137851743689069,True
15757,0.1811504657502856,True,0.1811504657502856,True
68720,0.1751835953101328,True,0.1751835953101328,True
73686,0.1846202682881172,True,0.1846202682881172,True
08675,0.1635341224390722,True,0.1635341224390722,True
15690,0.1811504657502856,True,0.1811504657502856,True
41676,0.200485645603982,True,0.200485645603982,True
47001,0.2264530921208074,True,0.2264530921208074,True
13683,0.2137851743689069,True,0.2137851743689069,True
19701,0.2225297877342232,True,0.2225297877342232,True
66682,0.169324647624077,True,0.169324647624077,True
05686,0.1588426984159165,True,0.1588426984159165,True
15693,0.1811504657502856,True,0.1811504657502856,True
13688,0.2137851743689069,True,0.2137851743689069,True
99624,0.3821107288614359,True,0.3821107288614359,True
15696,0.1811504657502856,True,0.1811504657502856,True
52699,0.2183487060505397,True,0.2183487060505397,True
05042,0.1588426984159165,True,0.1588426984159165,True
15686,0.1811504657502856,True,0.1811504657502856,True
19698,0.2225297877342232,True,0.2225297877342232,True
54680,0.2076902500365385,True,0.2076902500365385,True
86760,0.2314213944686926,True,0.2314213944686926,True
70820,0.2357543664470872,True,0.2357543664470872,True
05690,0.1588426984159165,True,0.1588426984159165,True
08685,0.1635341224390722,True,0.1635341224390722,True
66687,0.169324647624077,True,0.169324647624077,True
52720,0.2183487060505397,True,0.2183487060505397,True
81736,0.2331527450278192,True,0.2331527450278192,True
54720,0.2076902500365385,True,0.2076902500365385,True
25718,0.1589957001992672,True,0.1589957001992672,True
15720,0.1811504657502856,True,0.1811504657502856,True
15723,0.1811504657502856,True,0.1811504657502856,True
05736,0.1588426984159165,True,0.1588426984159165,True
25736,0.1589957001992672,True,0.1589957001992672,True
76736,0.1590938131982256,True,0.1590938131982256,True
15740,0.1811504657502856,True,0.1811504657502856,True
25740,0.1589957001992672,True,0.1589957001992672,True
86749,0.2314213944686926,True,0.2314213944686926,True
54743,0.2076902500365385,True,0.2076902500365385,True
25743,0.1589957001992672,True,0.1589957001992672,True
19743,0.2225297877342232,True,0.2225297877342232,True
68745,0.1751835953101328,True,0.1751835953101328,True
25745,0.1589957001992672,True,0.1589957001992672,True
13744,0.2137851743689069,True,0.2137851743689069,True
70001,0.2357543664470872,True,0.2357543664470872,True
27745,0.2805305637460625,True,0.2805305637460625,True
47745,0.2264530921208074,True,0.2264530921208074,True
25754,0.1589957001992672,True,0.1589957001992672,True
15753,0.1811504657502856,True,0.1811504657502856,True
68755,0.1751835953101328,True,0.1751835953101328,True
15755,0.1811504657502856,True,0.1811504657502856,True
15759,0.1811504657502856,True,0.1811504657502856,True
18756,0.2212326863924864,True,0.2212326863924864,True
08758,0.1635341224390722,True,0.1635341224390722,True
18785,0.2212326863924864,True,0.2212326863924864,True
15761,0.1811504657502856,True,0.1811504657502856,True
05756,0.1588426984159165,True,0.1588426984159165,True
05761,0.1588426984159165,True,0.1588426984159165,True
13760,0.2137851743689069,True,0.2137851743689069,True
25758,0.1589957001992672,True,0.1589957001992672,True
15762,0.1811504657502856,True,0.1811504657502856,True
15764,0.1811504657502856,True,0.1811504657502856,True
15763,0.1811504657502856,True,0.1811504657502856,True
19760,0.2225297877342232,True,0.2225297877342232,True
68770,0.1751835953101328,True,0.1751835953101328,True
08770,0.1635341224390722,True,0.1635341224390722,True
19780,0.2225297877342232,True,0.2225297877342232,True
73770,0.1846202682881172,True,0.1846202682881172,True
41770,0.200485645603982,True,0.200485645603982,True
25769,0.1589957001992672,True,0.1589957001992672,True
19785,0.2225297877342232,True,0.2225297877342232,True
68773,0.1751835953101328,True,0.1751835953101328,True
70771,0.2357543664470872,True,0.2357543664470872,True
25772,0.1589957001992672,True,0.1589957001992672,True
25777,0.1589957001992672,True,0.1589957001992672,True
17777,0.1694528733883225,True,0.1694528733883225,True
68780,0.1751835953101328,True,0.1751835953101328,True
25779,0.1589957001992672,True,0.1589957001992672,True
15774,0.1811504657502856,True,0.1811504657502856,True
15776,0.1811504657502856,True,0.1811504657502856,True
25781,0.1589957001992672,True,0.1589957001992672,True
15778,0.1811504657502856,True,0.1811504657502856,True
25785,0.1589957001992672,True,0.1589957001992672,True
27787,0.2805305637460625,True,0.2805305637460625,True
13780,0.2137851743689069,True,0.2137851743689069,True
20787,0.2079822727349517,True,0.2079822727349517,True
85400,0.18724478605741,True,0.18724478605741,True
81794,0.2331527450278192,True,0.2331527450278192,True
05789,0.1588426984159165,True,0.1588426984159165,True
52786,0.2183487060505397,True,0.2183487060505397,True
52788,0.2183487060505397,True,0.2183487060505397,True
97666,0.3102195661889153,True,0.3102195661889153,True
91798,0.2326684727295775,True,0.2326684727295775,True
05790,0.1588426984159165,True,0.1588426984159165,True
41791,0.200485645603982,True,0.200485645603982,True
05792,0.1588426984159165,True,0.1588426984159165,True
15790,0.1811504657502856,True,0.1811504657502856,True
85410,0.18724478605741,True,0.18724478605741,True
25793,0.1589957001992672,True,0.1589957001992672,True
41799,0.200485645603982,True,0.200485645603982,True
25797,0.1589957001992672,True,0.1589957001992672,True
47798,0.2264530921208074,True,0.2264530921208074,True
25799,0.1589957001992672,True,0.1589957001992672,True
15798,0.1811504657502856,True,0.1811504657502856,True
54800,0.2076902500365385,True,0.2076902500365385,True
41801,0.200485645603982,True,0.200485645603982,True
41797,0.200485645603982,True,0.200485645603982,True
25805,0.1589957001992672,True,0.1589957001992672,True
15804,0.1811504657502856,True,0.1811504657502856,True
15806,0.1811504657502856,True,0.1811504657502856,True
25807,0.1589957001992672,True,0.1589957001992672,True
54810,0.2076902500365385,True,0.2076902500365385,True
23807,0.2397809521843081,True,0.2397809521843081,True
41807,0.200485645603982,True,0.200485645603982,True
19807,0.2225297877342232,True,0.2225297877342232,True
19809,0.2225297877342232,True,0.2225297877342232,True
15808,0.1811504657502856,True,0.1811504657502856,True
15810,0.1811504657502856,True,0.1811504657502856,True
13810,0.2137851743689069,True,0.2137851743689069,True
05809,0.1588426984159165,True,0.1588426984159165,True
15814,0.1811504657502856,True,0.1811504657502856,True
25815,0.1589957001992672,True,0.1589957001992672,True
25817,0.1589957001992672,True,0.1589957001992672,True
15816,0.1811504657502856,True,0.1811504657502856,True
05819,0.1588426984159165,True,0.1588426984159165,True
54820,0.2076902500365385,True,0.2076902500365385,True
70823,0.2357543664470872,True,0.2357543664470872,True
68820,0.1751835953101328,True,0.1751835953101328,True
15820,0.1811504657502856,True,0.1811504657502856,True
25823,0.1589957001992672,True,0.1589957001992672,True
19821,0.2225297877342232,True,0.2225297877342232,True
76823,0.1590938131982256,True,0.1590938131982256,True
15822,0.1811504657502856,True,0.1811504657502856,True
19824,0.2225297877342232,True,0.2225297877342232,True
85430,0.18724478605741,True,0.18724478605741,True
76828,0.1590938131982256,True,0.1590938131982256,True
08832,0.1635341224390722,True,0.1635341224390722,True
23815,0.2397809521843081,True,0.2397809521843081,True
76834,0.1590938131982256,True,0.1590938131982256,True
15001,0.1811504657502856,True,0.1811504657502856,True
15832,0.1811504657502856,True,0.1811504657502856,True
52838,0.2183487060505397,True,0.2183487060505397,True
13836,0.2137851743689069,True,0.2137851743689069,True
13838,0.2137851743689069,True,0.2137851743689069,True
05837,0.1588426984159165,True,0.1588426984159165,True
15835,0.1811504657502856,True,0.1811504657502856,True
15837,0.1811504657502856,True,0.1811504657502856,True
15839,0.1811504657502856,True,0.1811504657502856,True
25839,0.1589957001992672,True,0.1589957001992672,True
25841,0.1589957001992672,True,0.1589957001992672,True
76845,0.1590938131982256,True,0.1590938131982256,True
15842,0.1811504657502856,True,0.1811504657502856,True
25845,0.1589957001992672,True,0.1589957001992672,True
27800,0.2805305637460625,True,0.2805305637460625,True
27810,0.2805305637460625,True,0.2805305637460625,True
05842,0.1588426984159165,True,0.1588426984159165,True
50370,0.1792150140840833,True,0.1792150140840833,True
44847,0.284318656230732,True,0.284318656230732,True
05847,0.1588426984159165,True,0.1588426984159165,True
44855,0.284318656230732,True,0.284318656230732,True
08849,0.1635341224390722,True,0.1635341224390722,True
25851,0.1589957001992672,True,0.1589957001992672,True
05854,0.1588426984159165,True,0.1588426984159165,True
23855,0.2397809521843081,True,0.2397809521843081,True
86865,0.2314213944686926,True,0.2314213944686926,True
68855,0.1751835953101328,True,0.1751835953101328,True
73854,0.1846202682881172,True,0.1846202682881172,True
20001,0.2079822727349517,True,0.2079822727349517,True
05856,0.1588426984159165,True,0.1588426984159165,True
18860,0.2212326863924864,True,0.2212326863924864,True
05858,0.1588426984159165,True,0.1588426984159165,True
68861,0.1751835953101328,True,0.1751835953101328,True
73861,0.1846202682881172,True,0.1846202682881172,True
05861,0.1588426984159165,True,0.1588426984159165,True
25506,0.1589957001992672,True,0.1589957001992672,True
15861,0.1811504657502856,True,0.1811504657502856,True
25862,0.1589957001992672,True,0.1589957001992672,True
76863,0.1590938131982256,True,0.1590938131982256,True
68867,0.1751835953101328,True,0.1751835953101328,True
25867,0.1589957001992672,True,0.1589957001992672,True
17867,0.1694528733883225,True,0.1694528733883225,True
05873,0.1588426984159165,True,0.1588426984159165,True
76869,0.1590938131982256,True,0.1590938131982256,True
54871,0.2076902500365385,True,0.2076902500365385,True
15407,0.1811504657502856,True,0.1811504657502856,True
25843,0.1589957001992672,True,0.1589957001992672,True
54874,0.2076902500365385,True,0.2076902500365385,True
19845,0.2225297877342232,True,0.2225297877342232,True
86885,0.2314213944686926,True,0.2314213944686926,True
25871,0.1589957001992672,True,0.1589957001992672,True
73870,0.1846202682881172,True,0.1846202682881172,True
17873,0.1694528733883225,True,0.1694528733883225,True
13873,0.2137851743689069,True,0.2137851743689069,True
44874,0.284318656230732,True,0.284318656230732,True
68872,0.1751835953101328,True,0.1751835953101328,True
85440,0.18724478605741,True,0.18724478605741,True
25873,0.1589957001992672,True,0.1589957001992672,True
73873,0.1846202682881172,True,0.1846202682881172,True
50001,0.1792150140840833,True,0.1792150140840833,True
41872,0.200485645603982,True,0.200485645603982,True
25875,0.1589957001992672,True,0.1589957001992672,True
25878,0.1589957001992672,True,0.1589957001992672,True
15879,0.1811504657502856,True,0.1811504657502856,True
50711,0.1792150140840833,True,0.1792150140840833,True
17877,0.1694528733883225,True,0.1694528733883225,True
25885,0.1589957001992672,True,0.1589957001992672,True
52885,0.2183487060505397,True,0.2183487060505397,True
41885,0.200485645603982,True,0.200485645603982,True
05885,0.1588426984159165,True,0.1588426984159165,True
05887,0.1588426984159165,True,0.1588426984159165,True
97889,0.3102195661889153,True,0.3102195661889153,True
05890,0.1588426984159165,True,0.1588426984159165,True
05893,0.1588426984159165,True,0.1588426984159165,True
85001,0.18724478605741,True,0.18724478605741,True
76890,0.1590938131982256,True,0.1590938131982256,True
76892,0.1590938131982256,True,0.1590938131982256,True
13894,0.2137851743689069,True,0.2137851743689069,True
68895,0.1751835953101328,True,0.1751835953101328,True
47960,0.2264530921208074,True,0.2264530921208074,True
05895,0.1588426984159165,True,0.1588426984159165,True
76895,0.1590938131982256,True,0.1590938131982256,True
15897,0.1811504657502856,True,0.1811504657502856,True
25898,0.1589957001992672,True,0.1589957001992672,True
25899,0.1589957001992672,True,0.1589957001992672,True
47980,0.2264530921208074,True,0.2264530921208074,True
