codigo_municipio,nbi_rate,nbi_urban,nbi_rural
05001,0.05230398664972173,0.051734986949670894,0.08568250195939625
05002,0.13958914243441645,0.08757755013706536,0.17346363465514003
05004,0.11630079402148528,0.0480225988700565,0.15003489183531055
05021,0.12676424464192368,0.06948228882833787,0.2044334975369458
05030,0.0966388129051598,0.07829649095687123,0.11389919266855772
05031,0.22377240454793704,0.11646967474764905,0.3692397660818713
05034,0.12288330137467254,0.09768495496988784,0.14697802197802196
05036,0.13026132056652703,0.08511722731906218,0.1592920353982301
05038,0.2052380952380953,0.1034191642043056,0.23490345590948222
05040,0.2799613179526145,0.1893045086047504,0.36556540424388934
05042,0.14129582861621529,0.09405681371907315,0.2351716961498439
05044,0.16332602568117757,0.06610169491525424,0.1853630426431041
05045,0.146740097512367,0.10906890800274717,0.31396080329058795
05051,0.6248715704554968,0.2572557994382607,0.8369134765390615
05055,0.17139462349621268,0.12882610158089472,0.2050531914893617
05059,0.08357348703170028,0.059602649006622516,0.096826688364524
05079,0.07012393267743888,0.05803716987283991,0.08133206634416033
05086,0.13385679566274067,0.09675405742821472,0.14971977582065651
05088,0.05575304609973621,0.05148862872813785,0.14959302605596492
05091,0.1621841890790546,0.11205882352941175,0.19502794372711502
05093,0.17180967549273343,0.13019457122267597,0.1876948468732808
05101,0.11847006843974704,0.0871125836957272,0.1712989882544482
05107,0.2566431214261689,0.1763029315960912,0.31318051575931233
05113,0.2913952225841477,0.14559763895720612,0.3469540768509841
05120,0.4983154670750383,0.35467886411282634,0.5344224596368514
05125,0.18617248752672844,0.13802256138022562,0.19934640522875818
05129,0.05473141066986087,0.04643403535041177,0.08982035928143713
05134,0.24641988651715757,0.10711225364181663,0.3105761641673244
05138,0.2279162365432827,0.08766370933671315,0.3031264159492524
05142,0.1213653603034134,0.09872480460715756,0.15748031496062992
05145,0.08924806746310612,0.06885919835560124,0.10632802410675851
05147,0.2098233995584989,0.15370996806929912,0.3396737142439095
05148,0.05846360482035593,0.040509716857759795,0.0869481302774427
05150,0.06234939759036145,0.05651011836578847,0.0841654778887304
05154,0.2210421624693638,0.17000567000567,0.5850746268656717
05172,0.21194067461031715,0.1523023700552225,0.5196806741323872
05190,0.13238105949836915,0.12955254942767952,0.1504571903574397
05197,0.14310004760933143,0.0926425919676004,0.17716759712885952
05206,0.12483978467059728,0.07077625570776255,0.16891577477896697
05209,0.18539500715931023,0.14947089947089948,0.21179393023004642
05212,0.03807933962512159,0.030755853273646584,0.07062106468231254
05234,0.4726166328600406,0.1540898291661953,0.6760604089890889
05237,0.061004024571065456,0.041814058956916096,0.1284257488846399
05240,0.13891310665504214,0.05277625068719076,0.1573377234242709
05250,0.35617994069275905,0.21108662485166976,0.5932203389830508
05264,0.07028135322929718,0.04500786163522012,0.10512056353291792
05266,0.02067045443802645,0.02011630902137946,0.03222474695310886
05282,0.11128894579598804,0.092469761997659,0.12437810945273632
05284,0.3409576848490876,0.0910221337975628,0.5074985500041429
05306,0.1536484081471228,0.1214902807775378,0.17223088923556942
05308,0.05050714137859656,0.029609979925437336,0.07906338787106887
05310,0.1039941548952752,0.05189903279075254,0.1595771457337025
05313,0.11039878300554166,0.1140235910878113,0.10538581046090108
05315,0.15315480557593544,0.06497175141242938,0.20943509615384617
05318,0.06214017224151877,0.036550213305661244,0.0801198963058976
05321,0.04358388110888825,0.03936251920122888,0.055865921787709494
05347,0.12423019749416012,0.09326923076923077,0.14872575123621148
05353,0.12121212121212119,0.08900999091734788,0.185792349726776
05360,0.03946462978254886,0.033859852983114766,0.08889890002627925
05361,0.35710025483923435,0.16932270916334663,0.4599311907359235
05364,0.09789637998959339,0.055453388032253505,0.1448934837092732
05368,0.09053050878145935,0.07411212210155563,0.11696597353497165
05376,0.04109752156088931,0.03830126956928109,0.06042255416498452
05380,0.03513327960359392,0.032810569006631735,0.04910480577949952
05390,0.12854276398294456,0.12344104308390025,0.16775599128540303
05400,0.0666891696402739,0.04794138727403042,0.09546510206576214
05411,0.13857251328777523,0.05437245129134572,0.17120280948200176
05425,0.13178826110806363,0.07109164420485176,0.17345050878815912
05440,0.05091896785875962,0.042256626328940276,0.07547038811358744
05467,0.15524570651249786,0.0897513644633111,0.180765595463138
05475,0.8173201206376562,0.9214057507987221,0.764380890477738
05480,0.43366132359942866,0.2667070462346053,0.5417701660347758
05483,0.15641353645772763,0.09886902590295511,0.18333902355752815
05490,0.5762883914627799,0.18781419666197466,0.7119828615579125
05495,0.5434456928838952,0.4311049425553242,0.6751649941234971
05501,0.120264803236484,0.08648648648648649,0.12273086029992107
05541,0.06857079350966883,0.054000000000000006,0.09148084619782733
05543,0.2736311440974653,0.15576923076923077,0.3220707370084963
05576,0.15856706470424883,0.12949829261886,0.19116347569955816
05579,0.13766030566343493,0.1209032258064516,0.24608641202254222
05585,0.1375443225859652,0.1033678756476684,0.1535018749243982
05591,0.1315041962556488,0.1055399719495091,0.13736350688400065
05604,0.2220347262311825,0.1553677396151771,0.28709309467403704
05607,0.046091015169194866,0.03228986936159724,0.0660950339406931
05615,0.05198039198613857,0.03804995595170234,0.08052996309375249
05628,0.27569435556124405,0.16147110332749562,0.34146833400564747
05631,0.01591326718118339,0.011434125146499727,0.04278120713305898
05642,0.16593553309174136,0.10380444138405923,0.20231854838709679
05647,0.2454328832406672,0.18687057068258117,0.2888765910348644
05649,0.12071244694914077,0.09140091116173121,0.14872771805687848
05652,0.19797051502967644,0.12211221122112212,0.2636655948553055
05656,0.132871392674941,0.09667998770365817,0.1684019918515165
05658,0.10230352303523035,0.06244087038789026,0.20286396181384247
05659,0.5982392957182873,0.2886473429951691,0.7516457211250749
05660,0.12992161455987022,0.07499244027819776,0.2109253065774805
05664,0.06668625146886016,0.04446564885496184,0.10229357798165138
05665,0.6614222990952635,0.3158771126467405,0.8913200022156983
05667,0.11117305088795094,0.07588790233074362,0.15872125630959058
05670,0.14845070422535211,0.08741030658838879,0.1806679290755724
05674,0.10974592761438816,0.057757644394110984,0.1314524391204981
05679,0.09814068510716249,0.06506781993316296,0.12699365460469902
05686,0.09225700164744646,0.06902008520998174,0.11968390804597702
05690,0.11544117647058824,0.07041666666666667,0.1306179775280899
05697,0.06795570980003304,0.052001206324587476,0.12052810902896083
05736,0.2314920444311018,0.18136714443219404,0.4550819672131148
05756,0.13235014874359136,0.08892137545286977,0.17541758588086986
05761,0.11306441024144726,0.07188423836937918,0.14940950288382313
05789,0.1240718239503173,0.08844146159582401,0.15353311135775066
05790,0.3241673632803907,0.2526383114806524,0.4117013990803248
05792,0.1624158696422246,0.1328996282527881,0.20181968569065345
05809,0.112238659982883,0.10444330949948927,0.11939948393150362
05819,0.2391304347826087,0.12588652482269505,0.29845201238390096
05837,0.3915000175112948,0.3396828189956668,0.4257661929628068
05842,0.2710409320864633,0.14026236125126135,0.3281215591279454
05847,0.2445252945252945,0.14224723462060937,0.3625102604283263
05854,0.2697419859265051,0.1841776110068793,0.30265848670756645
05856,0.08884373845585519,0.057608015028177834,0.1337837837837838
05858,0.2203161487336088,0.14146083740589088,0.38787538591074927
05861,0.09627238039330789,0.0688997244011024,0.1197311046511628
05873,0.78254984001969,0.9607142857142855,0.6738010305192232
05885,0.21783766442091756,0.09514435695538058,0.3352165725047081
05887,0.11751576362926176,0.0997528986884623,0.16650938450246408
05890,0.16119481892677767,0.07808647049153378,0.2005922693266833
05893,0.2601040416166467,0.1954022988505747,0.3367041198501872
05895,0.4577166140029935,0.23366425992779785,0.6490903484427999
08001,0.09102008982599577,0.0907778756568714,0.45788043478260865
08078,0.14277577059531946,0.13698710319395935,0.17188266457372706
08137,0.3498027181060938,0.36212341470750414,0.2638937434463475
08141,0.3296014330497089,0.3508928571428572,0.2757842473482284
08296,0.13652888355691278,0.13118151637849976,0.23251808473992422
08372,0.17845761631612495,0.16324551478907387,0.20762317942361327
08421,0.24834520924512607,0.27407830808802514,0.22196176104314705
08433,0.1291519080398316,0.12511658065604933,0.19295042831063053
08436,0.2386523163313056,0.2381061824867846,0.24384909786768727
08520,0.1816369476132462,0.1767397521448999,0.3306264501160093
08549,0.2051100070972321,0.19165435745937962,0.2175546448087432
08558,0.13334566302940631,0.11706305104838112,0.21402349486049924
08560,0.23214590808132582,0.21769361639174492,0.2518952794905489
08573,0.09170122743077376,0.08289191123836794,0.15500685871056238
08606,0.2953233596418895,0.3260250569476082,0.2271405084102694
08634,0.16332718577099808,0.15688967366424697,0.3030518097941802
08638,0.18143103280127437,0.156959597867302,0.25326226012793174
08675,0.33090909090909093,0.3499269272926562,0.20857814336075203
08685,0.14789593155229613,0.14194420099328076,0.27817745803357313
08758,0.08025927910402342,0.07921860332918214,0.7327080890973037
08770,0.18273455673300598,0.17413870246085011,0.4050925925925926
08832,0.1613461236043403,0.1536555142503098,0.16927499201533056
08849,0.13601592790527087,0.12717149220489976,0.27708703374777977
11001,0.03471188356173964,0.034549022894852885,0.11167041992316865
13001,0.12489537193298376,0.11603193995328921,0.2062691448444229
13006,0.5591603053435114,0.34466562290315367,0.6257903147363302
13030,0.5845265845265845,0.48798271671617605,0.6519035054655107
13042,0.3626726182173246,0.2713489409141583,0.5152757078986587
13052,0.2698360655737705,0.275674269038458,0.2462220885647696
13062,0.4187143211715066,0.5205944798301486,0.27538829151732375
13074,0.4701073779009352,0.32564689315261397,0.5638565227324651
13140,0.4080263039365823,0.36026458776281595,0.47185099442281375
13160,0.3935117835321501,0.17816711590296497,0.6460176991150441
13188,0.339405487804878,0.33805901337021665,0.3420342034203421
13212,0.2994930629669157,0.5111430625449317,0.2178574729642296
13222,0.8494320237320021,0.888632675719532,0.6321022727272727
13244,0.4154595108050344,0.33323314297164613,0.6503348405929826
13248,0.29398295382266887,0.3393598827266064,0.24469214437367304
13268,0.47871163948023215,0.2807017543859649,0.5991551800800355
13300,0.5045029736618521,0.4054742202418841,0.5405656003708855
13430,0.2645072212503236,0.23224062414453872,0.33558632126435334
13433,0.2863960887785193,0.41813577481250613,0.1991615607868429
13440,0.3669753086419753,0.2946708463949843,0.3811692307692308
13442,0.46598707001169437,0.4815016591550691,0.4535216872264226
13458,0.6311061618411284,0.4660300136425648,0.6928097909229984
13468,0.29197620866023277,0.20507532281205165,0.38469265725902896
13473,0.5868936716993254,0.42099932478055363,0.6639485651560295
13490,0.663286004056795,0.3866336633663367,0.7585207907293797
13549,0.6236669664653732,0.5041798789276448,0.6445171026156942
13580,0.27010309278350514,0.23905511811023625,0.31574074074074077
13600,0.4353230769230769,0.30958842152871996,0.5854712395355117
13620,0.25596994902066006,0.29553805774278213,0.12593444508338122
13647,0.3285506719941882,0.35739498764560534,0.26552256074045505
13650,0.4073240589198036,0.2225186766275347,0.45115160718805364
13654,0.9344401511613095,0.980778565187846,0.610715496778569
13655,0.6504517885876965,0.5260663507109005,0.70059048280653
13657,0.3839094092398057,0.4273814932606391,0.2563333333333333
13667,0.45589959313150813,0.3185437997724687,0.5852189048065337
13670,0.3907422512234911,0.3292650570443088,0.5948898678414097
13673,0.5778189329724339,0.949812734082397,0.34946545579951716
13683,0.7091156462585034,0.7274694426574654,0.46316614420062696
13688,0.28056736548893124,0.15001182592242196,0.4934438873891246
13744,0.34591194968553457,0.1799964532718567,0.44311688311688324
13760,0.28289974964623926,0.2758050286722541,0.823529411764706
13780,0.26344881276761384,0.25057736720554274,0.2749520860975969
13810,0.6031365107712914,0.4414355628058728,0.6872242958941297
13836,0.17193535271396626,0.15935682070723575,0.3472517461281506
13838,0.48565362840967574,0.5397604391948095,0.30096536059057355
13873,0.39929027679205115,0.3946178686759957,0.4332681017612524
13894,0.4191079440485616,0.3933644677952909,0.6620752984389349
15001,0.036320047947258016,0.032142006493587894,0.12753147235905857
15022,0.07458912768647281,0.012738853503184712,0.08990536277602523
15047,0.13001443001443003,0.09888965995836224,0.15217391304347827
15051,0.08940701303469799,0.04751892346509672,0.12186379928315412
15087,0.07634526085768915,0.05042391789379742,0.11725352112676056
15090,0.15048543689320387,0.03307888040712468,0.19447092469018115
15092,0.11134564643799472,0.05351170568561873,0.12218045112781954
15097,0.19748580697485807,0.10398230088495575,0.2765718562874252
15104,0.11225402504472273,0.08482142857142858,0.11710526315789474
15106,0.1561429270680372,0.07296137339055794,0.18072289156626506
15109,0.14599056603773583,0.056899004267425314,0.16369804919423242
15114,0.10379464285714286,0.11707317073170731,0.0925925925925926
15131,0.153322528363047,0.10638297872340424,0.15719298245614033
15135,0.20739371534195927,0.08755760368663594,0.2453748782862707
15162,0.08608360836083609,0.05452292441140025,0.1112759643916914
15172,0.13359319631467043,0.07130434782608695,0.1764354066985646
15176,0.05280662854475435,0.04387420834243285,0.12553342816500712
15180,0.28826317256760525,0.125,0.3388097845929171
15183,0.427278603749192,0.2401263823064771,0.4881768334475668
15185,0.2292040694195093,0.05772811918063315,0.275958365067276
15187,0.20553359683794464,0.1404255319148936,0.2187635105923044
15189,0.09995547640249333,0.049710024855012434,0.11841704718417048
15204,0.10523498554758592,0.078125,0.10953975933507008
15212,0.13845644253063927,0.07671232876712328,0.1581476627348187
15215,0.14602662363856395,0.10051546391752575,0.2222222222222222
15218,0.2683114880493446,0.08459869848156183,0.3080168776371308
15223,0.6110440555220278,0.18147625763986835,0.7279590531030071
15224,0.10962962962962963,0.11065292096219932,0.10885416666666665
15226,0.09582309582309582,0.027888446215139445,0.10820624546114739
15232,0.17759374281113413,0.1661631419939577,0.1785358565737052
15236,0.16836428999400838,0.0957792207792208,0.2108262108262108
15238,0.03382817786991271,0.02920110192837466,0.06986899563318777
15244,0.3089574898785425,0.25710293432696785,0.3706371191135734
15248,0.13130535232961107,0.08631921824104234,0.17165814463111762
15272,0.06530737390771119,0.023713826366559485,0.0909541511771995
15276,0.1567211055276382,0.10984182776801406,0.1827956989247312
15293,0.10459183673469388,0.05405405405405405,0.11740520785746916
15296,0.14630261660978383,0.07948523845571537,0.17501626545217955
15299,0.07312012592115619,0.04683884106266777,0.16257088846880907
15317,0.11678004535147393,0.15151515151515152,0.09914529914529917
15322,0.06778816199376947,0.062023939064200215,0.09108040201005023
15325,0.099384914211719,0.04776119402985074,0.12428023032629561
15332,0.29744897959183675,0.03764320785597382,0.4151223128243143
15362,0.08539094650205761,0.059534081104400345,0.12356687898089172
15367,0.12111604311984779,0.05463182897862233,0.1453287197231834
15368,0.3607344632768361,0.1417004048582996,0.44553291536050155
15377,0.3700813008130081,0.12104283054003724,0.5037481259370314
15380,0.07136602451838879,0.03369565217391304,0.0967741935483871
15401,0.1684100418410042,0.003048780487804878,0.25477707006369427
15403,0.13121845710165825,0.07260726072607261,0.176696542893726
15407,0.08270834793579589,0.07001909611712284,0.09825327510917033
15425,0.07878270762229807,0.00814663951120163,0.10615627466456196
15442,0.3203212551363467,0.1369472182596291,0.3479475607135181
15455,0.07683863885839737,0.050920245398773004,0.11514052583862194
15464,0.20813953488372092,0.12198795180722892,0.2824956672443674
15466,0.12066752246469832,0.08680704770090245,0.17091836734693877
15469,0.09832099482266417,0.04934240362811791,0.15432482887367763
15476,0.15269804822043628,0.04055944055944056,0.17047217911771229
15480,0.23062429343047358,0.19122609673790777,0.31062047963456413
15491,0.04033854344413351,0.03888213851761847,0.04107896633377947
15494,0.15215654952076677,0.1027749229188078,0.1640644361833953
15500,0.06614229531641044,0.015,0.07467667918231122
15507,0.2757189869795393,0.1068975813675724,0.43104395604395607
15511,0.08624502432551968,0.054655870445344125,0.09507640067911714
15514,0.1323076923076923,0.06420545746388444,0.1828469326980345
15516,0.05116249155867125,0.029446773275371322,0.08680142687277051
15518,0.11347150259067355,0.09429824561403509,0.13064833005893908
15522,0.1519456454601606,0.06274509803921569,0.23185011709601877
15531,0.2594807238394965,0.11138491867915229,0.32894128525196487
15533,0.5934012615235322,0.19187358916478556,0.7033374536464772
15537,0.07103960396039603,0.04702313234736443,0.11617961511047756
15542,0.12855844942459116,0.07216035634743875,0.15760495526496904
15550,0.34007585335018964,0.188212927756654,0.41571969696969696
15572,0.14207278337417187,0.11438939728621016,0.212901663168093
15580,0.4046256556986171,0.2605633802816902,0.46776406035665297
15599,0.12220943613348677,0.051791786555061475,0.17752208752825147
15600,0.1403725006847439,0.0654627539503386,0.17298997444466288
15621,0.07911392405063292,0.020869565217391303,0.09957238851557727
15632,0.15993190574321298,0.08907741251325557,0.16647093364650614
15638,0.09019282604188264,0.05426356589147287,0.12731871838111297
15646,0.09282241921647126,0.06575539568345323,0.11067869008068344
15660,0.12066752246469832,0.035555555555555556,0.1857304643261608
15664,0.17711464147702877,0.1310782241014799,0.18884698275862066
15667,0.15284516982796648,0.08133521391631407,0.2160365600332364
15673,0.2047172664045963,0.07394668959587274,0.2756529850746269
15676,0.0889348500517063,0.11029411764705882,0.08543922984356196
15681,0.225501973571306,0.11747430249632894,0.23979790128254955
15686,0.15357509910438996,0.0890671169269734,0.18797838811346237
15690,0.10830908503071451,0.057331303906646376,0.1978609625668449
15693,0.06295511107014472,0.03187943776264309,0.11727456940222895
15696,0.10054719562243503,0.11178861788617889,0.09484536082474229
15720,0.2116076014381099,0.0834597875569044,0.27717391304347827
15723,0.07662835249042145,0.04794520547945205,0.08776595744680851
15740,0.19777410136862683,0.20967741935483872,0.19537321525393098
15753,0.07592242194891202,0.04959349593495935,0.1461405030355594
15755,0.27309744453805107,0.09896602658788774,0.31397364771151176
15757,0.09016940109377083,0.07153008053055424,0.11419847328244276
15759,0.03593215233090383,0.030645419678279637,0.0778425220379501
15761,0.08925549915397632,0.02345058626465661,0.11148839841539332
15762,0.14810518174787315,0.10065645514223195,0.158290277125411
15763,0.1835785238274865,0.07340553549939831,0.1964335860713283
15764,0.11300785250938888,0.08203677510608204,0.12286228622862286
15774,0.14990215264187867,0.08808290155440414,0.16801619433198378
15776,0.11138140747176369,0.05808929428708593,0.14161220043572983
15778,0.11749497270899166,0.06828528072837634,0.12898653437278526
15790,0.1075875486381323,0.0620782726045884,0.12602515035538542
15798,0.09398715703444249,0.03824091778202677,0.1184873949579832
15804,0.1458779106356199,0.07108140947752126,0.16542308302905223
15806,0.06997005172883201,0.02893352462936394,0.09507093754570718
15808,0.11885674451028232,0.046767537826685,0.14332399626517275
15810,0.2441344324667089,0.14427312775330395,0.2845057880676759
15814,0.09888595383025152,0.07158145065398334,0.12438916037316748
15816,0.2535511363636364,0.08237232289950576,0.28227813104782973
15820,0.12149532710280374,0.1337958374628345,0.11657414750198257
15822,0.16710816777041942,0.0754226267880364,0.1858548258441904
15832,0.209043250327654,0.10756972111553784,0.2290196078431373
15835,0.12133676092544989,0.07560975609756097,0.14610303830911492
15837,0.11727864423431168,0.04432855280312907,0.14601163984936663
15839,0.15997770345596432,0.16568047337278105,0.1593846153846154
15842,0.10195510499637944,0.1067193675889328,0.10113694213473613
15861,0.06705309861170745,0.06357388316151202,0.06774858320453374
15879,0.13245546088303642,0.06053268765133172,0.14615029967727064
15897,0.19405430711610486,0.06332703213610585,0.2370877411325451
17001,0.0620234552243708,0.05767067927310298,0.12899486669978474
17013,0.11006090133982947,0.08386214976081226,0.13616028010114764
17042,0.1066543673261658,0.08766838243346842,0.13296903460837886
17050,0.09833570123807592,0.06255924170616113,0.16259931895573213
17088,0.17824241796915433,0.09248419573870288,0.2461966604823748
17174,0.07992049360221955,0.07152487215248722,0.14835164835164835
17272,0.10849890772911681,0.05537837054218614,0.1382219338092148
17380,0.12600237385287905,0.11302812337998963,0.2348464256591465
17388,0.12246431254695718,0.06602254428341385,0.152845998266397
17433,0.17137316688886195,0.1800840607824119,0.16018274955004844
17442,0.14661166764879197,0.12302839116719244,0.14958853198831962
17444,0.12716284460634159,0.09789715497437709,0.1529595015576324
17446,0.07880826525708794,0.034023668639053255,0.100355871886121
17486,0.11775976418570376,0.06570841889117043,0.18145073192047192
17495,0.18012108980827446,0.10354430379746836,0.33166332665330667
17513,0.13255315894141043,0.1096774193548387,0.1541896115493377
17524,0.09251297257227575,0.08526632302405499,0.09633235227529997
17541,0.10703220903723622,0.05811470408785845,0.1374277319685338
17614,0.11313838207114887,0.05755773268019595,0.144018921721099
17616,0.11463414634146339,0.06379627198739826,0.14674183385839829
17653,0.10297427163797822,0.0967555598344084,0.11364387182028411
17662,0.13533057851239672,0.072552783109405,0.16210905518257734
17665,0.137511071744907,0.037437603993344414,0.17380808690404342
17777,0.11181363140265703,0.0664023015317627,0.15441283734500366
17867,0.1354933726067747,0.10357862903225806,0.16578947368421051
17873,0.06861227681064606,0.05895787670602103,0.13117689185963236
17877,0.08724346076458753,0.07379969992498124,0.1686541737649063
18001,0.14509358972677308,0.1329713101436298,0.2650611019795612
18029,0.20169608067843228,0.12133468149646108,0.2683438155136268
18094,0.2849123610951999,0.22698524244553758,0.3934804082976622
18150,0.3814501045219496,0.30300611864857674,0.47788406508053305
18205,0.2297059222116818,0.19604454685099848,0.3104560110548134
18247,0.204131572956977,0.16923447279730378,0.2892367906066536
18256,0.24286382779597568,0.19777949909630776,0.3116627265563436
18410,0.32853175980562305,0.17139119058002616,0.3675658108547286
18460,0.47106017191977073,0.1529535864978903,0.521054376657825
18479,0.2122388059701493,0.14231188658669575,0.2968337730870713
18592,0.32041836043360433,0.21905966687750367,0.4740598700330244
18610,0.2672138622891017,0.1907894736842105,0.3623336745138178
18753,0.30465264499681327,0.20912601243171974,0.4083750894774517
18756,0.4471680400542401,0.2716911764705882,0.5166739478666085
18785,0.2727966425028615,0.22379158819836786,0.34873540856031127
18860,0.2765058119056006,0.13333333333333333,0.36740570112294846
19001,0.09097438265158427,0.06986191154993135,0.20019453932635106
19022,0.3369848090540459,0.2132780082987552,0.34671628149889017
19050,0.2339774153074028,0.1846218842416561,0.2406310513725937
19075,0.20360770207363518,0.279265493496557,0.1746855805791167
19100,0.2748631578947369,0.19849690539345713,0.2859715121700267
19110,0.15180694246314788,0.11433597185576078,0.15357483713017137
19130,0.23558244144563364,0.07405515832482125,0.24602833834263632
19137,0.23775288413308812,0.1657488986784141,0.24159084238332845
19142,0.22910069664344523,0.07976307996051332,0.26654784890341104
19212,0.1884158461609578,0.124411459580241,0.2765326301911668
19256,0.23404918330779814,0.14657210401891255,0.24022128937199408
19290,0.12261741010021615,0.13451776649746192,0.11901714870744817
19300,0.04953276076270729,0.03898276727455245,0.054562858966177415
19318,0.7068349106203996,0.835554568339997,0.5375401694420099
19355,0.19003397508493772,0.10057708161582851,0.19432685840883018
19364,0.1557512383048982,0.09482178883658372,0.16184582268263148
19392,0.23029693004529442,0.354320987654321,0.20613349368610945
19397,0.1698943216868079,0.25384615384615383,0.1652345626300902
19418,0.4277303697823642,0.6235161107970605,0.4017830386574768
19450,0.2550317438876131,0.2923076923076923,0.2319965031144137
19455,0.09337771548703572,0.0702988686891428,0.1314397103870788
19473,0.2707737835020345,0.15,0.2804227039982569
19513,0.08319068812050669,0.08767123287671233,0.07871321013004791
19517,0.21657490890715178,0.10593512767425811,0.22581481801677186
19532,0.2067628080815204,0.1587505348737698,0.24040537299112497
19533,0.21673217293655248,0.1271585557299843,0.24956838672549395
19548,0.13515863971690759,0.11614032296555564,0.14666666666666667
19573,0.07976011994002999,0.08108260501832534,0.06945054945054946
19585,0.2075041876046901,0.1488344291691572,0.21491095683670391
19622,0.1815552699228792,0.16322517207472959,0.18379612934246903
19693,0.15835807145050673,0.2355848434925865,0.15324165029469547
19698,0.12193229013718168,0.07554368561617703,0.16736558023666182
19701,0.3561809045226131,0.3094017094017094,0.3624145785876993
19743,0.14176153385260634,0.061814788896664336,0.15354208916234147
19760,0.185554903112155,0.19103313840155944,0.1853085553997195
19780,0.2857215654300856,0.22922486033519554,0.3090097869890616
19785,0.35478148685695854,0.5926258992805755,0.3028099823147966
19807,0.17466583773702207,0.12935212107656752,0.20706936077197846
19809,0.6412510409919497,0.7728742321370838,0.5884754990925589
19821,0.2250603510145495,0.1050761421319797,0.23330079486821922
19824,0.25730713943459516,0.33281613653995346,0.2523364485981308
19845,0.11177442567027343,0.12842365967365968,0.06636201072918736
20001,0.17826291162243546,0.13968677224324805,0.4543257612373127
20011,0.1879474190982543,0.1605319288378356,0.385826094435366
20013,0.2866695168875588,0.27480995739704284,0.34028892455858745
20032,0.37750895085168706,0.37957693546655213,0.37539743449183205
20045,0.3552310247142717,0.25983601347486174,0.6717991984813331
20060,0.3177151390703752,0.31072617502680133,0.4383828543594739
20175,0.3037130021141649,0.30860791423616585,0.300181962925054
20178,0.25459667852906287,0.2853047032269871,0.20703014268165926
20228,0.28662475238997503,0.27327992270220214,0.31979187512507506
20238,0.2698423817863398,0.24659192825112108,0.3528
20250,0.22784517619872904,0.30782182764426763,0.20924271015060347
20295,0.23360655737704922,0.2468578401464308,0.2080489526947517
20310,0.2124442240951909,0.13160032493907392,0.24794862647163757
20383,0.24555111983219435,0.20694417044782007,0.26570545829042225
20400,0.2127957742683124,0.16984328674290555,0.3514930476407568
20443,0.275854654912922,0.24008919722497524,0.5105691056910568
20517,0.25577380952380957,0.2222650825489893,0.3689421573736321
20550,0.26759344404175905,0.24777459555693165,0.3135775862068965
20570,0.6455212406097615,0.2636319961566178,0.8657615848167901
20614,0.2167545807884509,0.13866182258552834,0.2828761855934376
20621,0.2853859413905382,0.24983991462113128,0.3758316361167685
20710,0.13734614882790414,0.1081814236111111,0.2552071914053936
20750,0.2252023745277928,0.1755015020835352,0.2876628912434539
20770,0.24090553491101116,0.19794050343249428,0.29460946094609464
20787,0.2590485671620565,0.2988081248950814,0.2298297557364915
23001,0.1879873585312524,0.12726108259912206,0.46129122771216485
23068,0.4761696207749382,0.3568335920267952,0.6799916282963584
23079,0.40934365460095945,0.278561736770692,0.4971751412429379
23090,0.7537590182725373,0.4065104166666666,0.8750796105904831
23162,0.2519003795559715,0.22294880785413745,0.29410862619808303
23168,0.37911354876964126,0.4598029869717191,0.3545674238762688
23182,0.250164026619177,0.22656094155196488,0.2710838048090523
23189,0.36872312448914324,0.2878463868840773,0.4223811775833531
23300,0.2419981498612396,0.3190795433955427,0.2022251308900524
23350,0.3054685793344498,0.31901509705248027,0.24760076775431863
23417,0.3340342963956276,0.2753321755987238,0.393466083329926
23419,0.707918922321541,0.513790162069946,0.7631174710970976
23464,0.2666625676340384,0.3176764869371873,0.1659963436928702
23466,0.269924204425124,0.16095534787123572,0.6522804372408594
23500,0.6834429169157202,0.4408918078119599,0.7561240872132166
23555,0.33104821976927545,0.23585909844790454,0.524788391777509
23570,0.4286191041234055,0.27368183357796094,0.5043895974821931
23574,0.7379069528602238,0.428758855943322,0.8131264764093724
23580,0.5555335240631107,0.2524330376367238,0.7040773256795544
23586,0.3608352605087743,0.290656954755568,0.42707920137511574
23660,0.2529092649718115,0.23201584067053713,0.2787911983234902
23670,0.7257914892604838,0.5262156448202959,0.7837389889813082
23672,0.29574893206559183,0.3116223084124649,0.2788830467528776
23675,0.41984577232734316,0.28559833024118736,0.4754720607312737
23678,0.38602753697093317,0.23856209150326801,0.4188487115544472
23682,0.5282575278054074,0.4351145038167939,0.608235294117647
23686,0.37174373368789093,0.22045322486926205,0.41241525820862884
23807,0.5601249227972452,0.3908562048905304,0.718109313747578
23815,0.7797567007219044,0.5183844817602781,0.8342641509433961
23855,0.5593148172409276,0.3250780437044745,0.7688155363901471
25001,0.0807983878706458,0.0687537627934979,0.1280718336483932
25019,0.09949324324324324,0.07193396226415094,0.11055871212121213
25035,0.10338004946413851,0.0658682634730539,0.1329207191276157
25040,0.09801980198019802,0.06669948314053654,0.11381407471763684
25053,0.10142515343805264,0.1066699975018736,0.09768270944741532
25086,0.09598603839441536,0.10422535211267606,0.093841642228739
25095,0.09671614934772829,0.04846938775510204,0.10704533042053525
25099,0.05335128975448047,0.045098039215686274,0.08487269096355467
25120,0.10304449648711944,0.07685352622061484,0.11219974715549937
25123,0.09388151505341537,0.08433390508862207,0.09967065349280638
25126,0.032048575756823204,0.03211927343472324,0.03190900025852199
25148,0.29183713228131697,0.20184842883548984,0.3240312128025393
25151,0.07521865889212828,0.07403466099118274,0.07609800158067066
25154,0.13023890784982936,0.09503135552339603,0.14413556740289413
25168,0.14775804995486008,0.08540925266903913,0.1689516129032258
25175,0.030375991239039092,0.028598060790098304,0.03786958282705549
25178,0.09519944341372913,0.04634239754883186,0.11641443538998836
25181,0.08219178082191782,0.04367699339766379,0.10578718108276292
25183,0.07760950486971596,0.043580222786789136,0.11474885357790338
25200,0.03595980962453728,0.02675629366020825,0.04124413500832451
25214,0.0411618416018365,0.04151373871639718,0.04052847705766827
25224,0.11496715224221653,0.09397163120567376,0.11899897854954034
25245,0.06755737050024413,0.04617374863170465,0.08477564102564102
25258,0.2576633892423366,0.1196388261851016,0.2779436152570481
25260,0.07612124537100536,0.08004443974182626,0.05116122517670818
25269,0.04046529904137722,0.036018687791996754,0.08682026088429612
25279,0.06521536887152293,0.02560036248300861,0.09281767955801104
25281,0.13342923934544146,0.054607508532423216,0.1544771018455229
25286,0.03359435314878129,0.03278892483090914,0.06515957446808511
25288,0.08993399339933994,0.03592814371257485,0.09186071352275156
25290,0.04665010899203257,0.04103942652329749,0.07786251931608594
25293,0.17545475477780337,0.045242847638057214,0.2443661971830986
25295,0.047647732064333474,0.04192796989786776,0.05938591652877367
25297,0.15995040297582144,0.04186489058039962,0.2357491856677525
25299,0.08740105540897097,0.05745341614906832,0.09547738693467336
25307,0.07536184390190616,0.0689945454755123,0.18972659486329743
25312,0.04971735034062908,0.07612833061446439,0.04011857707509882
25317,0.11892284124808514,0.10719108710330857,0.12964963728970522
25320,0.09415028147181202,0.052785210411092194,0.13603152450537723
25322,0.04747893540189915,0.02985074626865672,0.05961386473975387
25324,0.12512664640324214,0.16338751069289992,0.06956521739130435
25326,0.07794955248169243,0.019013128112267998,0.11102642276422764
25328,0.10321864594894561,0.03254437869822485,0.1308880308880309
25335,0.09864004131520057,0.056362579895409645,0.11643835616438356
25339,0.11295681063122924,0.10502793296089384,0.11589403973509932
25368,0.14525691699604742,0.15736040609137056,0.13754045307443366
25372,0.16201654800846643,0.07111111111111111,0.17558602388323752
25377,0.03140292202077099,0.018561835056213685,0.04263463569165786
25386,0.08911677370347353,0.03368564188145126,0.15927403582883515
25394,0.20264660093409442,0.09400769653655855,0.29975429975429974
25398,0.30077691453940064,0.1262683201803833,0.3350298738658995
25402,0.07530258924467596,0.05065389574507276,0.09285245901639344
25407,0.10282557892500532,0.04636951833213516,0.1265078407720145
25426,0.12786449684490203,0.1069345430978613,0.13507479348068763
25430,0.03664416586306654,0.034027881876780096,0.0663265306122449
25436,0.07602163461538462,0.047263681592039794,0.08518225039619651
25438,0.2124088595405145,0.08767338393090814,0.3506380510440835
25473,0.0345592799503414,0.03415980133233474,0.059459459459459456
25483,0.09857142857142857,0.08354755784061696,0.14154411764705882
25486,0.04500737825873094,0.03455381201458234,0.05620648667006283
25488,0.07916666666666666,0.05280649926144756,0.09595484477892756
25489,0.12912716574043806,0.04383116883116883,0.15063446582071224
25491,0.1091644204851752,0.06943653955606147,0.12947337794588304
25506,0.13419386264003896,0.07978723404255318,0.15480188045668233
25513,0.08157482978813381,0.054475333440462806,0.111686456566378
25518,0.35469641930461854,0.1600831600831601,0.38244885858286404
25524,0.12864385297845374,0.08925143953934742,0.13976164680390032
25530,0.1557305336832896,0.12643678160919541,0.1773003472222222
25535,0.08174073221275617,0.0845121508886471,0.08045201551695058
25572,0.1376352869103533,0.09841731853738402,0.25426021098187723
25580,0.10380348652931853,0.03944773175542407,0.11998016856717898
25592,0.11221047897458959,0.031746031746031744,0.11968542639469158
25594,0.09719967532467531,0.06285253827558421,0.1087605098996474
25596,0.18592471358428805,0.1487341772151899,0.1902154070828769
25599,0.18406374501992037,0.08200455580865604,0.2732702837232454
25612,0.09307499768239548,0.07565290648694187,0.11438582028029678
25645,0.07361301705547932,0.03605769230769231,0.07694770544290287
25649,0.08670988654781199,0.05447714464621165,0.11116389548693587
25653,0.08038585209003216,0.005703422053231939,0.09155530281489906
25658,0.0750853242320819,0.04700854700854701,0.09577621341237495
25662,0.1297037630104083,0.045628834355828235,0.17458043389275482
25718,0.08517044843531563,0.06564822460776218,0.09204595026901265
25736,0.057566980448950034,0.025724423418095804,0.07161492303678581
25740,0.059503030687696364,0.053261977573904176,0.07794652943391489
25743,0.08010511971968075,0.05968832696265804,0.09020806052669869
25745,0.052397945861258594,0.04513299377475948,0.06401266681746211
25754,0.05365805995334756,0.05302748450069251,0.13334650335835638
25758,0.02889543565115622,0.028553114620360122,0.029666579154633763
25769,0.037483176312247644,0.03304178814382896,0.0416612250228549
25772,0.04982137057486197,0.0453530560982417,0.053712480252764615
25777,0.10410495133305121,0.032535297728667895,0.1417500807232806
25779,0.13057796805532684,0.09488372093023256,0.15014019882742802
25781,0.07588436667934575,0.06158833063209076,0.08365130613442912
25785,0.03933868222708485,0.024545744341727765,0.04583304177454342
25793,0.08096803107260232,0.0846774193548387,0.08012467913458013
25797,0.07181840734309104,0.028419182948490232,0.07507667689025203
25799,0.04590534171249019,0.04483727464294076,0.04667681380010147
25805,0.1113365457773269,0.06994328922495274,0.11775043936731108
25807,0.1162217659137577,0.04201680672268908,0.13425216947422153
25815,0.11171439196727408,0.09078114004222378,0.1479975604797723
25817,0.04235587062022003,0.044648117839607204,0.04090191844531185
25823,0.2741981265966506,0.1185897435897436,0.3076923076923077
25839,0.21133018605942794,0.3050682261208577,0.19575777202072542
25841,0.15320813771517997,0.046966731898238745,0.17343517138599104
25843,0.052521590251026005,0.038591056034482756,0.09380301367129029
25845,0.11925807853934212,0.12005532503457816,0.11838101034692636
25851,0.16919631749191344,0.11316695352839931,0.24601769911504423
25862,0.22415506958250497,0.08348457350272233,0.2555735711390353
25867,0.11744613767735157,0.06324666198172874,0.1498111624003357
25871,0.10265486725663717,0.08717948717948718,0.1108108108108108
25873,0.08758062476286835,0.06064902331442974,0.10564124234100992
25875,0.08414819431999689,0.05973715651135006,0.13717251606524963
25878,0.14587653533258893,0.11189801699716714,0.16321368344977114
25885,0.406172499311105,0.15055833654216402,0.486248492159228
25898,0.07717881738304441,0.06454316848281642,0.08217362491716368
25899,0.03116276905899138,0.026595845584748166,0.05161865918939587
27001,0.7280990282973862,0.7376925372021035,0.6439610761305095
27006,0.3644481190574618,0.3187471211423308,0.4177714080974561
27025,0.7784921098772648,0.45098039215686275,0.8246332634787579
27050,0.42500910083727705,0.325434439178515,0.5101282916948008
27073,0.7052023121387283,0.5124064592359197,0.7662840029947592
27075,0.24608648056923918,0.22486865148861646,0.28145985401459855
27077,0.6586634870738713,0.4456664048180152,0.7142564242755605
27099,0.6756077116512992,0.33087557603686635,0.7100968188105118
27135,0.43515901060070666,0.5878274268104776,0.30580939947780683
27150,0.7567691251620776,0.7295632698768197,0.7610596026490066
27160,0.5174033739056161,0.4573853989813243,0.619102416570771
27205,0.6649771092217135,0.7332632685233841,0.4258373205741627
27245,0.3647758926310458,0.06392329204954054,0.5043558850787767
27250,0.7022195353657483,0.5747863247863247,0.7198034398034397
27361,0.8395919412044316,0.924547380585516,0.5714936939674822
27372,0.5611002921129504,0.3335351089588378,0.7141693811074918
27413,0.7662410394265232,0.686280487804878,0.8126770538243626
27425,0.516370808678501,0.9131403118040088,0.477818653971002
27430,0.6321239663264546,0.9580801944106926,0.586567037445869
27450,0.6409236548447685,0.8653317628582645,0.5530442804428044
27491,0.5001224889759921,0.5758300927310799,0.4476249740717694
27495,0.5092592592592592,0.33035714285714285,0.5829248366013072
27580,0.430939226519337,0.422266139657444,0.4353175922846691
27600,0.5833960371206421,0.3711810305517556,0.663898979415326
27615,0.751529195632659,0.9686692253465966,0.6726248078784084
27660,0.2946409658970557,0.17172464840858623,0.3439169139465876
27745,0.49096820809248565,0.6293823038397329,0.45274319963116644
27787,0.5476541752729419,0.5668777007335946,0.5203031169573921
27800,0.48589238845144356,0.3369252873563219,0.563498003992016
27810,0.52152369154537,0.8629251700680273,0.23621375781694146
41001,0.07570138201780983,0.07202051016655998,0.13085399449035812
41006,0.19330673397931764,0.13340635268346113,0.20698104715707355
41013,0.18325950104919564,0.17557932263814618,0.19777628032345013
41016,0.15238485718190517,0.1435722867440929,0.17133017649591045
41020,0.20214838870846866,0.1906293987532677,0.2135266660045685
41026,0.08897637795275591,0.08476710029374739,0.09600560616678344
41078,0.20790995779271534,0.1612250794568044,0.2629427792915532
41132,0.13931919420251312,0.13065777663803052,0.16963350785340314
41206,0.26360373295046663,0.13161659513590845,0.32046014790468363
41244,0.09670506295204928,0.08142116950407105,0.10537363560033584
41298,0.12370060778640213,0.11201415381213026,0.13820552410361983
41306,0.13327734064185304,0.10886967659301953,0.15053195502905004
41319,0.184503937007874,0.15264493460862774,0.19968377976190474
41349,0.20430750822614419,0.14062201869872162,0.4352941176470589
41357,0.24060150375939848,0.16912335143522111,0.26909990720692856
41359,0.19384640429774935,0.11419141914191419,0.21992328885527523
41378,0.19438877755511022,0.1565582371458552,0.217769130998703
41396,0.19115385328070858,0.11740890688259109,0.2500333244468142
41483,0.1892155270423908,0.13478977741137674,0.22460466362905382
41503,0.1840518405184052,0.1397027600849257,0.19597989949748743
41518,0.1136967046696861,0.05477899508877975,0.15521831735889244
41524,0.12594218504100055,0.13563670572137176,0.11683931582751145
41530,0.20001913143294436,0.15165601394538059,0.2095499828237719
41548,0.15742104401898216,0.10468125147024229,0.18554761008656373
41551,0.11925271659201116,0.07962864275096065,0.17850477089231415
41615,0.125943508188939,0.11844744875708679,0.13489583333333333
41660,0.20615996025832092,0.12810601877415792,0.22328567967046278
41668,0.15234712785670168,0.0975474317445627,0.17979142526071842
41676,0.20959373470386689,0.12212529738302931,0.2382685558299753
41770,0.15280497638520907,0.07078539269634818,0.17734211313977852
41791,0.13601936925751182,0.09671746776084408,0.1543221110100091
41797,0.1073000921470257,0.09803547587259205,0.1180371352785146
41799,0.16847772883015175,0.197396541674762,0.13910812943962114
41801,0.1107482993197279,0.06194465600406194,0.16710642040457344
41807,0.11118024313199962,0.08236250338661609,0.12692421551213737
41872,0.1451821978971626,0.15902397980647875,0.13797634691195795
41885,0.09237875288683602,0.08434515136797799,0.13429054054054054
44001,0.3627212577051405,0.21916211233019423,0.6734248340282376
44035,0.38140410169751904,0.16038568615468185,0.6691716028644682
44078,0.40610221739587354,0.3218273463918841,0.5086997048314432
44090,0.5542290513778476,0.33782569631626236,0.5851606896330305
44098,0.2502793296089385,0.2136396526772793,0.28344522678893075
44110,0.26640815740341806,0.23566064866592107,0.5397727272727273
44279,0.1942845948527071,0.1807597688654957,0.27470658275216875
44378,0.3004753282028067,0.21246306741874832,0.45163770567430417
44420,0.2777777777777778,0.1995895330938943,0.4297108673978066
44430,0.5921888849076885,0.45082314083707486,0.8123995112225866
44560,0.8110236220472441,0.8497260956175299,0.80625
44650,0.2423778821986668,0.17037832036490475,0.37706255097559443
44847,0.887491622725491,0.7147821051107571,0.8953781262602556
44855,0.24963188377343676,0.20254529767040552,0.726775956284153
44874,0.18597292317551872,0.17542610662088026,0.41766329346826125
47001,0.14303404664572755,0.1327183648822975,0.25563628192644744
47030,0.2948090107737512,0.29436413157343394,0.2957034540859309
47053,0.29415064102564104,0.19230428622033297,0.448976844372644
47058,0.4430066468674869,0.4475076727696053,0.433944172171319
47161,0.3815718157181572,0.41536382937656824,0.3382789317507418
47170,0.4490883128295255,0.35087864037620664,0.6446525381961556
47189,0.28528061289204204,0.2574628650132471,0.497446746425445
47205,0.3172192955273216,0.3782306163021869,0.2738200459607566
47245,0.3217486522911051,0.2567435985157504,0.437385890173681
47258,0.257106540328172,0.34527266860277506,0.20792079207920797
47268,0.3546652881881623,0.3176326161400788,0.5028438469493278
47288,0.2523373137091549,0.16837222733589619,0.7466794177026884
47318,0.3324640429903588,0.22136939571150094,0.38578947368421057
47460,0.6854538157215757,0.963561183615454,0.463615749330035
47541,0.3505086537191175,0.3257071547420965,0.362052274927396
47545,0.4893866859362298,0.491353182385452,0.4873672647381911
47551,0.2504654951704876,0.2114168015300868,0.3074172090694514
47555,0.37417413139102096,0.30159760706749833,0.6144633809304468
47570,0.4536129300881941,0.7274105164976099,0.32199305010649026
47605,0.2116169544740973,0.203922193877551,0.22631739262869327
47660,0.588737808784794,0.41696349065004457,0.6694924123495553
47675,0.2667735042735042,0.23211169284467714,0.3382401046777887
47692,0.4268221574344023,0.4332004851845434,0.4240109974033908
47703,0.2725902278974905,0.23160762942779292,0.27872362116423693
47707,0.3064082801145122,0.24353846153846156,0.390623390005152
47720,0.3842696629213483,0.3899796885578876,0.3744544661041606
47745,0.4855061230816928,0.4714823175319789,0.5003995525011987
47798,0.39380459398253004,0.32328680203045684,0.4671617161716171
47960,0.5013943760167325,0.5557377049180328,0.4611807521229276
47980,0.28765605820185025,0.23168771526980478,0.2915592422374173
50001,0.06375731462342427,0.060002496003993606,0.1161327039603629
50006,0.06341562394318566,0.05283358921300314,0.10870652096278835
50110,0.16229648671808053,0.15914378780828292,0.17111255692908262
50124,0.1763199369582348,0.10830589096231248,0.25565514297908665
50150,0.09854986682450428,0.07274506605773935,0.11997291807718348
50223,0.07536647546207775,0.05827193569993302,0.11797440178074568
50226,0.08375874456418982,0.06297404495163872,0.1277818717759764
50245,0.04397981254506129,0.0091324200913242,0.06006322444678609
50251,0.26540741762029507,0.2117069751139152,0.3002272727272728
50270,0.15491393670183232,0.1021021021021021,0.18590308370044054
50287,0.17683772538141468,0.12198772638826522,0.25231719876416064
50313,0.11168092058975279,0.09714687748791911,0.19059107358262967
50318,0.08714502492954694,0.06631634261692065,0.13297872340425532
50325,0.5254942767950052,0.32086021505376344,0.6637605347282767
50330,0.29992730293903835,0.12266470009832842,0.4295989929868728
50350,0.4184657984683944,0.23520710059171598,0.457469696174634
50370,0.5314793356508304,0.2459651387992253,0.6026053393374076
50400,0.2045801526717557,0.11596149541079023,0.2704141027773158
50450,0.46259367458402134,0.1772113022113022,0.6638509854884124
50568,0.4484193433805247,0.2031350442565396,0.7068938564952322
50573,0.1918910222031535,0.14538028479964676,0.2774337630697391
50577,0.32984353428439944,0.21744757960134609,0.41975564299026724
50590,0.37143116106226776,0.2309566347247036,0.5488105004101722
50606,0.06056924678930927,0.04942902392264733,0.0858385328039327
50680,0.16291986247024595,0.17449890517096175,0.15020347761746208
50683,0.228310502283105,0.130412633723892,0.3254168772107125
50686,0.10126582278481011,0.07852564102564102,0.13070539419087138
50689,0.16469450711358719,0.09087656529516996,0.41483127904627204
50711,0.355837282294295,0.24326587578506628,0.444627917217085
52001,0.08244979275916554,0.06257995774912714,0.15144338475324842
52019,0.15895495055548772,0.21856027753686036,0.13559898045879354
52022,0.1168509895227008,0.10349373764007913,0.12063492063492064
52036,0.10800695094238741,0.10653266331658293,0.10854124931706428
52051,0.2530815630736953,0.2530434782608696,0.253088326127239
52079,0.7219559815406461,0.8128686813685452,0.6779899056396752
52083,0.13370239892635463,0.10842237586423632,0.16264843468873696
52110,0.16775358683656066,0.12721030042918455,0.18449216811964
52203,0.12982998454404945,0.05906735751295336,0.1398735108104133
52207,0.13428401663695783,0.21117021276595743,0.11669505962521295
52210,0.1854851269272699,0.3652173913043478,0.14138867339022498
52215,0.1966682403722938,0.2100785340314136,0.1931866451448475
52224,0.2689693593314763,0.2868362004487659,0.2613870814156483
52227,0.15392384916748286,0.0629814227458088,0.17703734981382674
52233,0.20451422963689894,0.1668918918918919,0.2199170124481328
52240,0.18046451404062477,0.12817497648165568,0.2078963602714374
52250,0.5815575910018509,0.601948703252615,0.5714589838206074
52254,0.16319612590799032,0.05716723549488054,0.18793549671511048
52256,0.20221606648199447,0.3674142480211082,0.15194700923323967
52258,0.25810351341140914,0.2457221081451061,0.25963988449125197
52260,0.1664792804368776,0.1379382303839733,0.18433420365535247
52287,0.2335813652539631,0.34220942785174524,0.14487217161328242
52317,0.14009020960466967,0.16452780519907864,0.13539162343413894
52320,0.14098756265082607,0.1291276490882208,0.1481536628945801
52323,0.15643879173290937,0.207913918778202,0.11293634496919917
52352,0.27165354330708663,0.326,0.25039123630672927
52354,0.14643363249881908,0.16213151927437644,0.1439019930517462
52356,0.10546056471443745,0.07552969433563034,0.1660253999479272
52378,0.11601944661184803,0.1349847661941979,0.10030728709394204
52381,0.32519067094064336,0.3744493392070485,0.31281980362328865
52385,0.18925014095094905,0.1566265060240964,0.22609043617446978
52390,0.822986146741919,0.99583477959042,0.6550910316925151
52399,0.19156994073710418,0.14288224956063267,0.223901499679057
52405,0.2703328862333862,0.2376987130961393,0.28584277747796366
52411,0.14459716169404402,0.08289334741288279,0.16116229624379874
52418,0.23701485661637683,0.10630407911001236,0.35101336783096165
52427,0.8250890167077514,0.9408472012102874,0.7593817088879348
52435,0.11803813346713495,0.10614035087719298,0.12002341920374708
52473,0.791805528327779,0.9853610286844707,0.6017097338255294
52480,0.25230846019465936,0.246360153256705,0.2634216177523264
52490,0.774583255291253,0.8193106188536804,0.7346974931349101
52506,0.15844636251541305,0.13080168776371306,0.16986062717770037
52520,0.49959623149394344,0.5382835506941523,0.4308669656203288
52540,0.16664621425941836,0.1515271717572392,0.1734186211798152
52560,0.12260536398467431,0.09666339548577035,0.1290996192113991
52565,0.2275384282312189,0.35145784081954295,0.18059701492537314
52573,0.13987424368252463,0.14725726019360516,0.1348605577689243
52585,0.14709999391394316,0.12368133866860676,0.15887679502423854
52612,0.6234571317872364,0.2209577999051683,0.6766512094247399
52621,0.4441898214456221,0.6100957354221062,0.39755351681957185
52678,0.26644722960712325,0.12320512820512819,0.3367302006667925
52683,0.14657323352975526,0.13235930735930737,0.16025841408773578
52685,0.2124183006535948,0.17541049259110936,0.2269092049553081
52687,0.21682906291350895,0.46889226100151754,0.1828111133865793
52693,0.115304145679969,0.05816493719279083,0.13794222654982147
52694,0.2248934875228241,0.0931122448979592,0.24274360746371804
52696,0.7426855045055067,0.9146573604060911,0.6498201130717834
52699,0.41138919850035455,0.3121311475409836,0.4295302013422819
52720,0.2593559617058312,0.40210526315789474,0.22216127262753702
52786,0.16240591746690888,0.12985237834882446,0.1725370086778969
52788,0.22369567321653283,0.20538965768390388,0.23032300593276203
52835,0.2761637822366568,0.18236912349512446,0.38827033890028323
52838,0.1517573790832518,0.07487264542115862,0.2036200903024733
52885,0.18205879572738443,0.17521109770808202,0.1851851851851852
54001,0.13750122052922148,0.13378286651254417,0.23852466408152226
54003,0.27890298160568433,0.15712893796687236,0.40623514229436936
54051,0.2996790915823253,0.08292682926829269,0.37309980171844015
54099,0.1619338867045289,0.10234375,0.19735314604132806
54109,0.36675180928054496,0.1995192307692308,0.3829985987856142
54125,0.23797282409107598,0.1728110599078341,0.26846361185983825
54128,0.2504049988428605,0.08463541666666666,0.2862369828314101
54172,0.15116570569064927,0.11440481704492822,0.22805657818252278
54174,0.318173204472238,0.19642026964202697,0.40195137555982086
54206,0.31243358129649307,0.20126390987773046,0.3887735849056604
54223,0.36179393305439334,0.16779431664411365,0.40826580226904374
54239,0.24021067094114953,0.21227503461005998,0.26772727272727276
54245,0.48716447863533735,0.15759036144578314,0.5563537029542696
54250,0.505951753923944,0.3972286374133949,0.5890882052235338
54261,0.22554713642832414,0.1675054364709537,0.3198707592891761
54313,0.14251901944209636,0.027554535017221583,0.190510424155284
54344,0.4235086260652671,0.1652754590984975,0.46023266856600187
54347,0.2943058221369162,0.13031674208144797,0.34486607142857145
54377,0.1610689779703864,0.09484924623115579,0.18778509883426253
54385,0.3072463768115942,0.1471917366042608,0.3333684543251501
54398,0.24405261684858662,0.0676056338028169,0.2635177128651336
54405,0.09859207022388797,0.0969191597708466,0.14988290398126464
54418,0.2204330927262632,0.161723559037493,0.27823691460055094
54480,0.1485479311231046,0.07377049180327869,0.1658752769863881
54498,0.12576917168906038,0.11334245087588744,0.2358179713242497
54518,0.08686530521147194,0.0661963923942493,0.30761209593326383
54520,0.1604787989450193,0.09062821833161688,0.17761495704901467
54553,0.19314412089937338,0.19594067135050744,0.1456953642384106
54599,0.19624605091990335,0.1670787707523843,0.22862745098039217
54660,0.18982118294360387,0.13241639697950378,0.23225677830940988
54670,0.3851739788199698,0.1762692527096406,0.4300416564567508
54673,0.2292945933802606,0.17393238434163702,0.2573944456988033
54680,0.1990906138356609,0.1485549132947977,0.26389918458117123
54720,0.3717566992769034,0.15996950887509528,0.5341516366065464
54743,0.1477332399789953,0.05833333333333333,0.1631438538887749
54800,0.3824547600314713,0.20257368202573683,0.42452189107853605
54810,0.4617159393086188,0.2763185654008439,0.5709358687546607
54820,0.3311657522183838,0.10307338490487142,0.44048096192384767
54871,0.3135593220338983,0.22417465388711397,0.37518355359765054
54874,0.1456440406199893,0.14553284046094186,0.1496625645097261
63001,0.05376065222870376,0.05376912493017362,0.053439454235361
63111,0.11637448713166729,0.06785411365564037,0.1544607190412783
63130,0.07249949543003777,0.06082901361871319,0.1129125651418645
63190,0.06522702104097453,0.06342226131144338,0.07080314009661835
63212,0.10079767947788251,0.07409656847859095,0.14035087719298245
63272,0.06268443172672807,0.05037343079612268,0.0785276073619632
63302,0.11390070921985815,0.08026249369005553,0.15705958549222798
63401,0.10227447600874089,0.10048332037719268,0.12052341597796143
63470,0.11127554214810177,0.10905224787363306,0.12323049001814881
63548,0.08529048207663782,0.04599303135888502,0.14213709677419353
63594,0.07604457785598454,0.07111446161578087,0.0990990990990991
63690,0.05834445927903872,0.05844504021447722,0.05824468085106383
66001,0.058782165705322076,0.049423659537852035,0.10227146506719985
66045,0.09566685424873382,0.06143063285920428,0.12424711753570811
66075,0.09967845659163987,0.05266805266805266,0.11887913954146616
66088,0.130245817366109,0.07289958082741024,0.1906178050652341
66170,0.04347445541088098,0.041393837461831125,0.07985912811726631
66318,0.10958666203542895,0.09512693317770644,0.11571269625417234
66383,0.1213844653883653,0.07566052842273818,0.15262582056892782
66400,0.0658562081381393,0.06507309363887791,0.10404624277456648
66440,0.17293476851251458,0.0693663292088489,0.2845977631047029
66456,0.41172036932353495,0.09053270770080044,0.5063424947145877
66572,0.5547161965486174,0.07888719512195122,0.6604828462515883
66594,0.16416487967595902,0.09139386757517404,0.1908198144430579
66682,0.07708327430368628,0.06479793124026124,0.149317738791423
66687,0.10337480824953127,0.06343817012151537,0.13978494623655913
68001,0.05558569883804014,0.05443234836702955,0.1168683421243148
68013,0.16555488174651306,0.1134020618556701,0.17673048600883653
68020,0.15482310250982764,0.1518218623481781,0.1553501599715606
68051,0.20124666073018693,0.13935144609991235,0.22656390034056284
68077,0.08076133477156476,0.07395226878805387,0.10532221865982687
68079,0.11002509576013736,0.05115452930728241,0.14486963835155592
68081,0.11647489064220555,0.10930757695025886,0.16859566289224084
68092,0.21581485053037608,0.07673469387755101,0.25883838383838387
68101,0.2567553247854191,0.06981519507186858,0.2909979939819458
68121,0.12834890965732088,0.12250712250712253,0.12998405103668262
68132,0.06894618834080718,0.052204176334106726,0.08459869848156183
68147,0.16357088703563305,0.08305647840531562,0.29923664122137406
68152,0.2818401937046005,0.17903225806451611,0.3
68160,0.12680577849117175,0.03755868544600939,0.15315315315315314
68162,0.1605263157894737,0.14115853658536584,0.18050314465408807
68167,0.0843241265776477,0.05133830627468188,0.13937027092994878
68169,0.09985785358919688,0.02928257686676428,0.12247770999530737
68176,0.19458544839255498,0.09053497942386832,0.2409785932721713
68179,0.15244464944649447,0.07205623901581722,0.1645872046721529
68190,0.17892364046210202,0.09169785641374617,0.25727821502254145
68207,0.16641509433962262,0.11848341232227488,0.21783339851388345
68209,0.10854583046175051,0.12576687116564417,0.10355555555555557
68211,0.087134318968229,0.04751979991663193,0.20897435897435895
68217,0.2154973821989529,0.03869047619047619,0.2444552766268584
68229,0.14,0.07427055702917772,0.18202374222724704
68235,0.43069391472647583,0.07260726072607261,0.4880142640163772
68245,0.09805115712545677,0.043233082706766915,0.12432432432432432
68250,0.3194139194139194,0.14008941877794337,0.35455607476635514
68255,0.27313084112149527,0.21868552903035662,0.33415923356458543
68264,0.09879725085910651,0.05836575875486381,0.11025358324145534
68266,0.19485511531638086,0.052884615384615384,0.2411764705882353
68271,0.31266318537859006,0.08641975308641975,0.38677065280184864
68276,0.039718579642907856,0.03792343352320931,0.08453900709219858
68296,0.17704426106526633,0.09801324503311261,0.20826792255363685
68298,0.23859749144811856,0.05351170568561873,0.2766323024054983
68307,0.06665277226857423,0.05823636129012669,0.13186683919538875
68318,0.18582375478927204,0.06914893617021277,0.22722982538933453
68320,0.13986380303823992,0.06174496644295302,0.1898625429553265
68322,0.1257309941520468,0.0878136200716846,0.1398929049531459
68324,0.13367129135538958,0.1330049261083744,0.13391877058177826
68327,0.10699681962744208,0.06661812886785584,0.17401812688821752
68344,0.19905660377358492,0.1836065573770492,0.2052980132450331
68368,0.12520924004017409,0.03863987635239568,0.14914529914529917
68370,0.2484952708512468,0.16666666666666669,0.2558575445173384
68377,0.11363636363636363,0.07554417413572344,0.1287455561198578
68385,0.17538728198461706,0.10643160300359124,0.2096303501945525
68397,0.08178625188158556,0.03443328550932568,0.09182122225600488
68406,0.10215227333871402,0.07306803594351732,0.13416219270980503
68418,0.21123921631863254,0.18784530386740328,0.21477631334694636
68425,0.24272300469483568,0.11194029850746269,0.261546723952739
68432,0.0764041498441253,0.05635391923990499,0.20022002200220024
68444,0.13937360178970917,0.0680327868852459,0.16615384615384618
68464,0.20973005043013943,0.08771035186129525,0.2870295590373122
68468,0.2684546615581099,0.1,0.3001517450682853
68498,0.12232752920432004,0.07522697795071336,0.13197026022304834
68500,0.12592665810022732,0.05526963526515999,0.1818342776203966
68502,0.2604378818737271,0.07226738934056007,0.3342786246012052
68522,0.1422829581993569,0.061611374407582936,0.1836982968369829
68524,0.12088815789473684,0.09655172413793103,0.13122437024018746
68533,0.10424710424710425,0.06368899917287014,0.12095400340715502
68547,0.05552151155368313,0.041141053920606636,0.11811131230995253
68549,0.07067534215840252,0.056213017751479286,0.07493465001452222
68572,0.07212272106658099,0.03446203165698257,0.09731903485254692
68573,0.1845212068211631,0.13283208020050125,0.2122229684351914
68575,0.32099817023156035,0.26939843068875324,0.3739769820971867
68615,0.16272341774660165,0.05031035609278014,0.1987337135681021
68655,0.21065733458402483,0.1897182189718219,0.2533435650076737
68669,0.13487789605510334,0.06755805770584096,0.1720785533735174
68673,0.11977818853974125,0.0743801652892562,0.12423873325213157
68679,0.050234898087522656,0.04093861303163629,0.12026515151515152
68682,0.1287494231656668,0.038157894736842106,0.17768301350390903
68684,0.2623426911907067,0.1081081081081081,0.30234684547394086
68686,0.1787916152897657,0.17329093799682035,0.1807095343680709
68689,0.22176634214186372,0.06216858657889925,0.3197172034564022
68705,0.16748548459133542,0.11764705882352942,0.17248157248157248
68720,0.22658227848101262,0.1309192200557103,0.2547092547092547
68745,0.24797009923959276,0.07120253164556961,0.30513389049974415
68755,0.04134598792062122,0.03331084499915669,0.0775812892184826
68770,0.14166380592745165,0.11291224147568474,0.14906474820143883
68773,0.15319642265650876,0.06896551724137931,0.16020810907786148
68780,0.17869318181818183,0.147450110864745,0.1894576012223071
68820,0.1345808383233533,0.07615230460921843,0.1392978482446206
68855,0.08923512747875353,0.05648986632169039,0.11204565935716432
68861,0.12697203786312697,0.07880408826057886,0.19069884999368128
68867,0.08683314415437003,0.1059322033898305,0.07400379506641366
68872,0.09308550185873608,0.08479927830401443,0.10912265386294197
68895,0.06632825719120135,0.051890791928099034,0.09501347708894878
70001,0.1889944185195352,0.1791911967433789,0.27992778968746473
70110,0.36571714142928535,0.37090558766859355,0.34038800705467376
70124,0.3218813292326157,0.39059923034634414,0.29608996182812336
70204,0.6102780981673716,0.6292200232828872,0.5953743989008473
70215,0.1818885919086381,0.16255414224957374,0.2484317032040472
70221,0.2820699226753024,0.25003065603923974,0.3195240825688073
70230,0.6027118644067797,0.6316158429723099,0.5502544529262088
70233,0.3472307377886777,0.42569909868269007,0.2850338889906576
70235,0.2699244033796136,0.27255907829450843,0.2661715380929564
70265,0.5817006018696376,0.5206733608978146,0.628419624689125
70400,0.334144222415291,0.39381818181818184,0.2795341098169717
70418,0.22234437268104987,0.2112033573579053,0.23357865685372584
70429,0.5164612837962111,0.36274302620456467,0.5792814578115554
70473,0.2851443640543648,0.2301861553895887,0.36988655895496736
70508,0.2927537526804861,0.25320007013852364,0.3338495172162507
70523,0.4514919419179831,0.423454157782516,0.4682559918408976
70670,0.41497635430441315,0.3797354948805461,0.4539830948670728
70678,0.3622750970169731,0.2606997282608696,0.39275340162054734
70702,0.25396352809825085,0.21879994188580562,0.2909035409035409
70708,0.3015474069211292,0.32185633424023513,0.2711125691255038
70713,0.41908575241908574,0.36698599852616065,0.4532707052566139
70717,0.3008328706274292,0.27551104178638863,0.3537484988848859
70742,0.30717503643831984,0.2761150887179259,0.39787040644072197
70771,0.4830420090943223,0.37876254180602,0.5177032960924907
70820,0.23750468574284642,0.22670102696257546,0.284217528687843
70823,0.3064942844306893,0.26252132113505966,0.32737043580683156
73001,0.05424858164713121,0.045516230945764305,0.1833487747995272
73024,0.12475442043222004,0.1191740412979351,0.12873369793857806
73026,0.14064362336114425,0.09789983844911149,0.17721868952170308
73030,0.16477621091354996,0.16599655370476735,0.15987701767870868
73043,0.20906336451060464,0.08692247454972592,0.23376623376623373
73055,0.14930248984637115,0.12997746055597298,0.19550898203592815
73067,0.34773301130749806,0.2561914672216441,0.3805263550287035
73124,0.1122827346465817,0.06380685492563053,0.16862941618641944
73148,0.08550031204493447,0.057838053450339044,0.18490205446727184
73152,0.1490174672489083,0.0638432364096081,0.1834440470107307
73168,0.2112399065269198,0.15149628218746566,0.3136934673366834
73200,0.15730486991327552,0.0814663951120163,0.17585519760876786
73217,0.3757039844202326,0.25076452599388377,0.4048824827944423
73226,0.1902860087606287,0.14966634890371786,0.2053319209039548
73236,0.17956485816579457,0.116622864651774,0.2249881460407776
73268,0.08891833149730549,0.0809460968429601,0.11083207768290641
73270,0.1878402903811252,0.09337539432176657,0.2176248259399244
73275,0.07041634625947489,0.0633270715925694,0.1210494931425164
73283,0.11777175423964416,0.09956851464435149,0.1384272997032641
73319,0.143426426030826,0.1313742437337943,0.15720739799519975
73347,0.1567363622072001,0.053515215110178385,0.20089786756453423
73349,0.10301938205950863,0.10228198859005705,0.12743628185907047
73352,0.13428199218358552,0.07729468599033816,0.16259187040647968
73408,0.13723410523834778,0.12785559134147254,0.1718232044198895
73411,0.11445599951347075,0.07726299485217074,0.1891175125743027
73443,0.1204139775568347,0.08899853801169591,0.24254049445865306
73449,0.09498711988866847,0.08259927797833935,0.15149020253581427
73461,0.1448626045400239,0.0858974358974359,0.19630872483221481
73483,0.2065994115174443,0.21508129560875688,0.19634844499458456
73504,0.28346031960083606,0.1796293594046403,0.31465649524310574
73520,0.17294296909011755,0.10891089108910892,0.2029078127496405
73547,0.12341428053642624,0.08790072388831437,0.142578125
73555,0.3046086592568479,0.21565374754938918,0.3442711135018828
73563,0.17711896617255796,0.13814377682403434,0.21200480192076832
73585,0.151239926984551,0.11568347605455122,0.19677124581175756
73616,0.3407815368476265,0.14571899012074643,0.38687504052914856
73622,0.1670920871784803,0.1236885698509111,0.1910420475319927
73624,0.20840751730959448,0.16804298079793056,0.24830366801062048
73671,0.1994601505895724,0.15509095204346798,0.26639344262295084
73675,0.2625893012719986,0.21984983575786018,0.28783259423503327
73678,0.16088639920916056,0.12410171365395248,0.17650510503462033
73686,0.12315957023477915,0.10070767555797495,0.1360928190655378
73770,0.1886244921648288,0.1492938802958978,0.2184788157223073
73854,0.16459351399378053,0.13971665852467025,0.18533604887983707
73861,0.17979197622585438,0.16999061473486626,0.2030640668523677
73870,0.13908450704225353,0.10477453580901855,0.15788517441860464
73873,0.17842157842157844,0.11300639658848612,0.21764141898370087
76001,0.041135926376777994,0.040276706054611366,0.0781162626729231
76020,0.11631730374023841,0.1170491459708687,0.11365369946605645
76036,0.058508583098747034,0.055551697798763976,0.06996770721205597
76041,0.12759568078717018,0.11397243738054522,0.15131348511383536
76054,0.15754792332268372,0.12706969580284944,0.19037743674823723
76100,0.15706165911216638,0.06517690875232775,0.1911242603550296
76109,0.16653757380673437,0.1364158166253555,0.31432183908045974
76111,0.041891287769216606,0.03573728915905157,0.08344091866548889
76113,0.1044484793463459,0.05218298834579927,0.16150778579567035
76122,0.08460890861778662,0.0733825646741907,0.13714409910888936
76126,0.08735014985014984,0.06927850328795036,0.12473653956696683
76130,0.06442464490818424,0.07280368763557483,0.06145796665493296
76147,0.05399718897738404,0.05374833072941669,0.06409348441926346
76233,0.10981036662452592,0.08481696339267854,0.11826610720086628
76243,0.1392920113929201,0.07491856677524429,0.16577335375191424
76246,0.12299724874575174,0.0660741885625966,0.164021164021164
76248,0.06818223961134084,0.05979470868873789,0.0831782464846981
76250,0.16701977401129944,0.07408123791102515,0.3114852675886951
76275,0.08605899607061819,0.06936324435861485,0.12452761184932343
76306,0.05982274741506646,0.02960526315789474,0.08445040214477212
76318,0.07181787969425059,0.06786427145708583,0.07816151648922358
76364,0.0656047197640118,0.043476972904652814,0.15228406761304294
76377,0.09237479554482436,0.07720188474084813,0.09652777777777781
76400,0.08999897844519358,0.08443898443898444,0.11744491611077419
76403,0.0837407206228499,0.06480099502487562,0.13439787092481703
76497,0.12342752962625342,0.1123637264618434,0.15424430641821946
76520,0.04569262600568901,0.038805842475567245,0.07032492962917636
76563,0.10377878913253344,0.10263281128050367,0.11247040252565114
76606,0.0924363181747148,0.07709251101321586,0.12416107382550337
76616,0.09189420403507521,0.07466456195737964,0.1060842433697348
76622,0.05809445115362614,0.04737668066335836,0.09012549119026492
76670,0.07514563106796117,0.05683453237410072,0.09011764705882351
76736,0.10188224994528344,0.09378326591441344,0.12915173237753882
76823,0.10855154126615844,0.09937590014402303,0.1290149892933619
76828,0.14952541151027274,0.10526987367615159,0.18889771824270632
76834,0.05547420893401234,0.04645680479487445,0.10061429033301
76845,0.07942162615255657,0.035015916325602546,0.11737271667314421
76863,0.10460452430611263,0.0684805869764598,0.14449696151249156
76869,0.07131551997020762,0.05014554114845197,0.12158341187558908
76890,0.0879300215418761,0.08557250060518035,0.09069009494119314
76892,0.07678036851203779,0.07444832278293795,0.0958176373997875
76895,0.06094923018195699,0.05262273597903155,0.08693372483221477
81001,0.31560754049600065,0.2808895450770509,0.5503900156006241
81065,0.4156453017212511,0.3080449232179693,0.46006813020439064
81220,0.29829857299670687,0.2911676646706587,0.31790123456790126
81300,0.34448660457629066,0.30506643621043533,0.3893326778911147
81591,0.23088057901085646,0.1567753001715266,0.4065040650406504
81736,0.2795057194230843,0.23686260712221363,0.41539200768799556
81794,0.301242002258186,0.2122905027932961,0.45785135415945144
85001,0.11534975854166936,0.10260145053319547,0.19221843003412972
85010,0.14035560344827583,0.10828964613368283,0.22742437722419928
85015,0.17424629535002556,0.03627370156636439,0.3991935483870968
85125,0.3303595812471552,0.2299270072992701,0.41219230133817947
85136,0.24190800681431004,0.08348457350272233,0.3820224719101124
85139,0.15736633201027317,0.12640943415744282,0.251414204902577
85162,0.08295615753563468,0.07524807056229328,0.10436335799948968
85225,0.34039514401333015,0.16159909909909909,0.3883187443404769
85230,0.29919375157470396,0.17285630954695702,0.5316636851520573
85250,0.22467310637295324,0.19311471290363114,0.2994344677051295
85263,0.27072599531615926,0.22514442079659472,0.3439101781791555
85279,0.2813008130081301,0.2037735849056604,0.30259067357512953
85300,0.11780366056572379,0.09737827715355805,0.14112615823235924
85315,0.3056716417910448,0.07234539089848308,0.5501222493887531
85325,0.1830285099515869,0.08555956678700362,0.24089155593656242
85400,0.3755537325676784,0.1995981245813798,0.43263798348544114
85410,0.14613866967305525,0.10483355809496771,0.22697596888456728
85430,0.21566088232754901,0.17339068525660042,0.2745300557736005
85440,0.12672367549146443,0.10297436724165726,0.2123855211513301
86001,0.10665384534983381,0.08470117243351444,0.16631693479443538
86219,0.09963454510482783,0.08901804833282351,0.11761658031088082
86320,0.22742310991300088,0.1521775874697166,0.3170862705605908
86568,0.19342262916003503,0.1361627640036731,0.28812111432774906
86569,0.19662515791373403,0.07833698030634573,0.2796375921375921
86571,0.36165279429250896,0.184228729536546,0.42329568212769364
86573,0.34113640049737803,0.22206577491702703,0.4795417348608838
86749,0.08152096659559346,0.07460269258022068,0.09782868050584587
86755,0.07589928057553957,0.08184838417396557,0.06714095153401511
86757,0.23023807811263755,0.11191732629727351,0.2877605558524853
86760,0.23669159700835898,0.1871345029239766,0.2865548690791409
86865,0.16847145488029466,0.12985852568875653,0.20626822157434405
86885,0.14651681303180594,0.10240775484677923,0.2079477408818726
88001,0.1555360484187669,0.19820483622479737,0.06068051522596977
88564,0.08536853685368538,0.11956001912960304,0.05623471882640587
91001,0.2735734716633539,0.25331088301007026,0.33391186963648645
91263,0.3750763591936469,,0.3750763591936469
91405,0.35815804434337695,,0.35815804434337695
91407,0.7883190883190884,,0.7883190883190884
91430,0.9096385542168675,,0.9096385542168675
91460,0.8576470588235294,,0.8576470588235294
91530,0.4287812041116006,,0.4287812041116006
91536,0.34595300261096606,,0.34595300261096606
91540,0.41741460147354315,0.3505892255892256,0.4486146590685793
91669,0.4949179046129789,,0.4949179046129789
91798,0.5079477216531261,,0.5079477216531261
94001,0.5079994074512999,0.4017927347067149,0.7636593059936908
94343,0.7626066718386346,,0.7626066718386346
94663,0.6483516483516483,,0.6483516483516483
94883,0.8839122486288847,,0.8839122486288847
94884,0.959637561779242,,0.959637561779242
94885,0.9363057324840764,,0.9363057324840764
94886,0.7166392092257001,,0.7166392092257001
94887,0.936016511867905,,0.936016511867905
94888,0.9236641221374046,,0.9236641221374046
95001,0.23781936028057094,0.1383399209486166,0.5146960026872691
95015,0.40177215189873416,0.3092006033182504,0.4956654767975522
95025,0.31881030538147814,0.11762756792577866,0.4051172707889126
95200,0.40069599801143435,0.23487031700288186,0.488045540796964
97001,0.6674059698733943,0.313491031972966,0.8626326355032979
97161,0.44351669941060906,0.17428924598269468,0.6210268948655258
97511,0.936474694589878,,0.936474694589878
97666,0.7893738140417458,0.447265625,0.9532273152478952
97777,0.8703703703703703,,0.8703703703703703
97889,0.7665847665847666,,0.7665847665847666
99001,0.4198469253101082,0.3197704363181517,0.673888681359731
99524,0.46575805361567924,0.37574937149487525,0.5913137307796061
99624,0.3696251378169791,0.2627229230100044,0.5545522949586155
99773,0.8748560844971718,0.32474226804123707,0.9149793221977548
