codigo_municipio,pop_2018,pop_2019,pop_2020,pop_2021,pop_2022,pop_2023,pop_2024,pop_2025,pop_2026
05001,2427133.0,2455336.0,2489955.0,2507620.0,2514709.0,2518480.0,2524747.0,2528343.0,2526795.0
05002,20368.0,20612.0,20878.0,20962.0,21000.0,21030.0,21121.0,21147.0,21126.0
05004,2718.0,2745.0,2783.0,2797.0,2792.0,2782.0,2810.0,2807.0,2804.0
05021,4642.0,4759.0,4872.0,4962.0,5042.0,5130.0,5196.0,5285.0,5347.0
05030,30230.0,30729.0,31279.0,31668.0,31974.0,32238.0,32595.0,32858.0,33092.0
05031,25935.0,26501.0,27066.0,27516.0,27923.0,28334.0,28716.0,29054.0,29394.0
05034,43265.0,43759.0,44325.0,44621.0,44816.0,44976.0,45212.0,45367.0,45436.0
05036,5758.0,5846.0,5944.0,5999.0,6035.0,6096.0,6149.0,6203.0,6214.0
05038,11444.0,11687.0,11950.0,12064.0,12153.0,12256.0,12413.0,12511.0,12558.0
05040,18317.0,18801.0,19295.0,19662.0,20007.0,20320.0,20688.0,21035.0,21307.0
05042,26167.0,26520.0,26905.0,27275.0,27582.0,27882.0,28130.0,28421.0,28673.0
05044,7013.0,7162.0,7340.0,7421.0,7473.0,7543.0,7628.0,7681.0,7737.0
05045,121014.0,121255.0,121664.0,122772.0,123578.0,124339.0,124423.0,125203.0,125881.0
05051,29307.0,29738.0,30210.0,30559.0,30853.0,31150.0,31449.0,31707.0,31950.0
05055,7687.0,7798.0,7916.0,7972.0,8030.0,8099.0,8170.0,8215.0,8242.0
05059,5142.0,5208.0,5268.0,5286.0,5295.0,5286.0,5308.0,5310.0,5292.0
05079,51974.0,55001.0,58353.0,59570.0,60571.0,61506.0,62506.0,63455.0,64314.0
05086,5996.0,6072.0,6171.0,6175.0,6163.0,6149.0,6193.0,6151.0,6148.0
05088,522259.0,537451.0,553577.0,565630.0,575253.0,584062.0,593344.0,601916.0,609168.0
05091,10311.0,10446.0,10604.0,10661.0,10683.0,10686.0,10758.0,10751.0,10743.0
05093,15597.0,15929.0,16251.0,16416.0,16529.0,16667.0,16861.0,16980.0,17068.0
05101,26118.0,26377.0,26640.0,26886.0,27076.0,27252.0,27391.0,27573.0,27720.0
05107,8029.0,8075.0,8149.0,8139.0,8078.0,8041.0,8023.0,7957.0,7905.0
05113,9346.0,9682.0,10012.0,10234.0,10427.0,10605.0,10848.0,11015.0,11168.0
05120,29014.0,29152.0,29307.0,29325.0,29297.0,29240.0,29159.0,29067.0,28944.0
05125,8297.0,8509.0,8705.0,8785.0,8867.0,8920.0,9036.0,9107.0,9134.0
05129,79632.0,82011.0,84640.0,85841.0,86699.0,87460.0,88316.0,89072.0,89671.0
05134,9211.0,9395.0,9588.0,9670.0,9743.0,9811.0,9940.0,10005.0,10063.0
05138,15531.0,15611.0,15760.0,15717.0,15648.0,15570.0,15570.0,15470.0,15337.0
05142,4581.0,4569.0,4583.0,4591.0,4568.0,4541.0,4538.0,4510.0,4482.0
05145,4758.0,4735.0,4708.0,4684.0,4641.0,4590.0,4556.0,4499.0,4444.0
05147,47923.0,48374.0,48862.0,49435.0,49891.0,50303.0,50543.0,50952.0,51298.0
05148,59410.0,61076.0,62774.0,64353.0,65742.0,67061.0,68325.0,69588.0,70734.0
05150,3957.0,3956.0,3974.0,3980.0,3972.0,3976.0,3947.0,3942.0,3932.0
05154,90211.0,91003.0,91873.0,92469.0,92890.0,93262.0,93572.0,93843.0,93976.0
05172,57380.0,57144.0,56976.0,57121.0,57122.0,57067.0,56758.0,56738.0,56664.0
05190,9778.0,9791.0,9805.0,9892.0,9984.0,10033.0,10040.0,10092.0,10136.0
05197,15438.0,15606.0,15823.0,15902.0,15940.0,15981.0,16062.0,16089.0,16099.0
05206,4795.0,4874.0,4951.0,4998.0,5034.0,5052.0,5108.0,5112.0,5136.0
05209,21367.0,21664.0,21947.0,22039.0,22055.0,22061.0,22182.0,22163.0,22145.0
05212,77875.0,80676.0,83697.0,85434.0,86835.0,88121.0,89546.0,90882.0,92069.0
05234,23048.0,23418.0,23829.0,24060.0,24231.0,24409.0,24651.0,24808.0,24937.0
05237,18914.0,19033.0,19233.0,19395.0,19509.0,19621.0,19689.0,19793.0,19849.0
05240,12153.0,12363.0,12545.0,12564.0,12581.0,12553.0,12627.0,12612.0,12571.0
05250,51868.0,52651.0,53491.0,54125.0,54698.0,55234.0,55742.0,56197.0,56596.0
05264,11154.0,11425.0,11728.0,11968.0,12150.0,12348.0,12568.0,12736.0,12894.0
05266,228836.0,235397.0,242371.0,247649.0,251963.0,256042.0,260430.0,264637.0,268381.0
05282,24415.0,24869.0,25367.0,25609.0,25788.0,25957.0,26245.0,26401.0,26522.0
05284,20742.0,21018.0,21283.0,21426.0,21535.0,21588.0,21716.0,21778.0,21808.0
05306,5545.0,5716.0,5875.0,5993.0,6100.0,6189.0,6331.0,6404.0,6491.0
05308,51660.0,54202.0,56990.0,58069.0,58919.0,59708.0,60604.0,61439.0,62138.0
05310,9761.0,9878.0,10010.0,10089.0,10181.0,10215.0,10301.0,10373.0,10420.0
05313,10124.0,10204.0,10299.0,10356.0,10397.0,10442.0,10463.0,10511.0,10502.0
05315,6555.0,6662.0,6786.0,6835.0,6869.0,6914.0,6975.0,7009.0,7031.0
05318,55110.0,56977.0,58930.0,60291.0,61496.0,62651.0,64068.0,65173.0,66158.0
05321,8367.0,8568.0,8786.0,8991.0,9203.0,9368.0,9518.0,9695.0,9842.0
05347,5460.0,5415.0,5393.0,5338.0,5253.0,5175.0,5126.0,5038.0,4961.0
05353,5471.0,5551.0,5634.0,5699.0,5765.0,5818.0,5862.0,5929.0,5966.0
05360,276746.0,283136.0,290182.0,294137.0,296908.0,299320.0,302075.0,304527.0,306397.0
05361,27065.0,27640.0,28276.0,28547.0,28755.0,28961.0,29342.0,29515.0,29650.0
05364,14520.0,14696.0,14904.0,15038.0,15138.0,15227.0,15350.0,15433.0,15531.0
05368,13647.0,13782.0,13940.0,14065.0,14165.0,14215.0,14317.0,14376.0,14414.0
05376,64878.0,65950.0,67103.0,68622.0,69976.0,71255.0,72033.0,73275.0,74386.0
05380,71567.0,73966.0,76614.0,78211.0,79499.0,80676.0,81925.0,83089.0,84068.0
05390,8127.0,8164.0,8212.0,8337.0,8438.0,8520.0,8554.0,8654.0,8722.0
05400,21479.0,21871.0,22306.0,22702.0,23067.0,23399.0,23718.0,24057.0,24374.0
05411,10023.0,10243.0,10470.0,10568.0,10616.0,10675.0,10817.0,10854.0,10896.0
05425,8217.0,8369.0,8522.0,8611.0,8673.0,8725.0,8808.0,8873.0,8902.0
05440,64640.0,66120.0,67645.0,69257.0,70655.0,71999.0,73095.0,74390.0,75558.0
05467,6662.0,6719.0,6764.0,6719.0,6665.0,6608.0,6595.0,6538.0,6477.0
05475,4902.0,5080.0,5268.0,5397.0,5508.0,5636.0,5769.0,5896.0,6023.0
05480,13991.0,14048.0,14093.0,14054.0,13960.0,13895.0,13872.0,13821.0,13717.0
05483,10154.0,10335.0,10543.0,10648.0,10711.0,10787.0,10906.0,11000.0,11059.0
05490,42279.0,42626.0,43061.0,42976.0,42809.0,42628.0,42718.0,42569.0,42372.0
05495,25786.0,26385.0,27004.0,27525.0,28007.0,28513.0,28955.0,29415.0,29853.0
05501,3118.0,3200.0,3290.0,3333.0,3351.0,3367.0,3431.0,3469.0,3496.0
05541,21046.0,21536.0,22036.0,22454.0,22821.0,23147.0,23491.0,23827.0,24121.0
05543,8108.0,8257.0,8421.0,8510.0,8555.0,8617.0,8733.0,8782.0,8835.0
05576,8660.0,8754.0,8861.0,8909.0,8956.0,8983.0,9040.0,9053.0,9073.0
05579,39317.0,39202.0,39144.0,39297.0,39342.0,39383.0,39164.0,39192.0,39161.0
05585,14382.0,14651.0,14934.0,15076.0,15209.0,15293.0,15465.0,15584.0,15675.0
05591,18052.0,18551.0,19074.0,19310.0,19498.0,19661.0,20006.0,20173.0,20322.0
05604,28423.0,29213.0,30056.0,30674.0,31245.0,31804.0,32457.0,33021.0,33548.0
05607,23516.0,24136.0,24807.0,25360.0,25853.0,26306.0,26766.0,27218.0,27622.0
05615,135473.0,138479.0,141638.0,144612.0,147196.0,149627.0,151872.0,154192.0,156303.0
05628,9034.0,9207.0,9422.0,9507.0,9621.0,9692.0,9827.0,9909.0,9963.0
05631,82376.0,86724.0,91288.0,94754.0,97831.0,100767.0,103765.0,106652.0,109260.0
05642,18267.0,18477.0,18723.0,18784.0,18831.0,18844.0,18915.0,18925.0,18910.0
05647,7215.0,7307.0,7374.0,7392.0,7393.0,7389.0,7406.0,7402.0,7380.0
05649,16256.0,16423.0,16629.0,16720.0,16776.0,16827.0,16912.0,16938.0,16961.0
05652,5648.0,5736.0,5817.0,5874.0,5910.0,5960.0,6013.0,6058.0,6089.0
05656,15358.0,15840.0,16344.0,16777.0,17154.0,17549.0,17982.0,18345.0,18757.0
05658,3648.0,3698.0,3771.0,3818.0,3888.0,3924.0,3963.0,4017.0,4070.0
05659,20085.0,20138.0,20239.0,20197.0,20155.0,20094.0,20025.0,19946.0,19844.0
05660,12990.0,13220.0,13475.0,13691.0,13882.0,14066.0,14242.0,14447.0,14593.0
05664,21949.0,22073.0,22221.0,22298.0,22298.0,22311.0,22297.0,22287.0,22252.0
05665,30934.0,31274.0,31625.0,31876.0,32053.0,32182.0,32352.0,32471.0,32528.0
05667,15713.0,15999.0,16305.0,16585.0,16791.0,16982.0,17222.0,17411.0,17572.0
05670,21517.0,22122.0,22742.0,23116.0,23460.0,23768.0,24238.0,24555.0,24855.0
05674,22084.0,22659.0,23262.0,23578.0,23860.0,24116.0,24534.0,24776.0,24984.0
05679,26782.0,27302.0,27834.0,28206.0,28534.0,28829.0,29171.0,29470.0,29737.0
05686,36312.0,36987.0,37680.0,38277.0,38798.0,39288.0,39788.0,40261.0,40697.0
05690,12393.0,12661.0,12949.0,13084.0,13164.0,13254.0,13434.0,13488.0,13568.0
05697,35429.0,36100.0,36839.0,37602.0,38269.0,38877.0,39396.0,39984.0,40538.0
05736,37900.0,38046.0,38217.0,38568.0,38842.0,39062.0,39116.0,39343.0,39549.0
05756,36327.0,36423.0,36598.0,36558.0,36411.0,36248.0,36144.0,35980.0,35750.0
05761,15057.0,15332.0,15636.0,15845.0,16013.0,16164.0,16366.0,16523.0,16647.0
05789,16276.0,16426.0,16585.0,16624.0,16650.0,16637.0,16676.0,16674.0,16646.0
05790,26960.0,27375.0,27804.0,28134.0,28448.0,28729.0,29027.0,29298.0,29542.0
05792,6187.0,6240.0,6316.0,6388.0,6423.0,6470.0,6530.0,6556.0,6597.0
05809,10782.0,10941.0,11090.0,11217.0,11286.0,11348.0,11449.0,11537.0,11582.0
05819,4993.0,5011.0,5026.0,4993.0,4955.0,4905.0,4867.0,4824.0,4767.0
05837,124559.0,126132.0,127888.0,128586.0,128982.0,129280.0,130019.0,130233.0,130286.0
05842,6880.0,7023.0,7138.0,7215.0,7283.0,7345.0,7406.0,7455.0,7527.0
05847,30136.0,30463.0,30834.0,31123.0,31345.0,31559.0,31776.0,31988.0,32148.0
05854,13798.0,14068.0,14361.0,14497.0,14611.0,14720.0,14927.0,15014.0,15105.0
05856,6512.0,6553.0,6597.0,6632.0,6656.0,6667.0,6683.0,6714.0,6717.0
05858,11817.0,11864.0,11921.0,12019.0,12077.0,12114.0,12126.0,12160.0,12183.0
05861,11606.0,11781.0,11957.0,12071.0,12154.0,12222.0,12343.0,12412.0,12494.0
05873,9089.0,9488.0,9915.0,10239.0,10528.0,10815.0,11150.0,11430.0,11686.0
05885,7606.0,7653.0,7736.0,7744.0,7734.0,7729.0,7746.0,7719.0,7724.0
05887,41553.0,41595.0,41708.0,41888.0,41931.0,41983.0,41862.0,41884.0,41853.0
05890,22530.0,23072.0,23637.0,23951.0,24197.0,24454.0,24828.0,25038.0,25236.0
05893,19043.0,19531.0,20037.0,20471.0,20861.0,21255.0,21677.0,22061.0,22429.0
05895,24659.0,25015.0,25434.0,25732.0,26010.0,26283.0,26532.0,26785.0,26996.0
08001,1206322.0,1230835.0,1260910.0,1271797.0,1274895.0,1277216.0,1279120.0,1279344.0,1275854.0
08078,62371.0,64550.0,66927.0,68800.0,70464.0,72072.0,73740.0,75389.0,76917.0
08137,22876.0,23641.0,24454.0,25124.0,25669.0,26217.0,26781.0,27320.0,27802.0
08141,15977.0,16579.0,17240.0,17758.0,18197.0,18647.0,19104.0,19516.0,19908.0
08296,60724.0,62945.0,65478.0,66754.0,67560.0,68313.0,69030.0,69643.0,70042.0
08372,21005.0,21596.0,22270.0,22748.0,23149.0,23545.0,23939.0,24309.0,24641.0
08421,28173.0,29047.0,30001.0,30713.0,31315.0,31844.0,32443.0,33013.0,33491.0
08433,128199.0,133000.0,138416.0,141679.0,144155.0,146583.0,149019.0,151319.0,153223.0
08436,19803.0,20521.0,21325.0,21908.0,22405.0,22882.0,23362.0,23834.0,24231.0
08520,28928.0,30007.0,31160.0,32090.0,32941.0,33778.0,34647.0,35503.0,36310.0
08549,6609.0,6830.0,7079.0,7272.0,7420.0,7571.0,7724.0,7876.0,7994.0
08558,18187.0,18749.0,19368.0,19836.0,20229.0,20628.0,21012.0,21402.0,21760.0
08560,23842.0,24518.0,25284.0,25818.0,26243.0,26657.0,27097.0,27507.0,27857.0
08573,49250.0,52086.0,55121.0,57267.0,59069.0,60841.0,62582.0,64226.0,65686.0
08606,26207.0,26977.0,27800.0,28418.0,28912.0,29382.0,29894.0,30377.0,30816.0
08634,32341.0,33538.0,34851.0,35912.0,36855.0,37771.0,38726.0,39668.0,40498.0
08638,93248.0,95541.0,98114.0,99882.0,101256.0,102557.0,103909.0,105157.0,106209.0
08675,16030.0,16629.0,17251.0,17792.0,18233.0,18699.0,19147.0,19570.0,19997.0
08685,29842.0,30976.0,32228.0,33251.0,34180.0,35083.0,36050.0,36989.0,37898.0
08758,603998.0,627273.0,653377.0,670454.0,683762.0,696982.0,710269.0,722845.0,733597.0
08770,11937.0,12350.0,12827.0,13192.0,13503.0,13814.0,14150.0,14460.0,14784.0
08832,17376.0,17949.0,18586.0,19036.0,19376.0,19692.0,20017.0,20309.0,20558.0
08849,12261.0,12771.0,13321.0,13795.0,14221.0,14627.0,15033.0,15458.0,15831.0
11001,7391056.0,7533202.0,7717564.0,7804920.0,7849206.0,7883928.0,7918660.0,7942867.0,7945996.0
13001,973047.0,984671.0,997946.0,1003943.0,1006609.0,1008354.0,1010408.0,1011520.0,1010995.0
13006,24354.0,24967.0,25651.0,26181.0,26642.0,27083.0,27507.0,27912.0,28305.0
13030,10967.0,11186.0,11460.0,11514.0,11475.0,11439.0,11401.0,11343.0,11245.0
13042,7348.0,7634.0,7922.0,8105.0,8266.0,8394.0,8533.0,8668.0,8767.0
13052,69506.0,70362.0,71355.0,72050.0,72545.0,72954.0,73374.0,73747.0,74002.0
13062,8249.0,8332.0,8483.0,8507.0,8519.0,8528.0,8531.0,8506.0,8471.0
13074,14837.0,15404.0,16041.0,16409.0,16679.0,16946.0,17222.0,17437.0,17627.0
13140,22476.0,23019.0,23587.0,23961.0,24289.0,24554.0,24810.0,25055.0,25275.0
13160,8232.0,8371.0,8543.0,8638.0,8702.0,8759.0,8825.0,8898.0,8924.0
13188,13442.0,13882.0,14389.0,14754.0,15080.0,15393.0,15697.0,16002.0,16301.0
13212,15954.0,16431.0,16971.0,17317.0,17627.0,17906.0,18180.0,18432.0,18650.0
13222,14517.0,14791.0,15122.0,15357.0,15550.0,15729.0,15919.0,16097.0,16242.0
13244,70142.0,71603.0,73259.0,74317.0,75068.0,75759.0,76463.0,77083.0,77564.0
13248,8645.0,8865.0,9099.0,9273.0,9384.0,9484.0,9616.0,9728.0,9790.0
13268,7641.0,7819.0,8000.0,8054.0,8023.0,8033.0,8018.0,7963.0,7914.0
13300,12322.0,12575.0,12835.0,13004.0,13111.0,13169.0,13252.0,13333.0,13345.0
13430,133277.0,136673.0,140467.0,143101.0,145166.0,147082.0,149065.0,150929.0,152489.0
13433,27683.0,28535.0,29471.0,30144.0,30661.0,31171.0,31676.0,32192.0,32609.0
13440,10665.0,10920.0,11215.0,11386.0,11508.0,11610.0,11721.0,11800.0,11878.0
13442,46114.0,46894.0,47821.0,48305.0,48551.0,48770.0,48970.0,49112.0,49169.0
13458,16377.0,16484.0,16626.0,16641.0,16612.0,16560.0,16510.0,16435.0,16337.0
13468,44445.0,45408.0,46532.0,47203.0,47686.0,48118.0,48552.0,48932.0,49218.0
13473,22255.0,23096.0,24037.0,24554.0,24926.0,25250.0,25591.0,25879.0,26067.0
13490,9211.0,9917.0,10666.0,11213.0,11672.0,12099.0,12515.0,12874.0,13215.0
13549,24204.0,24665.0,25165.0,25416.0,25555.0,25684.0,25747.0,25818.0,25831.0
13580,6731.0,6955.0,7248.0,7414.0,7529.0,7662.0,7810.0,7915.0,8012.0
13600,10605.0,10989.0,11422.0,11692.0,11904.0,12091.0,12277.0,12476.0,12613.0
13620,8050.0,8355.0,8632.0,8901.0,9122.0,9325.0,9542.0,9752.0,9958.0
13647,18259.0,18819.0,19441.0,19896.0,20295.0,20670.0,21053.0,21426.0,21751.0
13650,12542.0,12677.0,12841.0,12884.0,12853.0,12821.0,12766.0,12713.0,12641.0
13654,23923.0,24584.0,25321.0,25844.0,26327.0,26737.0,27176.0,27614.0,27965.0
13655,9943.0,10108.0,10286.0,10424.0,10529.0,10601.0,10708.0,10804.0,10857.0
13657,36871.0,37936.0,39110.0,39972.0,40658.0,41331.0,42048.0,42699.0,43291.0
13667,14771.0,15137.0,15560.0,15723.0,15800.0,15833.0,15853.0,15866.0,15839.0
13670,27182.0,27641.0,28162.0,28462.0,28665.0,28837.0,29026.0,29198.0,29312.0
13673,14557.0,14589.0,14650.0,14830.0,14973.0,15100.0,15213.0,15319.0,15427.0
13683,20961.0,21326.0,21718.0,21952.0,22111.0,22252.0,22371.0,22497.0,22593.0
13688,32660.0,32969.0,33382.0,33546.0,33597.0,33641.0,33643.0,33630.0,33538.0
13744,18122.0,18265.0,18453.0,18541.0,18550.0,18534.0,18510.0,18488.0,18410.0
13760,10658.0,11054.0,11505.0,11862.0,12181.0,12490.0,12824.0,13119.0,13414.0
13780,13096.0,13498.0,13937.0,14245.0,14487.0,14720.0,14965.0,15225.0,15409.0
13810,18036.0,18241.0,18517.0,18604.0,18592.0,18567.0,18535.0,18489.0,18390.0
13836,105166.0,109191.0,113394.0,116684.0,119545.0,122249.0,124939.0,127464.0,129703.0
13838,16396.0,16653.0,16952.0,17189.0,17355.0,17523.0,17726.0,17881.0,18005.0
13873,23773.0,24732.0,25753.0,26589.0,27357.0,28055.0,28802.0,29535.0,30219.0
13894,11871.0,12189.0,12514.0,12751.0,12939.0,13112.0,13291.0,13477.0,13613.0
15001,174101.0,176904.0,178975.0,181676.0,183818.0,185748.0,187765.0,189660.0,191372.0
15022,1893.0,1886.0,1889.0,1882.0,1857.0,1846.0,1825.0,1807.0,1764.0
15047,15339.0,15378.0,15528.0,15506.0,15497.0,15450.0,15405.0,15363.0,15292.0
15051,5816.0,5935.0,6080.0,6151.0,6239.0,6292.0,6370.0,6459.0,6522.0
15087,7499.0,7529.0,7603.0,7622.0,7627.0,7629.0,7638.0,7665.0,7642.0
15090,1569.0,1600.0,1607.0,1619.0,1630.0,1619.0,1645.0,1652.0,1636.0
15092,1937.0,1922.0,1936.0,1902.0,1878.0,1857.0,1825.0,1809.0,1762.0
15097,5059.0,5087.0,5124.0,5153.0,5139.0,5171.0,5145.0,5178.0,5169.0
15104,5040.0,5107.0,5190.0,5233.0,5241.0,5250.0,5297.0,5324.0,5313.0
15106,2173.0,2210.0,2235.0,2237.0,2239.0,2259.0,2247.0,2254.0,2257.0
15109,4393.0,4419.0,4476.0,4486.0,4518.0,4512.0,4509.0,4518.0,4519.0
15114,1112.0,1154.0,1188.0,1207.0,1232.0,1254.0,1288.0,1338.0,1342.0
15131,3117.0,3087.0,3076.0,3032.0,2983.0,2948.0,2893.0,2869.0,2797.0
15135,3102.0,3137.0,3167.0,3182.0,3183.0,3177.0,3186.0,3209.0,3187.0
15162,3710.0,3704.0,3693.0,3678.0,3642.0,3620.0,3583.0,3545.0,3527.0
15172,3185.0,3208.0,3191.0,3170.0,3156.0,3121.0,3093.0,3086.0,3049.0
15176,56458.0,56930.0,57221.0,57591.0,57817.0,57965.0,58135.0,58267.0,58330.0
15180,3964.0,4003.0,4060.0,4070.0,4078.0,4074.0,4078.0,4094.0,4106.0
15183,7992.0,8064.0,8168.0,8180.0,8205.0,8209.0,8239.0,8237.0,8255.0
15185,5802.0,5852.0,5914.0,5933.0,5955.0,5967.0,5961.0,5969.0,5969.0
15187,2771.0,2786.0,2831.0,2833.0,2839.0,2857.0,2858.0,2848.0,2858.0
15189,4601.0,4624.0,4645.0,4631.0,4599.0,4576.0,4535.0,4531.0,4499.0
15204,12881.0,12995.0,13241.0,13329.0,13373.0,13419.0,13473.0,13517.0,13539.0
15212,3578.0,3590.0,3612.0,3578.0,3566.0,3536.0,3513.0,3476.0,3456.0
15215,2493.0,2515.0,2540.0,2539.0,2545.0,2546.0,2561.0,2570.0,2576.0
15218,2785.0,2815.0,2845.0,2856.0,2863.0,2863.0,2873.0,2867.0,2876.0
15223,10314.0,10870.0,11461.0,11898.0,12261.0,12624.0,12974.0,13318.0,13622.0
15224,3724.0,3738.0,3793.0,3792.0,3794.0,3793.0,3801.0,3808.0,3813.0
15226,1793.0,1786.0,1830.0,1826.0,1838.0,1839.0,1837.0,1843.0,1850.0
15232,4631.0,4667.0,4736.0,4784.0,4762.0,4796.0,4813.0,4811.0,4795.0
15236,2470.0,2511.0,2564.0,2585.0,2652.0,2651.0,2702.0,2723.0,2773.0
15238,123361.0,125538.0,127363.0,129463.0,131200.0,132756.0,134425.0,135991.0,137431.0
15244,4204.0,4232.0,4283.0,4282.0,4293.0,4300.0,4305.0,4304.0,4308.0
15248,3062.0,3083.0,3089.0,3122.0,3128.0,3119.0,3128.0,3149.0,3126.0
15272,6637.0,6743.0,6859.0,6921.0,6975.0,7040.0,7088.0,7137.0,7182.0
15276,3250.0,3267.0,3315.0,3328.0,3329.0,3338.0,3328.0,3351.0,3332.0
15293,2771.0,2800.0,2812.0,2807.0,2796.0,2762.0,2765.0,2750.0,2715.0
15296,4826.0,4809.0,4832.0,4802.0,4762.0,4721.0,4687.0,4644.0,4584.0
15299,18005.0,18265.0,18534.0,18764.0,18936.0,19114.0,19295.0,19470.0,19609.0
15317,1844.0,1860.0,1860.0,1847.0,1837.0,1828.0,1811.0,1814.0,1797.0
15322,10737.0,10887.0,10998.0,11116.0,11192.0,11276.0,11331.0,11408.0,11471.0
15325,3377.0,3425.0,3424.0,3457.0,3467.0,3476.0,3455.0,3473.0,3480.0
15332,4262.0,4282.0,4337.0,4352.0,4363.0,4352.0,4383.0,4359.0,4375.0
15362,1939.0,1952.0,1963.0,1956.0,1956.0,1961.0,1934.0,1936.0,1921.0
15367,7164.0,7205.0,7326.0,7360.0,7377.0,7369.0,7401.0,7387.0,7403.0
15368,3909.0,3929.0,3987.0,3994.0,4011.0,4010.0,4024.0,4019.0,4021.0
15377,3530.0,3581.0,3632.0,3678.0,3696.0,3727.0,3741.0,3766.0,3772.0
15380,2689.0,2673.0,2677.0,2649.0,2632.0,2599.0,2586.0,2550.0,2524.0
15401,1125.0,1116.0,1116.0,1138.0,1150.0,1140.0,1142.0,1150.0,1164.0
15403,2990.0,2980.0,2969.0,2952.0,2924.0,2876.0,2854.0,2835.0,2795.0
15407,16117.0,16673.0,17233.0,17729.0,18195.0,18665.0,19143.0,19633.0,20103.0
15425,4943.0,5021.0,5124.0,5166.0,5216.0,5249.0,5314.0,5342.0,5367.0
15442,5705.0,5744.0,5834.0,5845.0,5842.0,5873.0,5887.0,5881.0,5883.0
15455,8856.0,8915.0,8975.0,9014.0,9021.0,9040.0,9038.0,9050.0,9055.0
15464,4634.0,4629.0,4641.0,4641.0,4601.0,4564.0,4526.0,4509.0,4458.0
15466,4242.0,4258.0,4297.0,4300.0,4318.0,4313.0,4325.0,4338.0,4323.0
15469,22564.0,22830.0,23146.0,23348.0,23483.0,23611.0,23763.0,23864.0,23942.0
15476,5520.0,5508.0,5539.0,5463.0,5397.0,5346.0,5281.0,5219.0,5175.0
15480,8623.0,8568.0,8550.0,8485.0,8398.0,8308.0,8228.0,8125.0,8037.0
15491,15904.0,16159.0,16444.0,16612.0,16734.0,16840.0,16962.0,17091.0,17186.0
15494,5096.0,5126.0,5212.0,5216.0,5231.0,5227.0,5229.0,5249.0,5244.0
15500,2809.0,2827.0,2869.0,2900.0,2910.0,2907.0,2929.0,2926.0,2941.0
15507,8002.0,8041.0,8144.0,8149.0,8186.0,8171.0,8190.0,8210.0,8205.0
15511,2438.0,2441.0,2436.0,2416.0,2385.0,2330.0,2301.0,2281.0,2231.0
15514,3272.0,3286.0,3343.0,3357.0,3366.0,3359.0,3376.0,3376.0,3353.0
15516,33587.0,34414.0,35217.0,35949.0,36606.0,37228.0,37880.0,38533.0,39148.0
15518,2375.0,2371.0,2352.0,2324.0,2282.0,2245.0,2205.0,2172.0,2128.0
15522,1711.0,1715.0,1726.0,1731.0,1743.0,1731.0,1725.0,1705.0,1708.0
15531,7154.0,7199.0,7293.0,7316.0,7318.0,7321.0,7346.0,7360.0,7346.0
15533,2583.0,2623.0,2674.0,2699.0,2712.0,2746.0,2735.0,2776.0,2780.0
15537,4285.0,4311.0,4351.0,4366.0,4363.0,4392.0,4373.0,4375.0,4374.0
15542,6809.0,6864.0,6949.0,6968.0,6985.0,6986.0,7014.0,7023.0,7019.0
15550,1755.0,1777.0,1846.0,1866.0,1894.0,1925.0,1951.0,1957.0,2018.0
15572,46921.0,47185.0,47447.0,47641.0,47705.0,47733.0,47787.0,47802.0,47775.0
15580,4868.0,4899.0,4951.0,4971.0,4972.0,4975.0,5005.0,5002.0,5012.0
15599,9861.0,9916.0,10031.0,10087.0,10093.0,10116.0,10131.0,10118.0,10126.0
15600,7822.0,7883.0,7983.0,8023.0,8018.0,8035.0,8043.0,8064.0,8076.0
15621,2395.0,2413.0,2443.0,2451.0,2457.0,2475.0,2467.0,2468.0,2455.0
15632,13449.0,13662.0,13978.0,14124.0,14221.0,14314.0,14424.0,14530.0,14624.0
15638,5444.0,5601.0,5780.0,5913.0,6039.0,6130.0,6250.0,6356.0,6444.0
15646,18240.0,18478.0,18794.0,18953.0,19089.0,19212.0,19327.0,19427.0,19525.0
15660,1697.0,1709.0,1717.0,1705.0,1696.0,1685.0,1672.0,1660.0,1637.0
15664,4961.0,4958.0,4972.0,4955.0,4935.0,4878.0,4871.0,4825.0,4794.0
15667,5477.0,5470.0,5500.0,5460.0,5408.0,5363.0,5304.0,5277.0,5217.0
15673,3317.0,3334.0,3390.0,3392.0,3391.0,3405.0,3397.0,3409.0,3400.0
15676,2971.0,3016.0,3035.0,3058.0,3073.0,3074.0,3081.0,3081.0,3081.0
15681,6552.0,6597.0,6700.0,6720.0,6752.0,6736.0,6772.0,6771.0,6778.0
15686,7514.0,7601.0,7686.0,7722.0,7738.0,7745.0,7746.0,7771.0,7765.0
15690,3560.0,3597.0,3616.0,3619.0,3615.0,3630.0,3640.0,3625.0,3631.0
15693,13097.0,13194.0,13299.0,13366.0,13407.0,13415.0,13452.0,13468.0,13478.0
15696,3166.0,3211.0,3233.0,3286.0,3300.0,3305.0,3338.0,3332.0,3363.0
15720,2202.0,2198.0,2211.0,2181.0,2139.0,2104.0,2080.0,2063.0,2030.0
15723,1077.0,1085.0,1084.0,1074.0,1067.0,1041.0,1055.0,1026.0,1015.0
15740,6677.0,6720.0,6837.0,6842.0,6859.0,6885.0,6894.0,6891.0,6889.0
15753,9102.0,9160.0,9223.0,9268.0,9251.0,9258.0,9285.0,9269.0,9273.0
15755,7242.0,7304.0,7391.0,7422.0,7446.0,7428.0,7460.0,7477.0,7463.0
15757,7935.0,8046.0,8161.0,8229.0,8297.0,8344.0,8424.0,8447.0,8484.0
15759,128183.0,130006.0,131421.0,133104.0,134382.0,135514.0,136725.0,137839.0,138796.0
15761,2894.0,2897.0,2948.0,2951.0,2957.0,2967.0,2963.0,2980.0,2984.0
15762,3008.0,3040.0,3090.0,3098.0,3146.0,3154.0,3150.0,3170.0,3177.0
15763,8089.0,8128.0,8205.0,8207.0,8186.0,8139.0,8132.0,8086.0,8051.0
15764,5910.0,5977.0,6074.0,6121.0,6138.0,6143.0,6179.0,6213.0,6209.0
15774,2705.0,2720.0,2754.0,2773.0,2760.0,2771.0,2795.0,2783.0,2785.0
15776,6047.0,6134.0,6199.0,6249.0,6260.0,6285.0,6304.0,6315.0,6345.0
15778,4197.0,4222.0,4265.0,4291.0,4268.0,4239.0,4257.0,4250.0,4219.0
15790,5852.0,5894.0,5962.0,5992.0,6016.0,6002.0,6012.0,6013.0,6036.0
15798,3836.0,3811.0,3814.0,3814.0,3747.0,3679.0,3673.0,3623.0,3573.0
15804,8995.0,9030.0,9136.0,9149.0,9123.0,9116.0,9107.0,9095.0,9056.0
15806,12883.0,13044.0,13250.0,13358.0,13458.0,13521.0,13579.0,13648.0,13705.0
15808,3249.0,3301.0,3387.0,3453.0,3482.0,3516.0,3552.0,3607.0,3647.0
15810,3315.0,3297.0,3317.0,3290.0,3271.0,3225.0,3217.0,3187.0,3150.0
15814,8754.0,8834.0,8892.0,8921.0,8930.0,8948.0,8960.0,8971.0,8969.0
15816,4301.0,4342.0,4395.0,4411.0,4421.0,4442.0,4440.0,4459.0,4442.0
15820,3601.0,3625.0,3679.0,3706.0,3714.0,3721.0,3720.0,3743.0,3723.0
15822,5131.0,5157.0,5229.0,5227.0,5173.0,5172.0,5161.0,5146.0,5116.0
15832,1524.0,1560.0,1576.0,1560.0,1567.0,1563.0,1570.0,1558.0,1559.0
15835,6093.0,6056.0,6046.0,5972.0,5901.0,5824.0,5756.0,5670.0,5587.0
15837,8218.0,8261.0,8343.0,8337.0,8301.0,8283.0,8251.0,8231.0,8196.0
15839,2017.0,2034.0,2057.0,2057.0,2039.0,2041.0,2021.0,2015.0,1999.0
15842,7453.0,7534.0,7641.0,7654.0,7674.0,7694.0,7698.0,7722.0,7727.0
15861,15573.0,15855.0,16265.0,16467.0,16625.0,16803.0,16977.0,17151.0,17300.0
15879,2803.0,2840.0,2882.0,2888.0,2889.0,2887.0,2910.0,2913.0,2907.0
15897,4609.0,4654.0,4698.0,4706.0,4735.0,4742.0,4740.0,4743.0,4754.0
17001,434403.0,440570.0,447015.0,453659.0,458752.0,462721.0,467681.0,472087.0,475690.0
17013,22819.0,23012.0,23193.0,23138.0,23019.0,22845.0,22674.0,22505.0,22301.0
17042,36129.0,36669.0,37170.0,37368.0,37438.0,37397.0,37428.0,37421.0,37352.0
17050,10561.0,10659.0,10788.0,10813.0,10827.0,10801.0,10820.0,10797.0,10781.0
17088,10653.0,10711.0,10767.0,10713.0,10630.0,10533.0,10467.0,10411.0,10327.0
17174,51266.0,51351.0,51497.0,51554.0,51412.0,51146.0,51007.0,50770.0,50452.0
17272,11440.0,11545.0,11646.0,11571.0,11452.0,11314.0,11182.0,11063.0,10931.0
17380,71898.0,72120.0,72402.0,72562.0,72455.0,72159.0,72044.0,71814.0,71480.0
17388,6007.0,6021.0,6083.0,6039.0,5993.0,5910.0,5844.0,5773.0,5679.0
17433,17919.0,18142.0,18328.0,18402.0,18426.0,18371.0,18375.0,18367.0,18310.0
17442,8874.0,9125.0,9348.0,9395.0,9411.0,9401.0,9394.0,9390.0,9363.0
17444,13240.0,13426.0,13615.0,13654.0,13661.0,13625.0,13619.0,13618.0,13558.0
17446,2599.0,2647.0,2705.0,2693.0,2695.0,2683.0,2685.0,2689.0,2676.0
17486,21031.0,21264.0,21529.0,21608.0,21618.0,21569.0,21568.0,21553.0,21492.0
17495,6020.0,6075.0,6149.0,6160.0,6161.0,6169.0,6171.0,6167.0,6140.0
17513,15331.0,15532.0,15755.0,15812.0,15803.0,15757.0,15748.0,15713.0,15657.0
17524,15570.0,15816.0,16090.0,16143.0,16127.0,16095.0,16059.0,16038.0,15966.0
17541,19905.0,20221.0,20518.0,20594.0,20566.0,20535.0,20493.0,20473.0,20404.0
17614,50792.0,51621.0,52494.0,52659.0,52622.0,52456.0,52440.0,52327.0,52118.0
17616,10829.0,11010.0,11159.0,11211.0,11203.0,11177.0,11157.0,11130.0,11079.0
17653,19457.0,19612.0,19798.0,19801.0,19713.0,19577.0,19511.0,19396.0,19254.0
17662,20471.0,20812.0,21180.0,21222.0,21210.0,21127.0,21128.0,21073.0,21004.0
17665,4847.0,4917.0,5019.0,5034.0,5029.0,5003.0,5002.0,4990.0,4960.0
17777,28623.0,29338.0,30090.0,30504.0,30807.0,31037.0,31325.0,31570.0,31774.0
17867,10161.0,10373.0,10636.0,10728.0,10823.0,10846.0,10927.0,10986.0,11015.0
17873,64668.0,66223.0,67842.0,69325.0,70560.0,71547.0,72649.0,73653.0,74463.0
17877,12736.0,12774.0,12832.0,12844.0,12819.0,12769.0,12728.0,12676.0,12613.0
18001,168606.0,170885.0,173469.0,176423.0,179093.0,181642.0,184170.0,186497.0,188620.0
18029,4672.0,4719.0,4756.0,4785.0,4813.0,4816.0,4833.0,4835.0,4859.0
18094,11035.0,11102.0,11189.0,11227.0,11303.0,11327.0,11371.0,11403.0,11428.0
18150,30395.0,30785.0,31141.0,31467.0,31750.0,31990.0,32224.0,32456.0,32647.0
18205,7602.0,7617.0,7664.0,7710.0,7722.0,7763.0,7783.0,7807.0,7804.0
18247,19306.0,19390.0,19483.0,19597.0,19684.0,19748.0,19817.0,19860.0,19861.0
18256,18034.0,18215.0,18401.0,18547.0,18644.0,18748.0,18838.0,18896.0,18972.0
18410,14700.0,14865.0,15039.0,15145.0,15217.0,15298.0,15382.0,15448.0,15512.0
18460,9707.0,9848.0,9968.0,10031.0,10080.0,10139.0,10177.0,10250.0,10297.0
18479,3709.0,3711.0,3739.0,3759.0,3778.0,3786.0,3807.0,3805.0,3814.0
18592,26532.0,26687.0,26872.0,27025.0,27135.0,27222.0,27339.0,27430.0,27477.0
18610,12802.0,12889.0,12986.0,13071.0,13133.0,13186.0,13229.0,13270.0,13301.0
18753,50707.0,51111.0,51548.0,51847.0,52064.0,52279.0,52473.0,52672.0,52805.0
18756,11201.0,11108.0,11020.0,10948.0,10879.0,10840.0,10830.0,10837.0,10833.0
18785,6204.0,6247.0,6280.0,6311.0,6344.0,6362.0,6398.0,6412.0,6422.0
18860,6873.0,6932.0,7012.0,7054.0,7085.0,7125.0,7156.0,7163.0,7215.0
19001,318055.0,324594.0,331304.0,336438.0,340713.0,344359.0,348444.0,352150.0,355347.0
19022,18448.0,18460.0,18483.0,18472.0,18469.0,18431.0,18432.0,18398.0,18376.0
19050,26140.0,26389.0,26619.0,26838.0,27075.0,27251.0,27464.0,27672.0,27853.0
19075,21116.0,21302.0,21493.0,21686.0,21848.0,22043.0,22220.0,22405.0,22556.0
19100,38044.0,38082.0,38114.0,38129.0,38084.0,38038.0,38005.0,37978.0,37932.0
19110,31434.0,31732.0,32032.0,32376.0,32616.0,32773.0,33003.0,33182.0,33342.0
19130,42018.0,42670.0,43314.0,43965.0,44577.0,45170.0,45786.0,46390.0,46986.0
19137,39948.0,40637.0,41365.0,42136.0,42776.0,43351.0,43991.0,44587.0,45131.0
19142,30185.0,30344.0,30550.0,30754.0,30867.0,30947.0,31061.0,31162.0,31197.0
19212,25292.0,25684.0,26106.0,26439.0,26708.0,26903.0,27157.0,27349.0,27500.0
19256,53895.0,54544.0,55195.0,55847.0,56427.0,56993.0,57546.0,58071.0,58555.0
19290,5202.0,5222.0,5224.0,5214.0,5213.0,5195.0,5213.0,5194.0,5181.0
19300,19655.0,19821.0,19966.0,20095.0,20195.0,20233.0,20320.0,20381.0,20437.0
19318,27620.0,27898.0,28207.0,28484.0,28736.0,28979.0,29275.0,29530.0,29766.0
19355,28879.0,28950.0,29047.0,29144.0,29181.0,29161.0,29139.0,29134.0,29058.0
19364,17856.0,18074.0,18307.0,18591.0,18790.0,18963.0,19163.0,19319.0,19492.0
19392,10744.0,10822.0,10934.0,11033.0,11122.0,11198.0,11305.0,11382.0,11466.0
19397,24500.0,24495.0,24498.0,24513.0,24484.0,24447.0,24423.0,24396.0,24376.0
19418,18587.0,18744.0,18889.0,19047.0,19198.0,19325.0,19491.0,19624.0,19757.0
19450,22674.0,23195.0,23743.0,24261.0,24741.0,25249.0,25765.0,26270.0,26766.0
19455,31363.0,31661.0,31969.0,32193.0,32343.0,32449.0,32570.0,32681.0,32700.0
19473,38836.0,39859.0,40912.0,41937.0,42853.0,43668.0,44523.0,45325.0,46001.0
19513,9942.0,10069.0,10210.0,10313.0,10383.0,10466.0,10541.0,10584.0,10622.0
19517,45781.0,46971.0,48174.0,49336.0,50407.0,51411.0,52403.0,53393.0,54283.0
19532,36852.0,37225.0,37616.0,37965.0,38285.0,38560.0,38915.0,39198.0,39457.0
19533,8817.0,8967.0,9126.0,9284.0,9431.0,9579.0,9705.0,9839.0,9967.0
19548,40804.0,41239.0,41657.0,42026.0,42281.0,42466.0,42676.0,42857.0,42986.0
19573,41616.0,42120.0,42617.0,42951.0,43146.0,43275.0,43471.0,43622.0,43709.0
19585,17268.0,17427.0,17595.0,17753.0,17869.0,17958.0,18062.0,18144.0,18221.0
19622,11475.0,11572.0,11665.0,11754.0,11842.0,11917.0,12028.0,12121.0,12211.0
19693,10947.0,10925.0,10913.0,10900.0,10857.0,10850.0,10813.0,10815.0,10784.0
19698,110465.0,113322.0,116253.0,118996.0,121459.0,123743.0,126198.0,128547.0,130768.0
19701,5326.0,5327.0,5328.0,5339.0,5345.0,5349.0,5328.0,5326.0,5310.0
19743,37339.0,37808.0,38291.0,38786.0,39172.0,39515.0,39887.0,40219.0,40504.0
19760,13940.0,14048.0,14159.0,14276.0,14376.0,14492.0,14596.0,14713.0,14806.0
19780,31905.0,32868.0,33841.0,34762.0,35625.0,36370.0,37158.0,37875.0,38524.0
19785,9488.0,9532.0,9597.0,9648.0,9686.0,9729.0,9756.0,9809.0,9826.0
19807,35476.0,36017.0,36570.0,37084.0,37584.0,38080.0,38572.0,39064.0,39534.0
19809,26100.0,26614.0,27110.0,27569.0,28045.0,28538.0,29010.0,29477.0,29935.0
19821,35216.0,35925.0,36634.0,37381.0,38057.0,38643.0,39282.0,39914.0,40488.0
19824,24554.0,25005.0,25494.0,25989.0,26379.0,26712.0,27100.0,27422.0,27710.0
19845,20700.0,21217.0,21783.0,22230.0,22614.0,22966.0,23298.0,23629.0,23909.0
20001,490068.0,512113.0,536621.0,555190.0,570701.0,585985.0,601259.0,615987.0,629217.0
20011,109616.0,114220.0,119365.0,123137.0,126214.0,129255.0,132237.0,135087.0,137624.0
20013,60769.0,62500.0,64573.0,65730.0,66487.0,67188.0,67850.0,68390.0,68732.0
20032,20109.0,20675.0,21359.0,21682.0,21848.0,22010.0,22144.0,22255.0,22306.0
20045,21609.0,22698.0,23880.0,24764.0,25510.0,26218.0,26931.0,27594.0,28177.0
20060,40023.0,41590.0,43355.0,44652.0,45689.0,46702.0,47690.0,48639.0,49462.0
20175,34165.0,35187.0,36394.0,36943.0,37236.0,37498.0,37732.0,37925.0,37988.0
20178,27707.0,28773.0,29981.0,30725.0,31320.0,31880.0,32424.0,32915.0,33316.0
20228,37398.0,38980.0,40770.0,41994.0,42956.0,43896.0,44811.0,45650.0,46370.0
20238,30171.0,31220.0,32394.0,33160.0,33722.0,34255.0,34776.0,35248.0,35615.0
20250,37530.0,39469.0,41595.0,42886.0,43875.0,44810.0,45704.0,46484.0,47130.0
20295,14965.0,15328.0,15735.0,15922.0,15985.0,16037.0,16058.0,16073.0,16060.0
20310,4391.0,4501.0,4673.0,4747.0,4821.0,4882.0,4928.0,5006.0,5031.0
20383,17152.0,17767.0,18455.0,18808.0,19076.0,19292.0,19514.0,19713.0,19832.0
20400,46711.0,49441.0,52415.0,54496.0,56130.0,57606.0,58996.0,60223.0,61237.0
20443,10052.0,10352.0,10711.0,10956.0,11173.0,11347.0,11548.0,11726.0,11863.0
20517,18559.0,19153.0,19847.0,20262.0,20545.0,20818.0,21068.0,21310.0,21450.0
20550,20688.0,21468.0,22359.0,22939.0,23372.0,23797.0,24204.0,24612.0,24912.0
20570,27015.0,28474.0,30063.0,31156.0,32034.0,32893.0,33724.0,34527.0,35207.0
20614,16837.0,17412.0,18076.0,18486.0,18795.0,19101.0,19390.0,19669.0,19895.0
20621,27748.0,28842.0,30085.0,30888.0,31522.0,32153.0,32751.0,33287.0,33768.0
20710,26251.0,27246.0,28360.0,29194.0,29909.0,30543.0,31199.0,31811.0,32327.0
20750,19038.0,19941.0,20929.0,21620.0,22191.0,22761.0,23324.0,23861.0,24353.0
20770,26668.0,28024.0,29463.0,30577.0,31509.0,32446.0,33351.0,34220.0,34997.0
20787,15349.0,15801.0,16305.0,16532.0,16659.0,16774.0,16871.0,16947.0,16955.0
23001,490941.0,503974.0,517476.0,529652.0,541042.0,552371.0,563597.0,574570.0,585029.0
23068,46968.0,47596.0,48265.0,48777.0,49175.0,49544.0,49883.0,50190.0,50433.0
23079,21087.0,21348.0,21642.0,21866.0,22031.0,22164.0,22295.0,22410.0,22499.0
23090,15346.0,15569.0,15812.0,15983.0,16141.0,16271.0,16420.0,16518.0,16655.0
23162,105826.0,108346.0,110983.0,113247.0,115329.0,117379.0,119389.0,121334.0,123157.0
23168,17539.0,17910.0,18314.0,18619.0,18904.0,19166.0,19407.0,19635.0,19843.0
23182,47920.0,48821.0,49847.0,50557.0,51087.0,51590.0,52071.0,52515.0,52863.0
23189,59080.0,59879.0,60741.0,61321.0,61788.0,62210.0,62594.0,62919.0,63178.0
23300,19028.0,19496.0,19939.0,20322.0,20658.0,21014.0,21334.0,21648.0,21939.0
23350,14864.0,15152.0,15432.0,15670.0,15891.0,16087.0,16297.0,16498.0,16674.0
23417,113908.0,115527.0,117394.0,118492.0,119192.0,119776.0,120346.0,120798.0,121047.0
23419,18724.0,18882.0,19038.0,19136.0,19173.0,19209.0,19217.0,19229.0,19190.0
23464,19589.0,20147.0,20754.0,21199.0,21549.0,21867.0,22186.0,22486.0,22726.0
23466,81628.0,82839.0,84104.0,85112.0,85926.0,86707.0,87467.0,88139.0,88739.0
23500,29843.0,30497.0,31240.0,31756.0,32145.0,32504.0,32846.0,33137.0,33384.0
23555,64212.0,64786.0,65408.0,65791.0,66048.0,66266.0,66459.0,66591.0,66626.0
23570,35650.0,36160.0,36735.0,37099.0,37426.0,37711.0,37976.0,38206.0,38385.0
23574,23635.0,23901.0,24206.0,24370.0,24454.0,24584.0,24650.0,24698.0,24720.0
23580,41875.0,42662.0,43486.0,44120.0,44660.0,45186.0,45697.0,46166.0,46580.0
23586,17190.0,17607.0,18019.0,18336.0,18605.0,18835.0,19091.0,19309.0,19500.0
23660,107621.0,109807.0,112097.0,113914.0,115527.0,117077.0,118572.0,119946.0,121174.0
23670,48613.0,49364.0,50255.0,50878.0,51349.0,51786.0,52225.0,52617.0,52949.0
23672,33874.0,34867.0,35934.0,36757.0,37463.0,38127.0,38802.0,39432.0,40008.0
23675,36999.0,37813.0,38682.0,39356.0,39916.0,40394.0,40897.0,41366.0,41755.0
23678,26959.0,27364.0,27783.0,28063.0,28314.0,28531.0,28745.0,28909.0,29051.0
23682,13344.0,13695.0,14084.0,14418.0,14685.0,14981.0,15244.0,15495.0,15711.0
23686,51852.0,53060.0,54279.0,55304.0,56150.0,56999.0,57804.0,58534.0,59171.0
23807,92339.0,94016.0,95738.0,97113.0,98249.0,99416.0,100490.0,101499.0,102387.0
23815,52619.0,54166.0,55812.0,57141.0,58274.0,59341.0,60386.0,61361.0,62215.0
23855,35681.0,35988.0,36311.0,36493.0,36591.0,36658.0,36721.0,36752.0,36724.0
25001,11687.0,11730.0,11783.0,11818.0,11824.0,11821.0,11820.0,11838.0,11818.0
25019,6389.0,6514.0,6657.0,6736.0,6781.0,6868.0,6911.0,6980.0,7048.0
25035,14520.0,14923.0,15313.0,15659.0,15990.0,16299.0,16635.0,16983.0,17306.0
25040,13738.0,13923.0,14187.0,14309.0,14410.0,14484.0,14581.0,14673.0,14735.0
25053,10863.0,10882.0,10922.0,10877.0,10848.0,10803.0,10753.0,10712.0,10653.0
25086,1780.0,1773.0,1790.0,1801.0,1803.0,1793.0,1805.0,1778.0,1769.0
25095,2434.0,2463.0,2498.0,2505.0,2492.0,2463.0,2476.0,2466.0,2461.0
25099,9970.0,10145.0,10268.0,10442.0,10559.0,10690.0,10793.0,10927.0,11019.0
25120,4715.0,4779.0,4834.0,4862.0,4867.0,4896.0,4887.0,4921.0,4931.0
25123,9930.0,10023.0,10173.0,10248.0,10275.0,10296.0,10338.0,10378.0,10366.0
25126,87218.0,96058.0,101936.0,106569.0,110714.0,114761.0,118870.0,122811.0,126436.0
25148,12499.0,12371.0,12307.0,12112.0,11931.0,11716.0,11509.0,11310.0,11089.0
25151,17078.0,17283.0,17558.0,17731.0,17840.0,17935.0,18061.0,18167.0,18247.0
25154,7555.0,7606.0,7700.0,7718.0,7738.0,7753.0,7764.0,7771.0,7778.0
25168,4169.0,4244.0,4286.0,4307.0,4335.0,4338.0,4366.0,4381.0,4402.0
25175,136742.0,145682.0,152026.0,156919.0,161094.0,165266.0,169539.0,173728.0,177550.0
25178,9409.0,9575.0,9790.0,9887.0,9998.0,10055.0,10150.0,10204.0,10254.0
25181,10933.0,11033.0,11172.0,11208.0,11226.0,11252.0,11283.0,11285.0,11302.0
25183,20545.0,20852.0,21178.0,21391.0,21544.0,21686.0,21836.0,21987.0,22093.0
25200,21974.0,22536.0,23198.0,23670.0,24094.0,24521.0,24963.0,25389.0,25806.0
25214,34864.0,38327.0,40458.0,42076.0,43488.0,44875.0,46260.0,47586.0,48798.0
25224,7560.0,7696.0,7901.0,7979.0,8053.0,8153.0,8234.0,8325.0,8367.0
25245,23833.0,24378.0,24986.0,25420.0,25825.0,26203.0,26618.0,27003.0,27387.0
25258,4635.0,4666.0,4734.0,4733.0,4734.0,4736.0,4710.0,4735.0,4719.0
25260,22208.0,23038.0,23761.0,24545.0,25217.0,25863.0,26497.0,27092.0,27654.0
25269,140539.0,144447.0,147834.0,151663.0,155121.0,158434.0,161874.0,165243.0,168471.0
25279,11952.0,12059.0,12196.0,12273.0,12299.0,12320.0,12340.0,12359.0,12363.0
25281,5755.0,5734.0,5776.0,5756.0,5711.0,5666.0,5631.0,5597.0,5534.0
25286,93357.0,98143.0,103181.0,107297.0,110962.0,114641.0,118457.0,122260.0,125880.0
25288,4841.0,4877.0,4960.0,4991.0,4958.0,4973.0,4961.0,4948.0,4926.0
25290,138503.0,141657.0,144867.0,148056.0,151041.0,153894.0,156943.0,159944.0,162844.0
25293,4436.0,4441.0,4495.0,4512.0,4530.0,4523.0,4548.0,4545.0,4538.0
25295,17062.0,17757.0,18441.0,19070.0,19678.0,20237.0,20800.0,21332.0,21830.0
25297,8401.0,8471.0,8558.0,8591.0,8588.0,8593.0,8619.0,8618.0,8615.0
25299,3086.0,3108.0,3157.0,3174.0,3172.0,3191.0,3193.0,3188.0,3206.0
25307,101024.0,101575.0,102135.0,102742.0,103138.0,103443.0,103831.0,104137.0,104326.0
25312,7132.0,7239.0,7380.0,7444.0,7480.0,7567.0,7614.0,7660.0,7689.0
25317,13246.0,13543.0,13847.0,14108.0,14313.0,14515.0,14716.0,14913.0,15106.0
25320,30521.0,30678.0,30839.0,30883.0,30860.0,30808.0,30787.0,30732.0,30669.0
25322,15304.0,15717.0,16190.0,16546.0,16855.0,17196.0,17529.0,17869.0,18176.0
25324,2849.0,2898.0,2968.0,2984.0,3043.0,3092.0,3118.0,3153.0,3195.0
25326,6305.0,6338.0,6409.0,6417.0,6426.0,6410.0,6391.0,6379.0,6357.0
25328,4422.0,4518.0,4679.0,4791.0,4865.0,4970.0,5062.0,5132.0,5227.0
25335,6199.0,6353.0,6543.0,6659.0,6769.0,6872.0,6989.0,7066.0,7142.0
25339,3380.0,3423.0,3465.0,3483.0,3489.0,3493.0,3512.0,3520.0,3517.0
25368,2287.0,2249.0,2259.0,2243.0,2207.0,2191.0,2169.0,2135.0,2115.0
25372,5755.0,5667.0,5623.0,5495.0,5362.0,5229.0,5105.0,4976.0,4854.0
25377,32815.0,36418.0,38181.0,39377.0,40400.0,41416.0,42445.0,43453.0,44374.0
25386,32707.0,33492.0,34331.0,35034.0,35655.0,36266.0,36901.0,37508.0,38076.0
25394,9458.0,9529.0,9629.0,9665.0,9686.0,9687.0,9706.0,9708.0,9725.0
25398,5863.0,5913.0,6004.0,6030.0,6036.0,6032.0,6051.0,6073.0,6060.0
25402,16916.0,17322.0,17788.0,18111.0,18380.0,18642.0,18891.0,19137.0,19326.0
25407,10011.0,10153.0,10345.0,10444.0,10502.0,10547.0,10629.0,10670.0,10704.0
25426,6086.0,6132.0,6219.0,6239.0,6243.0,6250.0,6273.0,6280.0,6285.0
25430,113204.0,118034.0,122381.0,127066.0,131321.0,135299.0,139289.0,143090.0,146635.0
25436,3707.0,3705.0,3689.0,3660.0,3600.0,3551.0,3502.0,3471.0,3420.0
25438,8011.0,8126.0,8259.0,8342.0,8397.0,8449.0,8472.0,8517.0,8581.0
25473,130255.0,138336.0,146907.0,154200.0,160773.0,167198.0,173675.0,179940.0,185735.0
25483,2328.0,2380.0,2389.0,2407.0,2426.0,2436.0,2462.0,2482.0,2492.0
25486,13175.0,13434.0,13761.0,14007.0,14221.0,14430.0,14659.0,14872.0,15058.0
25488,10828.0,10872.0,10940.0,10950.0,10975.0,11008.0,11030.0,11080.0,11069.0
25489,3572.0,3580.0,3634.0,3651.0,3656.0,3662.0,3674.0,3672.0,3669.0
25491,6053.0,6008.0,6001.0,5926.0,5820.0,5752.0,5654.0,5578.0,5499.0
25506,4222.0,4281.0,4355.0,4392.0,4440.0,4463.0,4505.0,4528.0,4565.0
25513,24385.0,24608.0,24816.0,24916.0,24975.0,24965.0,25018.0,25021.0,25012.0
25518,4164.0,4108.0,4104.0,4043.0,3970.0,3914.0,3853.0,3786.0,3718.0
25524,4980.0,4996.0,5004.0,4996.0,4973.0,4954.0,4941.0,4908.0,4883.0
25530,8317.0,8465.0,8601.0,8677.0,8737.0,8775.0,8841.0,8881.0,8909.0
25535,9108.0,9185.0,9266.0,9298.0,9334.0,9337.0,9386.0,9394.0,9417.0
25572,15453.0,15548.0,15634.0,15697.0,15727.0,15732.0,15771.0,15799.0,15796.0
25580,3321.0,3403.0,3469.0,3516.0,3570.0,3597.0,3652.0,3686.0,3731.0
25592,4669.0,4738.0,4831.0,4860.0,4884.0,4906.0,4922.0,4939.0,4957.0
25594,5030.0,5080.0,5145.0,5174.0,5177.0,5179.0,5182.0,5201.0,5191.0
25596,6242.0,6184.0,6167.0,6077.0,5981.0,5874.0,5777.0,5675.0,5561.0
25599,8196.0,8289.0,8396.0,8461.0,8520.0,8557.0,8624.0,8666.0,8689.0
25612,12874.0,13317.0,13765.0,14153.0,14508.0,14851.0,15191.0,15535.0,15834.0
25645,11751.0,11853.0,12061.0,12136.0,12134.0,12184.0,12208.0,12207.0,12209.0
25649,8473.0,8554.0,8607.0,8644.0,8651.0,8685.0,8709.0,8729.0,8732.0
25653,4802.0,4828.0,4893.0,4888.0,4855.0,4825.0,4839.0,4824.0,4790.0
25658,10730.0,11056.0,11418.0,11716.0,11992.0,12263.0,12563.0,12843.0,13130.0
25662,8180.0,8242.0,8317.0,8340.0,8378.0,8380.0,8423.0,8415.0,8443.0
25718,10653.0,10787.0,11018.0,11120.0,11216.0,11267.0,11389.0,11447.0,11493.0
25736,11380.0,11628.0,11929.0,12167.0,12340.0,12522.0,12723.0,12897.0,13074.0
25740,35219.0,37338.0,38454.0,39008.0,39361.0,39697.0,40013.0,40324.0,40496.0
25743,21628.0,21853.0,22084.0,22224.0,22290.0,22358.0,22445.0,22520.0,22561.0
25745,12847.0,13129.0,13412.0,13670.0,13880.0,14074.0,14289.0,14487.0,14680.0
25754,659218.0,692774.0,729462.0,760132.0,787512.0,814670.0,842579.0,870077.0,895878.0
25758,27249.0,29252.0,30355.0,31102.0,31729.0,32323.0,32937.0,33511.0,34015.0
25769,15657.0,16048.0,16461.0,16797.0,17116.0,17411.0,17703.0,17999.0,18259.0
25772,16997.0,17399.0,17860.0,18214.0,18521.0,18840.0,19171.0,19477.0,19762.0
25777,5167.0,5244.0,5369.0,5392.0,5431.0,5494.0,5529.0,5550.0,5592.0
25779,6435.0,6469.0,6538.0,6567.0,6586.0,6582.0,6595.0,6595.0,6601.0
25781,5847.0,6013.0,6210.0,6362.0,6482.0,6616.0,6727.0,6869.0,7004.0
25785,21566.0,21850.0,22248.0,22431.0,22616.0,22727.0,22884.0,23025.0,23125.0
25793,8005.0,8122.0,8300.0,8371.0,8442.0,8491.0,8560.0,8602.0,8658.0
25797,9473.0,9770.0,10129.0,10384.0,10616.0,10838.0,11062.0,11316.0,11534.0
25799,21857.0,22391.0,23002.0,23443.0,23825.0,24235.0,24623.0,25014.0,25385.0
25805,4354.0,4377.0,4390.0,4358.0,4326.0,4301.0,4276.0,4265.0,4222.0
25807,3132.0,3176.0,3251.0,3270.0,3307.0,3323.0,3346.0,3376.0,3384.0
25815,15737.0,15830.0,15923.0,15961.0,16001.0,16028.0,16059.0,16083.0,16083.0
25817,39860.0,41456.0,43200.0,44622.0,45898.0,47128.0,48367.0,49532.0,50587.0
25823,4101.0,4104.0,4122.0,4106.0,4060.0,4036.0,3994.0,3972.0,3935.0
25839,7668.0,7714.0,7838.0,7838.0,7880.0,7884.0,7889.0,7897.0,7908.0
25841,6681.0,6734.0,6840.0,6865.0,6896.0,6886.0,6923.0,6934.0,6923.0
25843,42737.0,43616.0,44453.0,45287.0,45977.0,46613.0,47305.0,47985.0,48587.0
25845,6939.0,6927.0,6924.0,6899.0,6843.0,6779.0,6730.0,6670.0,6630.0
25851,4257.0,4264.0,4304.0,4331.0,4335.0,4323.0,4342.0,4345.0,4344.0
25862,6803.0,6802.0,6873.0,6846.0,6793.0,6750.0,6708.0,6696.0,6648.0
25867,4309.0,4387.0,4457.0,4503.0,4537.0,4572.0,4624.0,4643.0,4676.0
25871,1758.0,1752.0,1734.0,1719.0,1688.0,1663.0,1645.0,1629.0,1605.0
25873,17120.0,17358.0,17648.0,17800.0,17923.0,18016.0,18129.0,18231.0,18305.0
25875,26957.0,27386.0,27847.0,28242.0,28539.0,28823.0,29130.0,29421.0,29687.0
25878,13244.0,13310.0,13444.0,13471.0,13484.0,13468.0,13500.0,13513.0,13496.0
25885,12236.0,12110.0,12040.0,11840.0,11621.0,11413.0,11191.0,10996.0,10779.0
25898,4635.0,4659.0,4707.0,4716.0,4703.0,4692.0,4679.0,4655.0,4649.0
25899,134624.0,142731.0,148591.0,152817.0,156365.0,159790.0,163372.0,166810.0,169869.0
27001,129217.0,131208.0,133199.0,134979.0,136696.0,138336.0,140076.0,141778.0,143332.0
27006,13988.0,14371.0,14793.0,15086.0,15373.0,15650.0,15963.0,16200.0,16455.0
27025,27594.0,27837.0,28066.0,28301.0,28497.0,28707.0,28940.0,29176.0,29358.0
27050,6075.0,6125.0,6170.0,6249.0,6298.0,6356.0,6409.0,6464.0,6532.0
27073,11024.0,11257.0,11498.0,11758.0,11977.0,12213.0,12471.0,12701.0,12936.0
27075,10119.0,10245.0,10349.0,10463.0,10564.0,10654.0,10756.0,10867.0,10943.0
27077,29955.0,30849.0,31743.0,32492.0,33146.0,33684.0,34197.0,34655.0,35053.0
27099,12079.0,12238.0,12414.0,12586.0,12724.0,12876.0,13019.0,13159.0,13290.0
27135,6128.0,6176.0,6229.0,6290.0,6364.0,6411.0,6486.0,6535.0,6585.0
27150,18431.0,19111.0,19790.0,20280.0,20660.0,20965.0,21234.0,21470.0,21673.0
27160,5630.0,5700.0,5760.0,5800.0,5860.0,5911.0,5986.0,6038.0,6063.0
27205,12657.0,12684.0,12706.0,12707.0,12677.0,12668.0,12664.0,12644.0,12620.0
27245,8198.0,8263.0,8333.0,8401.0,8486.0,8553.0,8622.0,8704.0,8768.0
27250,21675.0,22466.0,23230.0,24019.0,24783.0,25517.0,26236.0,26940.0,27635.0
27361,30742.0,31505.0,32270.0,32987.0,33746.0,34462.0,35215.0,35971.0,36717.0
27372,6682.0,6960.0,7231.0,7506.0,7754.0,8017.0,8260.0,8541.0,8761.0
27413,9782.0,9879.0,9974.0,10075.0,10141.0,10241.0,10316.0,10407.0,10485.0
27425,10671.0,10761.0,10838.0,10925.0,11015.0,11079.0,11179.0,11265.0,11341.0
27430,15108.0,15441.0,15753.0,16059.0,16375.0,16684.0,17004.0,17301.0,17617.0
27450,10582.0,10662.0,10758.0,10845.0,10958.0,11023.0,11112.0,11225.0,11296.0
27491,9164.0,9281.0,9400.0,9492.0,9632.0,9717.0,9825.0,9914.0,10016.0
27493,,,,,,,29812.0,30214.0,30508.0
27495,16203.0,16733.0,17244.0,17657.0,17993.0,18287.0,18555.0,18766.0,18970.0
27580,5478.0,5516.0,5577.0,5615.0,5650.0,5706.0,5747.0,5807.0,5848.0
27600,8215.0,8262.0,8306.0,8352.0,8381.0,8401.0,8434.0,8446.0,8477.0
27615,53441.0,55472.0,57468.0,58540.0,59387.0,60070.0,30082.0,30268.0,30386.0
27660,5116.0,5115.0,5145.0,5137.0,5160.0,5149.0,5164.0,5130.0,5136.0
27745,3177.0,3199.0,3218.0,3253.0,3275.0,3307.0,3325.0,3341.0,3378.0
27787,18012.0,18206.0,18395.0,18610.0,18780.0,18945.0,19134.0,19308.0,19486.0
27800,12854.0,12913.0,12980.0,12912.0,12826.0,12717.0,12703.0,12599.0,12481.0
27810,6810.0,6885.0,6950.0,7006.0,7080.0,7136.0,7202.0,7272.0,7322.0
41001,357376.0,364508.0,371690.0,378215.0,384329.0,390199.0,396442.0,402479.0,408218.0
41006,24777.0,24993.0,25228.0,25435.0,25619.0,25768.0,25976.0,26133.0,26282.0
41013,8804.0,8897.0,8992.0,9095.0,9147.0,9209.0,9282.0,9337.0,9401.0
41016,16168.0,16346.0,16556.0,16723.0,16886.0,17039.0,17200.0,17368.0,17510.0
41020,22495.0,22560.0,22658.0,22718.0,22735.0,22728.0,22769.0,22780.0,22750.0
41026,4272.0,4358.0,4423.0,4502.0,4578.0,4649.0,4710.0,4760.0,4825.0
41078,8345.0,8330.0,8346.0,8331.0,8289.0,8246.0,8221.0,8183.0,8137.0
41132,31080.0,31278.0,31493.0,31608.0,31720.0,31782.0,31873.0,31929.0,31970.0
41206,7276.0,7354.0,7409.0,7468.0,7538.0,7593.0,7666.0,7705.0,7761.0
41244,4223.0,4294.0,4375.0,4459.0,4546.0,4619.0,4683.0,4766.0,4821.0
41298,72381.0,73131.0,73890.0,74532.0,75065.0,75551.0,76079.0,76558.0,76970.0
41306,24567.0,24490.0,24390.0,24277.0,24111.0,23919.0,23760.0,23562.0,23353.0
41319,17884.0,18026.0,18142.0,18268.0,18346.0,18423.0,18490.0,18554.0,18602.0
41349,7300.0,7411.0,7539.0,7664.0,7761.0,7878.0,7995.0,8082.0,8175.0
41357,9260.0,9331.0,9436.0,9514.0,9577.0,9639.0,9715.0,9791.0,9857.0
41359,25183.0,25437.0,25703.0,25938.0,26151.0,26316.0,26521.0,26685.0,26820.0
41378,12865.0,13047.0,13245.0,13432.0,13568.0,13727.0,13876.0,14021.0,14169.0
41396,61029.0,62181.0,63357.0,64475.0,65502.0,66481.0,67536.0,68544.0,69514.0
41483,6469.0,6563.0,6662.0,6749.0,6828.0,6899.0,7007.0,7050.0,7143.0
41503,11620.0,11750.0,11881.0,12004.0,12094.0,12188.0,12309.0,12403.0,12490.0
41518,6571.0,6751.0,6935.0,7094.0,7245.0,7395.0,7546.0,7718.0,7856.0
41524,26280.0,26395.0,26522.0,26597.0,26635.0,26638.0,26677.0,26694.0,26662.0
41530,11159.0,11294.0,11420.0,11527.0,11646.0,11738.0,11821.0,11920.0,12014.0
41548,13784.0,13957.0,14113.0,14261.0,14385.0,14516.0,14641.0,14761.0,14869.0
41551,124359.0,127235.0,130115.0,132886.0,135517.0,138056.0,140776.0,143407.0,145949.0
41615,24305.0,25034.0,25769.0,26464.0,27104.0,27738.0,28367.0,28966.0,29544.0
41660,10450.0,10499.0,10581.0,10648.0,10689.0,10721.0,10768.0,10798.0,10813.0
41668,33027.0,33500.0,33988.0,34430.0,34832.0,35223.0,35620.0,36013.0,36348.0
41676,10409.0,10486.0,10539.0,10615.0,10652.0,10680.0,10740.0,10786.0,10798.0
41770,21851.0,22525.0,23201.0,23831.0,24460.0,25011.0,25611.0,26160.0,26697.0
41791,17442.0,17665.0,17890.0,18110.0,18299.0,18481.0,18649.0,18837.0,19002.0
41797,10696.0,10947.0,11175.0,11389.0,11613.0,11821.0,12047.0,12262.0,12440.0
41799,11802.0,11936.0,12041.0,12161.0,12273.0,12371.0,12495.0,12561.0,12653.0
41801,8043.0,8103.0,8132.0,8160.0,8203.0,8223.0,8237.0,8265.0,8277.0
41807,21790.0,22069.0,22338.0,22591.0,22830.0,23015.0,23228.0,23418.0,23619.0
41872,7282.0,7316.0,7362.0,7393.0,7421.0,7427.0,7418.0,7435.0,7464.0
41885,7740.0,7789.0,7860.0,7918.0,7949.0,7975.0,8003.0,8037.0,8074.0
44001,188019.0,193478.0,199802.0,203266.0,205451.0,207427.0,209292.0,210871.0,211811.0
44035,29154.0,30566.0,32120.0,33229.0,34143.0,35050.0,35960.0,36852.0,37644.0
44078,35753.0,37327.0,39096.0,40229.0,41127.0,41974.0,42798.0,43576.0,44229.0
44090,37745.0,40063.0,42609.0,44323.0,45794.0,47219.0,48596.0,49910.0,51070.0
44098,13002.0,13394.0,13828.0,14025.0,14135.0,14217.0,14277.0,14353.0,14375.0
44110,7170.0,7317.0,7459.0,7531.0,7535.0,7552.0,7527.0,7508.0,7469.0
44279,42774.0,44952.0,47321.0,49182.0,50738.0,52263.0,53775.0,55201.0,56479.0
44378,20057.0,20776.0,21632.0,22147.0,22534.0,22889.0,23232.0,23554.0,23834.0
44420,3501.0,3631.0,3789.0,3893.0,3969.0,4059.0,4149.0,4230.0,4285.0
44430,170582.0,178565.0,187372.0,193605.0,198785.0,203879.0,208965.0,213830.0,218184.0
44560,83065.0,86496.0,90309.0,92316.0,93765.0,95144.0,96422.0,97580.0,98481.0
44650,46949.0,49190.0,51632.0,53413.0,54912.0,56381.0,57850.0,59279.0,60551.0
44847,163463.0,171943.0,181260.0,186976.0,191629.0,196169.0,200665.0,204947.0,208712.0
44855,10974.0,11080.0,11230.0,11339.0,11416.0,11534.0,11700.0,11868.0,12002.0
44874,28344.0,29284.0,30370.0,31099.0,31647.0,32157.0,32651.0,33120.0,33492.0
47001,499188.0,515745.0,534879.0,547542.0,556937.0,565844.0,574486.0,582394.0,588662.0
47030,15524.0,16190.0,16913.0,17419.0,17825.0,18218.0,18615.0,18979.0,19293.0
47053,39855.0,41046.0,42443.0,43160.0,43624.0,44032.0,44403.0,44719.0,44885.0
47058,30215.0,30774.0,31459.0,31660.0,31652.0,31599.0,31525.0,31412.0,31190.0
47161,9886.0,10201.0,10538.0,10767.0,10980.0,11175.0,11374.0,11570.0,11734.0
47170,21860.0,22661.0,23542.0,24224.0,24814.0,25369.0,25934.0,26484.0,26975.0
47189,120075.0,123851.0,128288.0,131114.0,133145.0,135013.0,136851.0,138516.0,139759.0
47205,10517.0,10691.0,10904.0,11019.0,11093.0,11111.0,11170.0,11208.0,11198.0
47245,65476.0,67736.0,70337.0,71890.0,72997.0,74044.0,75024.0,75903.0,76577.0
47258,22536.0,23289.0,24117.0,24720.0,25237.0,25696.0,26170.0,26580.0,26974.0
47268,19695.0,20133.0,20696.0,20950.0,21078.0,21186.0,21274.0,21323.0,21315.0
47288,66427.0,68506.0,70897.0,72410.0,73447.0,74427.0,75360.0,76213.0,76845.0
47318,26613.0,27303.0,28150.0,28427.0,28547.0,28615.0,28668.0,28658.0,28581.0
47460,19657.0,20274.0,20960.0,21472.0,21872.0,22265.0,22650.0,23036.0,23393.0
47541,9196.0,9422.0,9692.0,9856.0,10004.0,10125.0,10248.0,10329.0,10436.0
47545,12103.0,12533.0,13053.0,13368.0,13595.0,13813.0,14019.0,14229.0,14387.0
47551,37339.0,38080.0,38942.0,39447.0,39794.0,40092.0,40406.0,40669.0,40843.0
47555,61773.0,63914.0,66270.0,68096.0,69680.0,71190.0,72742.0,74242.0,75598.0
47570,29823.0,30925.0,32179.0,32872.0,33328.0,33750.0,34162.0,34516.0,34782.0
47605,11451.0,11863.0,12302.0,12661.0,12950.0,13238.0,13533.0,13808.0,14068.0
47660,15643.0,15933.0,16267.0,16430.0,16548.0,16608.0,16704.0,16760.0,16783.0
47675,10734.0,11100.0,11513.0,11817.0,12113.0,12346.0,12611.0,12861.0,13105.0
47692,19529.0,20139.0,20902.0,21248.0,21466.0,21652.0,21808.0,21943.0,22033.0
47703,11692.0,12219.0,12836.0,13184.0,13473.0,13708.0,13973.0,14204.0,14415.0
47707,25425.0,26061.0,26747.0,27195.0,27535.0,27860.0,28187.0,28471.0,28702.0
47720,10575.0,10736.0,10892.0,10959.0,11002.0,11012.0,11045.0,11028.0,11017.0
47745,27130.0,27593.0,28145.0,28454.0,28600.0,28736.0,28889.0,28971.0,29009.0
47798,13233.0,13504.0,13830.0,14007.0,14120.0,14254.0,14340.0,14447.0,14511.0
47960,9916.0,10161.0,10444.0,10652.0,10774.0,10922.0,11061.0,11186.0,11284.0
47980,68711.0,71479.0,74555.0,76103.0,77164.0,78127.0,79037.0,79848.0,80394.0
50001,531285.0,542056.0,554012.0,561992.0,567986.0,573473.0,579176.0,584389.0,588645.0
50006,88028.0,90779.0,93760.0,96064.0,98080.0,100048.0,102025.0,103943.0,105704.0
50110,6439.0,6690.0,6956.0,7197.0,7384.0,7559.0,7750.0,7922.0,8063.0
50124,6055.0,6229.0,6404.0,6543.0,6656.0,6756.0,6865.0,6963.0,7031.0
50150,14305.0,14878.0,15461.0,15972.0,16409.0,16831.0,17240.0,17622.0,17986.0
50223,6968.0,7073.0,7223.0,7285.0,7337.0,7367.0,7436.0,7455.0,7467.0
50226,22814.0,23254.0,23717.0,24002.0,24198.0,24360.0,24556.0,24710.0,24830.0
50245,1775.0,1794.0,1837.0,1848.0,1865.0,1890.0,1896.0,1909.0,1924.0
50251,7983.0,8090.0,8239.0,8314.0,8383.0,8421.0,8473.0,8517.0,8542.0
50270,3889.0,3948.0,4022.0,4057.0,4092.0,4114.0,4122.0,4145.0,4163.0
50287,12120.0,12313.0,12517.0,12629.0,12723.0,12796.0,12853.0,12922.0,12962.0
50313,68874.0,70111.0,71488.0,72338.0,72913.0,73401.0,73899.0,74331.0,74614.0
50318,14123.0,14538.0,14985.0,15321.0,15631.0,15920.0,16202.0,16492.0,16747.0
50325,7011.0,7068.0,7127.0,7180.0,7203.0,7250.0,7280.0,7301.0,7339.0
50330,11161.0,11301.0,11443.0,11547.0,11634.0,11721.0,11781.0,11873.0,11939.0
50350,26862.0,27438.0,28035.0,28445.0,28809.0,29175.0,29571.0,29924.0,30255.0
50370,9273.0,9386.0,9489.0,9548.0,9581.0,9642.0,9695.0,9736.0,9770.0
50400,11461.0,11631.0,11835.0,11945.0,12031.0,12100.0,12161.0,12229.0,12281.0
50450,8379.0,8459.0,8539.0,8591.0,8608.0,8650.0,8692.0,8729.0,8742.0
50568,41515.0,43661.0,45902.0,47835.0,49603.0,51325.0,53006.0,54636.0,56124.0
50573,30405.0,30853.0,31379.0,31673.0,31860.0,32019.0,32222.0,32366.0,32474.0
50577,10429.0,10505.0,10591.0,10635.0,10654.0,10682.0,10704.0,10723.0,10715.0
50590,13079.0,13145.0,13265.0,13330.0,13383.0,13435.0,13492.0,13545.0,13574.0
50606,18285.0,18855.0,19507.0,19986.0,20404.0,20804.0,21173.0,21525.0,21850.0
50680,12294.0,12714.0,13184.0,13551.0,13850.0,14145.0,14424.0,14694.0,14929.0
50683,9116.0,9195.0,9267.0,9339.0,9373.0,9407.0,9444.0,9469.0,9514.0
50686,1297.0,1342.0,1351.0,1358.0,1370.0,1387.0,1395.0,1393.0,1399.0
50689,26700.0,27123.0,27579.0,27852.0,28044.0,28182.0,28332.0,28448.0,28531.0
50711,17776.0,17926.0,18082.0,18182.0,18285.0,18342.0,18421.0,18494.0,18538.0
52001,392934.0,395380.0,397905.0,399607.0,400907.0,401996.0,403166.0,404102.0,404775.0
52019,9641.0,9621.0,9654.0,9648.0,9642.0,9631.0,9628.0,9627.0,9620.0
52022,7392.0,7473.0,7522.0,7589.0,7665.0,7705.0,7748.0,7802.0,7840.0
52036,8781.0,8811.0,8829.0,8835.0,8839.0,8824.0,8823.0,8813.0,8803.0
52051,8437.0,8562.0,8668.0,8767.0,8867.0,8962.0,9049.0,9147.0,9249.0
52079,55628.0,57305.0,58972.0,60361.0,61548.0,62594.0,63548.0,64392.0,65144.0
52083,6335.0,6317.0,6332.0,6332.0,6313.0,6307.0,6288.0,6278.0,6253.0
52110,23906.0,24132.0,24359.0,24560.0,24709.0,24892.0,25040.0,25192.0,25325.0
52203,8528.0,8524.0,8535.0,8539.0,8558.0,8537.0,8501.0,8510.0,8504.0
52207,13790.0,14050.0,14321.0,14551.0,14782.0,14988.0,15175.0,15347.0,15520.0
52210,7273.0,7318.0,7394.0,7439.0,7460.0,7485.0,7530.0,7554.0,7575.0
52215,15509.0,15743.0,15954.0,16157.0,16357.0,16553.0,16735.0,16936.0,17107.0
52224,9210.0,9302.0,9450.0,9569.0,9685.0,9777.0,9889.0,9995.0,10080.0
52227,36870.0,37488.0,38121.0,38718.0,39296.0,39843.0,40406.0,40971.0,41498.0
52233,5946.0,5946.0,5957.0,5954.0,5949.0,5936.0,5948.0,5949.0,5944.0
52240,15359.0,15557.0,15758.0,15937.0,16081.0,16229.0,16366.0,16474.0,16581.0
52250,22501.0,22445.0,22385.0,22350.0,22339.0,22348.0,22396.0,22434.0,22503.0
52254,7439.0,7524.0,7602.0,7656.0,7720.0,7774.0,7831.0,7885.0,7937.0
52256,12278.0,12412.0,12507.0,12617.0,12695.0,12801.0,12872.0,12964.0,13025.0
52258,14340.0,14402.0,14492.0,14558.0,14590.0,14631.0,14671.0,14702.0,14728.0
52260,14286.0,14359.0,14425.0,14464.0,14498.0,14518.0,14548.0,14560.0,14572.0
52287,7240.0,7263.0,7319.0,7363.0,7378.0,7417.0,7441.0,7452.0,7484.0
52317,19458.0,19660.0,19862.0,20042.0,20212.0,20338.0,20468.0,20577.0,20676.0
52320,11567.0,11589.0,11605.0,11608.0,11607.0,11582.0,11604.0,11593.0,11572.0
52323,7053.0,7180.0,7281.0,7375.0,7448.0,7542.0,7609.0,7677.0,7726.0
52352,7655.0,7672.0,7698.0,7691.0,7698.0,7697.0,7678.0,7673.0,7664.0
52354,7645.0,7698.0,7744.0,7756.0,7788.0,7823.0,7836.0,7843.0,7864.0
52356,116128.0,117206.0,118300.0,119188.0,119965.0,120690.0,121440.0,122149.0,122747.0
52378,18746.0,18922.0,19082.0,19221.0,19351.0,19442.0,19560.0,19684.0,19772.0
52381,10102.0,10110.0,10137.0,10130.0,10117.0,10113.0,10098.0,10097.0,10081.0
52385,6494.0,6509.0,6531.0,6550.0,6554.0,6569.0,6565.0,6575.0,6565.0
52390,7390.0,7490.0,7576.0,7642.0,7700.0,7762.0,7838.0,7895.0,7963.0
52399,31849.0,32307.0,32781.0,33179.0,33572.0,33941.0,34338.0,34707.0,35059.0
52405,9771.0,9781.0,9778.0,9792.0,9789.0,9769.0,9779.0,9763.0,9740.0
52411,10217.0,10253.0,10262.0,10251.0,10258.0,10236.0,10242.0,10237.0,10207.0
52418,9557.0,9566.0,9574.0,9573.0,9560.0,9555.0,9553.0,9544.0,9542.0
52427,24706.0,25340.0,25996.0,26548.0,27047.0,27528.0,27970.0,28377.0,28738.0
52435,8993.0,8971.0,8992.0,8991.0,8960.0,8939.0,8934.0,8927.0,8906.0
52473,11982.0,12007.0,12057.0,12072.0,12076.0,12080.0,12081.0,12083.0,12092.0
52480,4358.0,4397.0,4429.0,4455.0,4486.0,4501.0,4530.0,4540.0,4550.0
52490,25373.0,25611.0,25848.0,26119.0,26343.0,26579.0,26822.0,27052.0,27248.0
52506,7106.0,7119.0,7126.0,7111.0,7114.0,7115.0,7111.0,7099.0,7099.0
52520,14193.0,14463.0,14733.0,14984.0,15212.0,15441.0,15667.0,15906.0,16116.0
52540,9896.0,9905.0,9904.0,9917.0,9891.0,9897.0,9905.0,9869.0,9870.0
52560,10412.0,10428.0,10434.0,10434.0,10430.0,10407.0,10402.0,10396.0,10406.0
52565,5561.0,5572.0,5574.0,5580.0,5567.0,5569.0,5555.0,5571.0,5572.0
52573,8573.0,8585.0,8591.0,8584.0,8573.0,8537.0,8534.0,8488.0,8466.0
52585,17500.0,17496.0,17507.0,17459.0,17426.0,17363.0,17327.0,17246.0,17207.0
52612,19626.0,20132.0,20622.0,21108.0,21581.0,22060.0,22530.0,23033.0,23519.0
52621,12658.0,12587.0,12475.0,12451.0,12418.0,12406.0,12427.0,12462.0,12505.0
52678,29433.0,29434.0,29434.0,29451.0,29439.0,29411.0,29401.0,29386.0,29365.0
52683,20775.0,20793.0,20839.0,20831.0,20828.0,20820.0,20826.0,20804.0,20774.0
52685,9200.0,9207.0,9204.0,9216.0,9209.0,9192.0,9192.0,9190.0,9165.0
52687,18479.0,18547.0,18602.0,18654.0,18681.0,18710.0,18725.0,18745.0,18748.0
52693,15395.0,15406.0,15420.0,15435.0,15421.0,15401.0,15407.0,15378.0,15364.0
52694,6850.0,6860.0,6858.0,6866.0,6853.0,6834.0,6842.0,6820.0,6790.0
52696,13422.0,13549.0,13673.0,13788.0,13898.0,14020.0,14142.0,14254.0,14357.0
52699,10790.0,10741.0,10697.0,10680.0,10680.0,10664.0,10666.0,10646.0,10629.0
52720,7358.0,7358.0,7370.0,7383.0,7378.0,7389.0,7368.0,7374.0,7344.0
52786,17862.0,17968.0,18086.0,18176.0,18246.0,18310.0,18398.0,18438.0,18485.0
52788,13514.0,13708.0,13911.0,14089.0,14227.0,14387.0,14521.0,14662.0,14744.0
52835,253643.0,257419.0,261178.0,264327.0,267076.0,269643.0,272306.0,274765.0,277065.0
52838,44745.0,45170.0,45627.0,46018.0,46353.0,46667.0,47014.0,47314.0,47615.0
52885,10940.0,11058.0,11185.0,11289.0,11372.0,11481.0,11573.0,11661.0,11751.0
54001,711714.0,736089.0,765533.0,777903.0,783029.0,787444.0,790984.0,793211.0,792180.0
54003,31785.0,32731.0,33774.0,34418.0,34905.0,35395.0,35875.0,36269.0,36622.0
54051,9602.0,9884.0,10188.0,10312.0,10398.0,10489.0,10559.0,10639.0,10682.0
54099,8102.0,8413.0,8743.0,8976.0,9137.0,9310.0,9467.0,9634.0,9754.0
54109,6247.0,6557.0,6844.0,7082.0,7239.0,7401.0,7559.0,7703.0,7844.0
54125,2791.0,2863.0,2951.0,3033.0,3042.0,3090.0,3121.0,3144.0,3168.0
54128,10997.0,11301.0,11664.0,11806.0,11919.0,12028.0,12099.0,12176.0,12216.0
54172,17273.0,17828.0,18505.0,18973.0,19321.0,19692.0,20021.0,20355.0,20633.0
54174,11556.0,11948.0,12406.0,12658.0,12842.0,13034.0,13208.0,13383.0,13511.0
54206,18462.0,19064.0,19716.0,20107.0,20408.0,20702.0,20973.0,21228.0,21428.0
54223,8107.0,8262.0,8479.0,8556.0,8556.0,8588.0,8603.0,8586.0,8565.0
54239,4531.0,4661.0,4809.0,4885.0,4951.0,4981.0,5044.0,5079.0,5115.0
54245,13153.0,13569.0,14035.0,14294.0,14479.0,14657.0,14851.0,15027.0,15140.0
54250,20079.0,21378.0,22746.0,23853.0,24831.0,25796.0,26769.0,27716.0,28561.0
54261,26696.0,28039.0,29600.0,30295.0,30716.0,31132.0,31482.0,31833.0,32036.0
54313,7293.0,7556.0,7855.0,8020.0,8162.0,8298.0,8430.0,8553.0,8669.0
54344,9996.0,10245.0,10536.0,10628.0,10684.0,10724.0,10775.0,10791.0,10790.0
54347,6745.0,7109.0,7484.0,7742.0,7967.0,8172.0,8388.0,8602.0,8791.0
54377,6261.0,6465.0,6684.0,6801.0,6859.0,6926.0,6999.0,7049.0,7094.0
54385,11360.0,11699.0,12055.0,12217.0,12323.0,12419.0,12516.0,12579.0,12632.0
54398,7590.0,7843.0,8110.0,8258.0,8359.0,8472.0,8582.0,8668.0,8743.0
54405,89100.0,92797.0,97133.0,99404.0,100738.0,102015.0,103208.0,104220.0,104819.0
54418,3953.0,4080.0,4222.0,4328.0,4402.0,4463.0,4520.0,4584.0,4635.0
54480,4152.0,4283.0,4421.0,4512.0,4562.0,4593.0,4636.0,4668.0,4708.0
54498,118266.0,122171.0,126550.0,129721.0,132095.0,134317.0,136427.0,138352.0,139932.0
54518,50019.0,50724.0,51642.0,52086.0,52239.0,52357.0,52427.0,52424.0,52318.0
54520,5419.0,5579.0,5797.0,5907.0,6016.0,6094.0,6204.0,6253.0,6314.0
54553,8495.0,8799.0,9156.0,9307.0,9388.0,9452.0,9525.0,9563.0,9572.0
54599,5897.0,6076.0,6288.0,6394.0,6487.0,6562.0,6653.0,6736.0,6793.0
54660,10216.0,10501.0,10856.0,11055.0,11169.0,11316.0,11438.0,11551.0,11618.0
54670,12009.0,12410.0,12833.0,13068.0,13249.0,13405.0,13579.0,13733.0,13849.0
54673,6989.0,7456.0,7955.0,8209.0,8384.0,8556.0,8712.0,8839.0,8946.0
54680,3366.0,3499.0,3655.0,3749.0,3850.0,3950.0,4040.0,4132.0,4200.0
54720,25157.0,25940.0,26848.0,27371.0,27762.0,28123.0,28494.0,28815.0,29088.0
54743,6166.0,6396.0,6660.0,6814.0,6947.0,7051.0,7166.0,7269.0,7374.0
54800,16202.0,16728.0,17305.0,17611.0,17869.0,18071.0,18309.0,18521.0,18671.0
54810,53610.0,56369.0,59347.0,61561.0,63436.0,65269.0,67062.0,68802.0,70336.0
54820,15424.0,15908.0,16463.0,16757.0,16994.0,17196.0,17424.0,17628.0,17799.0
54871,4996.0,5108.0,5252.0,5301.0,5334.0,5354.0,5381.0,5394.0,5412.0
54874,101944.0,107014.0,112817.0,116298.0,118766.0,121164.0,123460.0,125580.0,127234.0
63001,295208.0,297241.0,299485.0,302063.0,303588.0,304311.0,305676.0,306682.0,307103.0
63111,3095.0,3146.0,3178.0,3202.0,3195.0,3185.0,3199.0,3178.0,3165.0
63130,72785.0,73370.0,74027.0,74394.0,74527.0,74465.0,74545.0,74536.0,74399.0
63190,28160.0,28424.0,28736.0,28893.0,28972.0,28950.0,29013.0,29024.0,28971.0
63212,5643.0,5725.0,5802.0,5832.0,5855.0,5848.0,5866.0,5877.0,5863.0
63272,12072.0,12218.0,12369.0,12431.0,12438.0,12417.0,12418.0,12398.0,12345.0
63302,7511.0,7612.0,7673.0,7729.0,7731.0,7704.0,7723.0,7718.0,7694.0
63401,33445.0,33592.0,33769.0,33933.0,33945.0,33884.0,33885.0,33859.0,33758.0
63470,36764.0,36994.0,37268.0,37447.0,37505.0,37477.0,37530.0,37547.0,37483.0
63548,5222.0,5281.0,5348.0,5358.0,5367.0,5360.0,5361.0,5351.0,5347.0
63594,30756.0,30970.0,31188.0,31329.0,31394.0,31368.0,31400.0,31408.0,31350.0
63690,9257.0,9536.0,9816.0,9960.0,10064.0,10151.0,10264.0,10306.0,10372.0
66001,467261.0,471992.0,477044.0,480898.0,483139.0,484084.0,486042.0,487359.0,487820.0
66045,12399.0,12572.0,12740.0,12801.0,12809.0,12760.0,12754.0,12753.0,12698.0
66075,6421.0,6549.0,6680.0,6693.0,6685.0,6654.0,6647.0,6630.0,6601.0
66088,24705.0,25007.0,25362.0,25436.0,25441.0,25385.0,25391.0,25361.0,25277.0
66170,217176.0,221201.0,225377.0,229758.0,233392.0,236459.0,240061.0,243418.0,246388.0
66318,12149.0,12376.0,12580.0,12621.0,12615.0,12585.0,12548.0,12526.0,12461.0
66383,7509.0,7626.0,7759.0,7781.0,7773.0,7740.0,7749.0,7733.0,7700.0
66400,27918.0,28010.0,28126.0,28275.0,28340.0,28321.0,28384.0,28417.0,28386.0
66440,16934.0,17167.0,17398.0,17443.0,17449.0,17389.0,17421.0,17379.0,17320.0
66456,16935.0,17414.0,17914.0,18080.0,18212.0,18270.0,18387.0,18455.0,18515.0
66572,16174.0,16759.0,17403.0,17688.0,17901.0,18093.0,18266.0,18445.0,18544.0
66594,27308.0,27784.0,28305.0,28357.0,28341.0,28256.0,28224.0,28154.0,28053.0
66682,77840.0,78945.0,80114.0,81115.0,81841.0,82318.0,83030.0,83602.0,84054.0
66687,12664.0,12810.0,12999.0,13037.0,13058.0,13024.0,13026.0,12993.0,12968.0
68001,581138.0,590543.0,601668.0,607264.0,610214.0,612638.0,615463.0,617659.0,618548.0
68013,1848.0,1856.0,1889.0,1886.0,1893.0,1904.0,1891.0,1892.0,1912.0
68020,4093.0,4137.0,4182.0,4208.0,4225.0,4218.0,4223.0,4236.0,4245.0
68051,8223.0,8431.0,8632.0,8725.0,8759.0,8810.0,8824.0,8854.0,8844.0
68077,31192.0,31749.0,32248.0,32707.0,33088.0,33402.0,33724.0,34021.0,34242.0
68079,10500.0,10964.0,11474.0,11833.0,12114.0,12392.0,12657.0,12935.0,13156.0
68081,203539.0,208608.0,214541.0,218533.0,221373.0,224011.0,226559.0,228836.0,230559.0
68092,5941.0,6158.0,6355.0,6483.0,6578.0,6664.0,6747.0,6835.0,6886.0
68101,11174.0,11291.0,11459.0,11495.0,11520.0,11529.0,11558.0,11571.0,11573.0
68121,1946.0,1984.0,2025.0,2060.0,2075.0,2092.0,2117.0,2135.0,2116.0
68132,2129.0,2187.0,2297.0,2347.0,2400.0,2425.0,2465.0,2498.0,2536.0
68147,5512.0,5665.0,5843.0,5944.0,6039.0,6123.0,6215.0,6279.0,6334.0
68152,4287.0,4418.0,4589.0,4663.0,4721.0,4794.0,4852.0,4920.0,4929.0
68160,2014.0,2077.0,2118.0,2125.0,2157.0,2159.0,2167.0,2188.0,2182.0
68162,6734.0,6904.0,7127.0,7236.0,7327.0,7421.0,7482.0,7553.0,7606.0
68167,12270.0,12613.0,12996.0,13226.0,13397.0,13553.0,13688.0,13841.0,13922.0
68169,2883.0,2986.0,3083.0,3135.0,3182.0,3233.0,3252.0,3298.0,3325.0
68176,2865.0,2966.0,3074.0,3109.0,3160.0,3203.0,3243.0,3283.0,3319.0
68179,5032.0,5078.0,5184.0,5200.0,5213.0,5223.0,5247.0,5242.0,5248.0
68190,32862.0,33127.0,33492.0,33629.0,33685.0,33725.0,33782.0,33830.0,33807.0
68207,5738.0,5846.0,5987.0,6055.0,6071.0,6092.0,6125.0,6116.0,6111.0
68209,3181.0,3258.0,3407.0,3474.0,3525.0,3574.0,3613.0,3674.0,3712.0
68211,3668.0,3771.0,3887.0,3956.0,4021.0,4082.0,4144.0,4199.0,4247.0
68217,5008.0,5172.0,5373.0,5459.0,5519.0,5594.0,5662.0,5715.0,5796.0
68229,12719.0,13122.0,13589.0,13868.0,14060.0,14236.0,14441.0,14607.0,14751.0
68235,20913.0,21697.0,22561.0,23088.0,23460.0,23852.0,24214.0,24554.0,24855.0
68245,2147.0,2175.0,2209.0,2211.0,2218.0,2209.0,2201.0,2221.0,2216.0
68250,5230.0,5270.0,5357.0,5356.0,5337.0,5340.0,5351.0,5328.0,5321.0
68255,13714.0,14073.0,14487.0,14693.0,14847.0,14985.0,15124.0,15214.0,15294.0
68264,2548.0,2621.0,2717.0,2774.0,2805.0,2850.0,2898.0,2926.0,2926.0
68266,3457.0,3571.0,3695.0,3761.0,3795.0,3860.0,3921.0,3960.0,3997.0
68271,5535.0,5570.0,5655.0,5659.0,5685.0,5694.0,5703.0,5706.0,5699.0
68276,291930.0,297269.0,303439.0,306773.0,308787.0,310552.0,312530.0,314188.0,315194.0
68296,2892.0,2959.0,3025.0,3028.0,3057.0,3069.0,3063.0,3079.0,3065.0
68298,3993.0,4028.0,4079.0,4086.0,4093.0,4110.0,4110.0,4111.0,4123.0
68307,160393.0,163955.0,167976.0,170309.0,171911.0,173400.0,175000.0,176444.0,177523.0
68318,5923.0,6093.0,6304.0,6412.0,6527.0,6621.0,6668.0,6754.0,6824.0
68320,4503.0,4522.0,4575.0,4589.0,4601.0,4602.0,4608.0,4615.0,4625.0
68322,2360.0,2461.0,2506.0,2561.0,2580.0,2597.0,2634.0,2652.0,2666.0
68324,4198.0,4244.0,4289.0,4291.0,4311.0,4309.0,4326.0,4314.0,4316.0
68327,5126.0,5211.0,5304.0,5392.0,5443.0,5508.0,5560.0,5613.0,5657.0
68344,2317.0,2398.0,2476.0,2542.0,2568.0,2600.0,2618.0,2662.0,2686.0
68368,3327.0,3350.0,3401.0,3412.0,3416.0,3428.0,3429.0,3436.0,3426.0
68370,1330.0,1431.0,1477.0,1509.0,1508.0,1531.0,1551.0,1564.0,1559.0
68377,6169.0,6210.0,6283.0,6308.0,6303.0,6321.0,6336.0,6341.0,6342.0
68385,10323.0,10408.0,10533.0,10554.0,10572.0,10597.0,10619.0,10629.0,10632.0
68397,4911.0,4961.0,5036.0,5053.0,5075.0,5058.0,5075.0,5085.0,5077.0
68406,41845.0,43592.0,45511.0,46895.0,48027.0,49127.0,50221.0,51241.0,52119.0
68418,14102.0,14710.0,15362.0,15778.0,16135.0,16430.0,16737.0,17016.0,17263.0
68425,2157.0,2235.0,2311.0,2357.0,2369.0,2402.0,2430.0,2458.0,2475.0
68432,20945.0,21541.0,22228.0,22715.0,23102.0,23449.0,23796.0,24116.0,24394.0
68444,4977.0,5143.0,5306.0,5390.0,5490.0,5543.0,5607.0,5673.0,5727.0
68464,10522.0,10742.0,10986.0,11096.0,11132.0,11170.0,11185.0,11181.0,11178.0
68468,4135.0,4270.0,4398.0,4495.0,4563.0,4614.0,4660.0,4716.0,4761.0
68498,5652.0,5862.0,6084.0,6204.0,6298.0,6392.0,6494.0,6563.0,6631.0
68500,10795.0,11032.0,11308.0,11439.0,11493.0,11536.0,11595.0,11609.0,11617.0
68502,4193.0,4311.0,4458.0,4535.0,4596.0,4657.0,4721.0,4764.0,4819.0
68522,1366.0,1401.0,1457.0,1484.0,1490.0,1521.0,1523.0,1545.0,1548.0
68524,2534.0,2603.0,2678.0,2727.0,2745.0,2762.0,2789.0,2816.0,2814.0
68533,4655.0,4836.0,5048.0,5179.0,5292.0,5382.0,5496.0,5581.0,5666.0
68547,170632.0,175470.0,180828.0,183872.0,186022.0,187910.0,189863.0,191588.0,192888.0
68549,5156.0,5355.0,5578.0,5698.0,5794.0,5905.0,6013.0,6088.0,6171.0
68572,14602.0,14766.0,14982.0,15097.0,15132.0,15194.0,15257.0,15311.0,15349.0
68573,7636.0,7918.0,8235.0,8444.0,8597.0,8745.0,8892.0,9045.0,9155.0
68575,32781.0,33635.0,34629.0,35148.0,35494.0,35802.0,36099.0,36359.0,36524.0
68615,26441.0,26880.0,27402.0,27486.0,27433.0,27349.0,27251.0,27119.0,26899.0
68655,33043.0,34046.0,35157.0,35919.0,36471.0,37002.0,37531.0,38015.0,38400.0
68669,8682.0,8809.0,8959.0,8984.0,8957.0,8926.0,8900.0,8842.0,8773.0
68673,2932.0,2960.0,2998.0,2999.0,3035.0,3012.0,3015.0,3017.0,3031.0
68679,56052.0,58286.0,60752.0,62763.0,64486.0,66196.0,67893.0,69546.0,71064.0
68682,2246.0,2313.0,2383.0,2428.0,2468.0,2485.0,2525.0,2565.0,2566.0
68684,4371.0,4442.0,4541.0,4552.0,4527.0,4529.0,4519.0,4477.0,4436.0
68686,2537.0,2572.0,2653.0,2653.0,2657.0,2674.0,2665.0,2654.0,2666.0
68689,33132.0,33894.0,34794.0,35207.0,35421.0,35598.0,35766.0,35892.0,35911.0
68705,2380.0,2428.0,2491.0,2549.0,2590.0,2598.0,2624.0,2655.0,2670.0
68720,3364.0,3380.0,3423.0,3440.0,3445.0,3466.0,3472.0,3483.0,3477.0
68745,10040.0,10380.0,10791.0,11003.0,11172.0,11324.0,11483.0,11626.0,11756.0
68755,32154.0,33037.0,34100.0,34801.0,35341.0,35860.0,36336.0,36807.0,37153.0
68770,9968.0,10046.0,10186.0,10233.0,10256.0,10247.0,10286.0,10295.0,10287.0
68773,7126.0,7185.0,7326.0,7331.0,7344.0,7357.0,7377.0,7389.0,7374.0
68780,3979.0,4118.0,4233.0,4323.0,4372.0,4425.0,4451.0,4512.0,4563.0
68820,7369.0,7620.0,7893.0,8058.0,8149.0,8246.0,8362.0,8439.0,8522.0
68855,6081.0,6288.0,6531.0,6672.0,6791.0,6896.0,7004.0,7095.0,7184.0
68861,24362.0,24858.0,25391.0,25819.0,26138.0,26448.0,26750.0,27042.0,27269.0
68867,2117.0,2139.0,2196.0,2184.0,2194.0,2176.0,2162.0,2150.0,2154.0
68872,7873.0,8124.0,8394.0,8591.0,8730.0,8850.0,8989.0,9122.0,9216.0
68895,9463.0,9669.0,9922.0,10029.0,10095.0,10172.0,10231.0,10278.0,10301.0
70001,277775.0,286099.0,295008.0,301886.0,307953.0,313864.0,319888.0,325685.0,331045.0
70110,10442.0,10754.0,11047.0,11295.0,11516.0,11714.0,11927.0,12123.0,12308.0
70124,15235.0,15686.0,16167.0,16560.0,16875.0,17196.0,17498.0,17775.0,18039.0
70204,8614.0,8918.0,9211.0,9437.0,9649.0,9861.0,10048.0,10243.0,10421.0
70215,67379.0,69271.0,71297.0,72844.0,74183.0,75486.0,76816.0,78092.0,79231.0
70221,18245.0,18988.0,19768.0,20345.0,20871.0,21314.0,21748.0,22132.0,22482.0
70230,4478.0,4546.0,4642.0,4723.0,4757.0,4804.0,4847.0,4888.0,4929.0
70233,9946.0,10100.0,10267.0,10372.0,10467.0,10514.0,10586.0,10636.0,10654.0
70235,21986.0,22615.0,23318.0,23833.0,24290.0,24728.0,25175.0,25568.0,25942.0
70265,17712.0,18081.0,18514.0,18823.0,19062.0,19288.0,19509.0,19707.0,19906.0
70400,12358.0,12666.0,13019.0,13291.0,13514.0,13736.0,13950.0,14165.0,14349.0
70418,22880.0,23430.0,24023.0,24503.0,24866.0,25216.0,25570.0,25905.0,26166.0
70429,36658.0,37386.0,38223.0,38806.0,39270.0,39705.0,40125.0,40501.0,40840.0
70473,15056.0,15455.0,15882.0,16209.0,16480.0,16749.0,17030.0,17275.0,17508.0
70508,22889.0,23252.0,23671.0,23928.0,24121.0,24292.0,24462.0,24604.0,24693.0
70523,14109.0,14499.0,14910.0,15264.0,15536.0,15825.0,16081.0,16362.0,16607.0
70670,46454.0,47789.0,49207.0,50312.0,51279.0,52173.0,53083.0,53896.0,54674.0
70678,28681.0,29357.0,30079.0,30644.0,31066.0,31490.0,31892.0,32276.0,32596.0
70702,13524.0,13795.0,14097.0,14272.0,14438.0,14578.0,14694.0,14839.0,14937.0
70708,57682.0,59008.0,60469.0,61545.0,62416.0,63243.0,64076.0,64873.0,65526.0
70713,49621.0,50434.0,51304.0,51873.0,52293.0,52648.0,52983.0,53277.0,53481.0
70717,18584.0,19030.0,19517.0,19871.0,20177.0,20470.0,20760.0,21013.0,21251.0
70742,30768.0,31255.0,31798.0,32116.0,32310.0,32502.0,32683.0,32824.0,32944.0
70771,29543.0,30354.0,31197.0,31864.0,32410.0,32930.0,33442.0,33927.0,34321.0
70820,32902.0,33838.0,34843.0,35582.0,36236.0,36887.0,37512.0,38136.0,38666.0
70823,21329.0,21756.0,22176.0,22506.0,22747.0,22963.0,23190.0,23380.0,23536.0
73001,529634.0,533745.0,538183.0,542584.0,545946.0,548695.0,552035.0,554947.0,557317.0
73024,4534.0,4598.0,4662.0,4691.0,4733.0,4751.0,4807.0,4852.0,4892.0
73026,8702.0,8754.0,8843.0,8847.0,8848.0,8835.0,8855.0,8846.0,8842.0
73030,6670.0,6679.0,6708.0,6729.0,6738.0,6740.0,6761.0,6761.0,6763.0
73043,10219.0,10314.0,10425.0,10477.0,10495.0,10537.0,10590.0,10635.0,10643.0
73055,12693.0,12741.0,12805.0,12843.0,12834.0,12812.0,12831.0,12822.0,12795.0
73067,19342.0,19509.0,19690.0,19859.0,19996.0,20146.0,20279.0,20461.0,20589.0
73124,18472.0,18728.0,18990.0,19049.0,19068.0,19017.0,19013.0,18986.0,18927.0
73148,10111.0,10270.0,10436.0,10561.0,10683.0,10803.0,10895.0,10994.0,11091.0
73152,6366.0,6442.0,6498.0,6534.0,6542.0,6571.0,6590.0,6597.0,6615.0
73168,50368.0,50941.0,51522.0,51941.0,52275.0,52524.0,52842.0,53132.0,53336.0
73200,8246.0,8333.0,8422.0,8476.0,8486.0,8499.0,8536.0,8590.0,8593.0
73217,22789.0,23040.0,23288.0,23389.0,23461.0,23516.0,23625.0,23707.0,23765.0
73226,8739.0,8838.0,8915.0,8950.0,8969.0,8984.0,9022.0,9057.0,9076.0
73236,8356.0,8423.0,8495.0,8517.0,8567.0,8564.0,8594.0,8615.0,8635.0
73268,70499.0,70814.0,71181.0,71416.0,71565.0,71609.0,71777.0,71888.0,71952.0
73270,7695.0,7757.0,7839.0,7882.0,7903.0,7922.0,7948.0,7980.0,7994.0
73275,28376.0,28542.0,28695.0,28838.0,28924.0,28971.0,29056.0,29121.0,29156.0
73283,31060.0,31295.0,31523.0,31638.0,31699.0,31745.0,31821.0,31853.0,31883.0
73319,32941.0,33176.0,33441.0,33574.0,33642.0,33684.0,33796.0,33860.0,33934.0
73347,7359.0,7491.0,7626.0,7654.0,7640.0,7622.0,7598.0,7588.0,7565.0
73349,24684.0,24729.0,24795.0,24867.0,24900.0,24915.0,24953.0,24969.0,24973.0
73352,11892.0,12024.0,12172.0,12238.0,12295.0,12361.0,12415.0,12460.0,12523.0
73408,18592.0,18603.0,18632.0,18641.0,18605.0,18555.0,18514.0,18483.0,18411.0
73411,36793.0,36968.0,37168.0,37306.0,37378.0,37413.0,37508.0,37588.0,37626.0
73443,37766.0,38252.0,38758.0,39181.0,39506.0,39801.0,40114.0,40392.0,40644.0
73449,36544.0,37013.0,37494.0,37937.0,38343.0,38706.0,39096.0,39472.0,39791.0
73461,4116.0,4201.0,4235.0,4250.0,4257.0,4248.0,4251.0,4232.0,4222.0
73483,14843.0,15007.0,15152.0,15301.0,15441.0,15596.0,15717.0,15879.0,15989.0
73504,34606.0,35050.0,35516.0,35749.0,35925.0,36081.0,36303.0,36466.0,36604.0
73520,9728.0,9839.0,9940.0,10000.0,10051.0,10080.0,10120.0,10174.0,10212.0
73547,6698.0,6845.0,7010.0,7121.0,7221.0,7297.0,7393.0,7477.0,7565.0
73555,25767.0,26013.0,26243.0,26472.0,26682.0,26845.0,27075.0,27270.0,27457.0
73563,8491.0,8558.0,8603.0,8637.0,8624.0,8630.0,8623.0,8634.0,8625.0
73585,23521.0,23682.0,23840.0,23892.0,23947.0,23997.0,24074.0,24120.0,24149.0
73616,22775.0,22954.0,23163.0,23358.0,23530.0,23669.0,23853.0,24014.0,24152.0
73622,5470.0,5495.0,5549.0,5580.0,5600.0,5607.0,5609.0,5642.0,5652.0
73624,21673.0,21848.0,22023.0,22138.0,22190.0,22250.0,22305.0,22356.0,22391.0
73671,14436.0,14532.0,14609.0,14674.0,14717.0,14733.0,14768.0,14797.0,14826.0
73675,12901.0,13003.0,13122.0,13179.0,13213.0,13228.0,13284.0,13336.0,13351.0
73678,13558.0,13678.0,13805.0,13860.0,13893.0,13922.0,13979.0,14022.0,14054.0
73686,5779.0,5821.0,5873.0,5900.0,5904.0,5925.0,5933.0,5940.0,5976.0
73770,3821.0,3839.0,3855.0,3886.0,3904.0,3890.0,3916.0,3924.0,3926.0
73854,5337.0,5375.0,5438.0,5466.0,5464.0,5467.0,5503.0,5511.0,5515.0
73861,12814.0,12868.0,12944.0,12961.0,12993.0,13023.0,13031.0,13072.0,13092.0
73870,9285.0,9347.0,9440.0,9473.0,9506.0,9521.0,9556.0,9587.0,9603.0
73873,5123.0,5164.0,5207.0,5231.0,5242.0,5251.0,5280.0,5301.0,5290.0
76001,2227649.0,2248066.0,2272432.0,2282418.0,2283342.0,2280485.0,2280171.0,2277296.0,2269983.0
76020,14067.0,14195.0,14308.0,14354.0,14380.0,14352.0,14381.0,14359.0,14335.0
76036,22448.0,22899.0,23361.0,23735.0,24038.0,24302.0,24590.0,24857.0,25109.0
76041,17442.0,17644.0,17850.0,17923.0,17915.0,17884.0,17894.0,17879.0,17825.0
76054,5391.0,5459.0,5523.0,5567.0,5539.0,5537.0,5543.0,5524.0,5538.0
76100,16003.0,16052.0,16107.0,16144.0,16130.0,16087.0,16071.0,16013.0,15958.0
76109,308193.0,311801.0,315455.0,318820.0,322036.0,325233.0,328686.0,332054.0,335217.0
76111,127542.0,128980.0,130429.0,131232.0,131647.0,131814.0,132138.0,132303.0,132250.0
76113,24332.0,24559.0,24843.0,25037.0,25179.0,25273.0,25391.0,25476.0,25527.0
76122,28825.0,29157.0,29526.0,29738.0,29873.0,29956.0,30115.0,30193.0,30248.0
76126,18051.0,18297.0,18595.0,18786.0,18946.0,19054.0,19194.0,19313.0,19402.0
76130,91829.0,95612.0,99661.0,102604.0,105279.0,107848.0,110619.0,113360.0,115933.0
76147,135733.0,137048.0,138481.0,140005.0,141074.0,141786.0,142792.0,143613.0,144206.0
76233,48448.0,50402.0,52496.0,53984.0,55263.0,56463.0,57738.0,58952.0,60038.0
76243,8905.0,9064.0,9244.0,9250.0,9251.0,9223.0,9210.0,9208.0,9164.0
76246,6849.0,6943.0,7044.0,7055.0,7054.0,7032.0,7034.0,7026.0,7010.0
76248,56459.0,56746.0,57072.0,57160.0,57090.0,56919.0,56819.0,56653.0,56397.0
76250,8892.0,8969.0,9062.0,9120.0,9185.0,9192.0,9256.0,9279.0,9312.0
76275,57382.0,57629.0,57951.0,58013.0,57906.0,57700.0,57543.0,57327.0,57017.0
76306,22736.0,23058.0,23382.0,23667.0,23870.0,24033.0,24240.0,24396.0,24545.0
76318,33184.0,33516.0,33896.0,34131.0,34306.0,34412.0,34561.0,34676.0,34739.0
76364,159871.0,166031.0,172511.0,177600.0,181924.0,185865.0,189878.0,193630.0,196875.0
76377,16322.0,16689.0,17046.0,17422.0,17732.0,17995.0,18290.0,18546.0,18765.0
76400,33964.0,34249.0,34568.0,34723.0,34782.0,34763.0,34777.0,34778.0,34699.0
76403,12165.0,12308.0,12441.0,12540.0,12599.0,12632.0,12681.0,12723.0,12765.0
76497,12311.0,12407.0,12517.0,12572.0,12592.0,12583.0,12572.0,12595.0,12558.0
76520,349295.0,356492.0,364382.0,369308.0,372698.0,375394.0,378446.0,380980.0,382703.0
76563,47599.0,48198.0,48804.0,49152.0,49403.0,49549.0,49776.0,49973.0,50067.0
76606,15308.0,15464.0,15627.0,15744.0,15826.0,15868.0,15926.0,15994.0,16021.0
76616,15557.0,15689.0,15828.0,15950.0,16013.0,16061.0,16128.0,16173.0,16207.0
76622,36793.0,37222.0,37686.0,37958.0,38135.0,38255.0,38443.0,38577.0,38639.0
76670,16948.0,17047.0,17184.0,17235.0,17256.0,17280.0,17270.0,17275.0,17244.0
76736,42141.0,42583.0,43059.0,43389.0,43608.0,43721.0,43923.0,44068.0,44172.0
76823,14613.0,14743.0,14902.0,14978.0,14975.0,14958.0,14973.0,14964.0,14922.0
76828,19220.0,19406.0,19569.0,19722.0,19818.0,19871.0,19948.0,20019.0,20058.0
76834,212677.0,215629.0,218685.0,220693.0,222086.0,223026.0,224250.0,225236.0,225868.0
76845,5471.0,5554.0,5619.0,5642.0,5647.0,5629.0,5636.0,5620.0,5601.0
76863,7260.0,7348.0,7438.0,7448.0,7451.0,7457.0,7457.0,7441.0,7441.0
76869,12736.0,12964.0,13216.0,13441.0,13599.0,13729.0,13893.0,14022.0,14126.0
76890,16016.0,16213.0,16372.0,16529.0,16627.0,16679.0,16743.0,16822.0,16843.0
76892,107323.0,109197.0,111258.0,112505.0,113304.0,113917.0,114676.0,115267.0,115667.0
76895,41923.0,42402.0,42888.0,43207.0,43433.0,43578.0,43760.0,43933.0,43993.0
81001,85590.0,86867.0,88336.0,89163.0,89702.0,90162.0,90619.0,91017.0,91253.0
81065,49843.0,50689.0,51644.0,52223.0,52628.0,52947.0,53319.0,53636.0,53850.0
81220,3922.0,3968.0,4047.0,4089.0,4108.0,4130.0,4135.0,4162.0,4178.0
81300,18935.0,19205.0,19537.0,19726.0,19834.0,19934.0,20073.0,20164.0,20225.0
81591,4386.0,4465.0,4543.0,4586.0,4615.0,4635.0,4673.0,4692.0,4709.0
81736,55562.0,56423.0,57422.0,58012.0,58353.0,58651.0,58996.0,59249.0,59390.0
81794,43939.0,44414.0,44966.0,45338.0,45566.0,45781.0,46068.0,46271.0,46417.0
85001,168427.0,173316.0,178549.0,182573.0,185962.0,189187.0,192468.0,195600.0,198423.0
85010,36916.0,37507.0,38174.0,38537.0,38790.0,38978.0,39218.0,39364.0,39480.0
85015,2499.0,2549.0,2603.0,2628.0,2653.0,2669.0,2691.0,2695.0,2700.0
85125,12322.0,12503.0,12719.0,12877.0,12943.0,13017.0,13104.0,13153.0,13180.0
85136,1415.0,1426.0,1460.0,1470.0,1488.0,1485.0,1518.0,1521.0,1519.0
85139,17209.0,17666.0,18191.0,18573.0,18892.0,19182.0,19474.0,19764.0,20030.0
85162,17521.0,17858.0,18215.0,18428.0,18576.0,18706.0,18836.0,18955.0,19042.0
85225,8831.0,8960.0,9113.0,9204.0,9260.0,9311.0,9365.0,9398.0,9434.0
85230,12341.0,12717.0,13112.0,13430.0,13695.0,13947.0,14229.0,14484.0,14722.0
85250,36274.0,36850.0,37502.0,37869.0,38079.0,38285.0,38468.0,38638.0,38709.0
85263,11972.0,12272.0,12592.0,12847.0,13023.0,13212.0,13407.0,13575.0,13714.0
85279,1657.0,1667.0,1700.0,1710.0,1716.0,1708.0,1728.0,1738.0,1747.0
85300,3634.0,3678.0,3735.0,3786.0,3783.0,3811.0,3836.0,3855.0,3882.0
85315,2107.0,2112.0,2133.0,2129.0,2114.0,2113.0,2125.0,2122.0,2112.0
85325,8462.0,8596.0,8745.0,8844.0,8883.0,8927.0,8976.0,9035.0,9062.0
85400,6861.0,6972.0,7083.0,7164.0,7210.0,7255.0,7293.0,7331.0,7353.0
85410,23525.0,24050.0,24635.0,25009.0,25334.0,25625.0,25904.0,26170.0,26371.0
85430,13225.0,13434.0,13670.0,13779.0,13892.0,13954.0,14036.0,14109.0,14149.0
85440,35313.0,36416.0,37579.0,38521.0,39322.0,40090.0,40889.0,41658.0,42337.0
86001,56390.0,58127.0,59862.0,61451.0,62945.0,64386.0,65766.0,67093.0,68328.0
86219,5412.0,5472.0,5528.0,5584.0,5654.0,5721.0,5762.0,5827.0,5906.0
86320,37744.0,38000.0,38297.0,38509.0,38675.0,38815.0,38938.0,39069.0,39136.0
86568,64884.0,66054.0,67293.0,68448.0,69518.0,70548.0,71540.0,72516.0,73436.0
86569,16086.0,16386.0,16630.0,16823.0,17031.0,17175.0,17329.0,17484.0,17610.0
86571,35393.0,36397.0,37426.0,38411.0,39348.0,40257.0,41134.0,42038.0,42856.0
86573,28460.0,29828.0,31248.0,32535.0,33779.0,34982.0,36170.0,37304.0,38367.0
86749,14940.0,15153.0,15344.0,15514.0,15701.0,15868.0,16037.0,16194.0,16354.0
86755,5643.0,5653.0,5657.0,5659.0,5668.0,5668.0,5670.0,5660.0,5664.0
86757,18770.0,18993.0,19185.0,19300.0,19381.0,19475.0,19566.0,19661.0,19725.0
86760,7293.0,7300.0,7311.0,7305.0,7331.0,7292.0,7308.0,7298.0,7281.0
86865,33455.0,33714.0,33990.0,34177.0,34330.0,34464.0,34604.0,34728.0,34803.0
86885,23697.0,24040.0,24391.0,24707.0,24999.0,25270.0,25576.0,25870.0,26124.0
88001,55286.0,55644.0,56055.0,56422.0,56608.0,56768.0,56965.0,57118.0,57185.0
88564,5998.0,6035.0,6072.0,6151.0,6193.0,6239.0,6285.0,6320.0,6342.0
91001,48182.0,49058.0,49965.0,50872.0,51645.0,52369.0,53059.0,53670.0,54208.0
91263,2094.0,2134.0,2154.0,2174.0,2178.0,2185.0,2211.0,2225.0,2233.0
91405,2956.0,3010.0,3054.0,3068.0,3094.0,3107.0,3127.0,3156.0,3166.0
91407,3806.0,3888.0,3954.0,3980.0,4003.0,4049.0,4073.0,4097.0,4132.0
91430,640.0,652.0,663.0,661.0,669.0,678.0,681.0,682.0,691.0
91460,1847.0,1893.0,1946.0,1972.0,2003.0,2028.0,2043.0,2084.0,2120.0
91530,742.0,764.0,769.0,775.0,779.0,787.0,793.0,795.0,807.0
91536,1016.0,1026.0,1043.0,1037.0,1048.0,1067.0,1067.0,1080.0,1073.0
91540,9735.0,10018.0,10319.0,10559.0,10770.0,10986.0,11184.0,11375.0,11556.0
91669,1757.0,1773.0,1804.0,1817.0,1827.0,1843.0,1853.0,1860.0,1863.0
91798,3798.0,3849.0,3912.0,3950.0,3980.0,3988.0,4018.0,4033.0,4047.0
94001,31533.0,32779.0,34028.0,35282.0,36465.0,37593.0,38710.0,39735.0,40729.0
94343,8076.0,8514.0,9960.0,10321.0,10679.0,11030.0,11359.0,11709.0,12020.0
94663,1025.0,1032.0,1032.0,1032.0,1032.0,1032.0,1032.0,1032.0,1032.0
94883,1662.0,1723.0,1778.0,1818.0,1851.0,1886.0,1926.0,1968.0,2003.0
94884,1864.0,1901.0,1923.0,1934.0,1948.0,1955.0,1971.0,1983.0,1980.0
94885,270.0,284.0,289.0,298.0,307.0,313.0,319.0,319.0,319.0
94886,849.0,874.0,878.0,881.0,896.0,908.0,902.0,914.0,907.0
94887,1896.0,1911.0,1949.0,1962.0,1981.0,1990.0,2001.0,2011.0,2016.0
94888,906.0,930.0,967.0,989.0,1002.0,1022.0,1052.0,1067.0,1091.0
95001,52849.0,53107.0,53432.0,53740.0,53944.0,54140.0,54315.0,54434.0,54519.0
95015,9527.0,9603.0,9689.0,9739.0,9780.0,9819.0,9862.0,9885.0,9914.0
95025,13632.0,13591.0,13543.0,13448.0,13386.0,13339.0,13324.0,13292.0,13293.0
95200,6760.0,6837.0,6910.0,6958.0,6997.0,7020.0,7049.0,7085.0,7107.0
97001,29831.0,30265.0,30726.0,31042.0,31298.0,31550.0,31810.0,32040.0,32260.0
97161,2923.0,2930.0,2959.0,2995.0,3000.0,3006.0,3025.0,3030.0,3046.0
97511,4036.0,4109.0,4159.0,4184.0,4212.0,4234.0,4255.0,4279.0,4312.0
97666,2205.0,2335.0,2456.0,2555.0,2637.0,2743.0,2831.0,2918.0,2988.0
97777,738.0,743.0,749.0,762.0,759.0,759.0,768.0,763.0,768.0
97889,1041.0,1066.0,1086.0,1103.0,1103.0,1091.0,1086.0,1112.0,1116.0
99001,20946.0,21558.0,22205.0,22705.0,23131.0,23536.0,23959.0,24341.0,24697.0
99524,10126.0,10234.0,10365.0,10437.0,10503.0,10549.0,10603.0,10672.0,10694.0
99624,4067.0,4110.0,4143.0,4168.0,4177.0,4187.0,4170.0,4170.0,4149.0
99773,72563.0,78147.0,83751.0,88904.0,94013.0,99157.0,104385.0,109555.0,114650.0
