codigo_municipio,moe_risk_2007,moe_high_risk_2007,moe_risk_2010,moe_high_risk_2010,moe_risk_2011,moe_high_risk_2011,moe_risk_2014,moe_high_risk_2014,moe_risk_2015,moe_high_risk_2015,moe_risk_2016,moe_high_risk_2016,moe_risk_2018,moe_high_risk_2018,moe_risk_2019,moe_high_risk_2019,moe_risk_2022,moe_high_risk_2022,moe_risk_2023,moe_high_risk_2023,armed_group_presence,is_pdet,coca_hectares,risk_level,high_risk_flag
05002,medium,0,low,0,low,0,high,1,low,0,low,0,low,0,low,0,low,0,low,0,0,0,0.0,low,0
54003,medium,0,low,0,low,0,low,0,low,0,medium,0,low,0,low,0,low,0,low,0,0,0,0.0,low,0
05004,medium,0,low,0,low,0,low,0,low,0,low,0,low,0,low,0,low,0,low,0,0,0,0.0,low,0
50006,low,0,low,0,low,0,low,0,medium,0,low,0,high,1,low,0,low,0,low,0,0,0,0.0,low,0
27006,low,0,low,0,medium,0,low,0,low,0,low,0,low,0,medium,0,low,0,low,0,0,0,0.0,low,0
41006,medium,0,medium,0,high,1,low,0,medium,0,low,0,low,0,low,0,low,0,low,0,0,0,0.0,low,0
13006,medium,0,low,0,low,0,low,0,low,0,low,0,low,0,low,0,high,1,low,0,0,0,0.0,low,0
41013,low,0,low,0,low,0,low,0,low,0,low,0,low,0,low,0,low,0,low,0,0,0,0.0,low,0
25001,low,0,low,0,low,0,low,0,low,0,low,0,low,0,low,0,low,0,low,0,0,0,0.0,low,0
20011,high,1,extreme,1,low,0,low,0,low,0,high,1,low,0,low,0,low,0,low,0,0,0,0.0,low,0
68013,low,0,low,0,low,0,low,0,low,0,low,0,low,0,low,0,low,0,low,0,0,0,0.0,low,0
17013,high,1,extreme,1,low,0,low,0,low,0,low,0,low,0,low,0,low,0,low,0,0,0,0.0,low,0
85010,extreme,1,low,0,medium,0,low,0,extreme,1,high,1,low,0,medium,0,low,0,medium,0,0,0,0.0,medium,0
20013,medium,0,low,0,medium,0,low,0,low,0,high,1,low,0,low,0,low,0,low,0,0,0,0.0,low,0
41016,low,0,high,1,medium,0,low,0,low,0,low,0,low,0,low,0,low,0,low,0,0,0,0.0,low,0
25019,low,0,low,0,low,0,low,0,low,0,low,0,low,0,low,0,low,0,low,0,0,0,0.0,low,0
52019,low,0,low,0,extreme,1,high,1,low,0,low,0,high,1,medium,0,low,0,low,0,0,0,0.0,low,0
18029,high,1,high,1,high,1,low,0,low,0,low,0,low,0,low,0,low,0,low,0,0,0,0.0,low,0
44035,low,0,medium,0,high,1,low,0,low,0,low,0,low,0,high,1,low,0,high,1,0,0,0.0,high,1
68020,low,0,low,0,low,0,low,0,low,0,low,0,low,0,low,0,low,0,low,0,0,0,0.0,low,0
76020,low,0,low,0,low,0,low,0,low,0,low,0,low,0,high,1,low,0,low,0,0,0,0.0,low,0
52022,low,0,low,0,low,0,low,0,low,0,low,0,low,0,low,0,low,0,low,0,0,0,0.0,low,0
05021,medium,0,low,0,low,0,low,0,low,0,low,0,low,0,low,0,low,0,low,0,0,0,0.0,low,0
47030,low,0,low,0,low,0,medium,0,low,0,low,0,low,0,low,0,low,0,low,0,0,0,0.0,low,0
41020,extreme,1,high,1,extreme,1,high,1,extreme,1,low,0,low,0,low,0,low,0,low,0,0,0,0.0,low,0
19022,high,1,low,0,low,0,low,0,high,1,high,1,medium,0,low,0,low,0,high,1,0,0,0.0,high,1
15022,low,0,low,0,low,0,low,0,low,0,low,0,low,0,low,0,low,0,low,0,0,0,0.0,low,0
73024,high,1,high,1,high,1,high,1,low,0,low,0,extreme,1,low,0,low,0,low,0,0,0,0.0,low,0
41026,low,0,low,0,low,0,low,0,low,0,low,0,low,0,low,0,low,0,low,0,0,0,0.0,low,0
27025,low,0,extreme,1,low,0,extreme,1,extreme,1,high,1,extreme,1,medium,0,extreme,1,extreme,1,0,0,0.0,extreme,1
13030,low,0,low,0,medium,0,low,0,low,0,low,0,low,0,low,0,low,0,low,0,0,0,0.0,low,0
73026,high,1,medium,0,low,0,low,0,low,0,low,0,low,0,low,0,low,0,low,0,0,0,0.0,low,0
05030,low,0,low,0,low,0,low,0,low,0,low,0,low,0,low,0,low,0,low,0,0,0,0.0,low,0
05031,low,0,low,0,extreme,1,high,1,medium,0,high,1,low,0,low,0,extreme,1,low,0,0,0,0.0,low,0
73030,low,0,low,0,low,0,low,0,low,0,low,0,low,0,low,0,low,0,low,0,0,0,0.0,low,0
25035,low,0,low,0,low,0,low,0,low,0,low,0,low,0,low,0,low,0,low,0,0,0,0.0,low,0
52036,low,0,low,0,low,0,low,0,low,0,high,1,low,0,low,0,low,0,low,0,0,0,0.0,low,0
76036,low,0,low,0,low,0,low,0,low,0,low,0,low,0,low,0,low,0,low,0,0,0,0.0,low,0
05034,low,0,low,0,low,0,low,0,low,0,low,0,low,0,low,0,low,0,low,0,0,0,0.0,low,0
05036,low,0,low,0,low,0,low,0,low,0,low,0,low,0,low,0,low,0,low,0,0,0,0.0,low,0
05038,low,0,low,0,high,1,extreme,1,extreme,1,high,1,low,0,low,0,extreme,1,high,1,0,0,0.0,high,1
25040,low,0,low,0,low,0,low,0,low,0,low,0,low,0,low,0,low,0,low,0,0,0,0.0,low,0
05040,high,1,medium,0,extreme,1,high,1,high,1,extreme,1,low,0,high,1,extreme,1,extreme,1,0,0,0.0,extreme,1
17042,low,0,low,0,low,0,low,0,low,0,low,0,low,0,low,0,low,0,low,0,0,0,0.0,low,0
76041,medium,0,extreme,1,low,0,medium,0,low,0,low,0,low,0,low,0,low,0,low,0,0,0,0.0,low,0
05044,low,0,low,0,medium,0,extreme,1,low,0,low,0,extreme,1,medium,0,low,0,low,0,0,0,0.0,low,0
73043,medium,0,high,1,low,0,low,0,low,0,low,0,low,0,low,0,low,0,low,0,0,0,0.0,low,0
05045,medium,0,low,0,extreme,1,medium,0,low,0,extreme,1,extreme,1,low,0,high,1,low,0,0,0,0.0,low,0
66045,medium,0,low,0,low,0,low,0,low,0,low,0,low,0,low,0,low,0,low,0,0,0,0.0,low,0
25599,low,0,low,0,low,0,low,0,low,0,low,0,low,0,low,0,low,0,low,0,0,0,0.0,low,0
15047,high,1,low,0,low,0,high,1,low,0,low,0,low,0,low,0,low,0,low,0,0,0,0.0,low,0
47053,medium,0,low,0,medium,0,low,0,low,0,low,0,low,0,low,0,low,0,low,0,0,0,0.0,low,0
17050,low,0,low,0,low,0,low,0,low,0,low,0,low,0,low,0,low,0,low,0,0,0,0.0,low,0
68051,low,0,low,0,low,0,low,0,low,0,low,0,low,0,low,0,low,0,low,0,0,0,0.0,low,0
81001,medium,0,low,0,low,0,low,0,low,0,medium,0,low,0,low,0,low,0,extreme,1,0,0,0.0,extreme,1
81065,extreme,1,extreme,1,extreme,1,high,1,extreme,1,extreme,1,extreme,1,low,0,extreme,1,low,0,0,0,0.0,low,0
25053,low,0,low,0,low,0,low,0,low,0,low,0,low,0,low,0,low,0,low,0,0,0,0.0,low,0
52051,low,0,low,0,low,0,high,1,low,0,low,0,low,0,low,0,low,0,low,0,0,0,0.0,low,0
54051,medium,0,low,0,medium,0,low,0,low,0,low,0,low,0,low,0,low,0,low,0,0,0,0.0,low,0
05051,low,0,low,0,low,0,low,0,low,0,low,0,low,0,low,0,low,0,low,0,0,0,0.0,low,0
15051,medium,0,low,0,low,0,low,0,low,0,low,0,low,0,low,0,low,0,low,0,0,0,0.0,low,0
13042,medium,0,extreme,1,high,1,high,1,extreme,1,high,1,extreme,1,high,1,high,1,extreme,1,0,0,0.0,extreme,1
05055,extreme,1,medium,0,high,1,high,1,high,1,low,0,low,0,medium,0,low,0,low,0,0,0,0.0,low,0
19050,high,1,extreme,1,low,0,extreme,1,high,1,high,1,medium,0,low,0,extreme,1,low,0,0,0,0.0,low,0
76054,low,0,low,0,low,0,low,0,low,0,low,0,low,0,low,0,low,0,low,0,0,0,0.0,low,0
47058,medium,0,low,0,low,0,low,0,low,0,low,0,low,0,low,0,low,0,low,0,0,0,0.0,low,0
13052,low,0,low,0,low,0,low,0,low,0,low,0,low,0,low,0,low,0,low,0,0,0,0.0,low,0
05059,low,0,low,0,low,0,medium,0,low,0,medium,0,extreme,1,low,0,low,0,low,0,0,0,0.0,low,0
63001,low,0,extreme,1,low,0,low,0,high,1,low,0,low,0,low,0,low,0,high,1,0,0,0.0,high,1
73055,low,0,low,0,low,0,low,0,low,0,low,0,low,0,low,0,low,0,low,0,0,0,0.0,low,0
13062,low,0,low,0,low,0,low,0,low,0,low,0,low,0,low,0,low,0,low,0,0,0,0.0,low,0
20032,medium,0,medium,0,low,0,low,0,low,0,low,0,low,0,low,0,low,0,low,0,0,0,0.0,low,0
73067,high,1,extreme,1,low,0,low,0,low,0,low,0,low,0,low,0,low,0,low,0,0,0,0.0,low,0
27050,low,0,low,0,low,0,low,0,high,1,medium,0,low,0,high,1,medium,0,low,0,0,0,0.0,low,0
23068,low,0,low,0,low,0,low,0,low,0,high,1,low,0,low,0,low,0,low,0,0,0,0.0,low,0
27073,low,0,medium,0,low,0,high,1,medium,0,medium,0,low,0,high,1,extreme,1,extreme,1,0,0,0.0,extreme,1
27075,low,0,low,0,low,0,low,0,low,0,low,0,low,0,extreme,1,low,0,low,0,0,0,0.0,low,0
27077,medium,0,low,0,low,0,high,1,extreme,1,extreme,1,extreme,1,low,0,extreme,1,extreme,1,0,0,0.0,extreme,1
19075,medium,0,low,0,medium,0,low,0,low,0,high,1,low,0,low,0,low,0,low,0,0,0,0.0,low,0
66075,medium,0,low,0,low,0,low,0,high,1,low,0,low,0,low,0,low,0,low,0,0,0,0.0,low,0
08078,low,0,low,0,low,0,low,0,low,0,low,0,low,0,low,0,low,0,low,0,0,0,0.0,low,0
41078,low,0,low,0,high,1,medium,0,high,1,low,0,low,0,low,0,low,0,low,0,0,0,0.0,low,0
52079,high,1,extreme,1,extreme,1,medium,0,low,0,extreme,1,extreme,1,extreme,1,low,0,extreme,1,0,0,0.0,extreme,1
05079,low,0,low,0,medium,0,low,0,low,0,medium,0,low,0,low,0,low,0,low,0,0,0,0.0,low,0
68077,low,0,low,0,low,0,low,0,low,0,low,0,low,0,low,0,low,0,low,0,0,0,0.0,low,0
68079,low,0,low,0,low,0,low,0,low,0,low,0,low,0,low,0,low,0,low,0,0,0,0.0,low,0
50110,extreme,1,low,0,low,0,low,0,low,0,low,0,low,0,low,0,low,0,low,0,0,0,0.0,low,0
68081,medium,0,low,0,low,0,low,0,low,0,high,1,extreme,1,low,0,low,0,low,0,0,0,0.0,low,0
44078,low,0,low,0,low,0,low,0,low,0,low,0,low,0,low,0,low,0,low,0,0,0,0.0,low,0
13074,medium,0,low,0,low,0,low,0,low,0,extreme,1,medium,0,low,0,low,0,low,0,0,0,0.0,low,0
94343,high,1,low,0,low,0,low,0,low,0,low,0,low,0,low,0,high,1,extreme,1,0,0,0.0,extreme,1
08001,high,1,low,0,extreme,1,low,0,high,1,low,0,low,0,high,1,high,1,extreme,1,0,0,0.0,extreme,1
20045,low,0,low,0,low,0,low,0,low,0,high,1,low,0,low,0,low,0,low,0,0,0,0.0,low,0
17088,low,0,low,0,low,0,low,0,low,0,low,0,low,0,low,0,low,0,low,0,0,0,0.0,low,0
15087,low,0,high,1,low,0,low,0,low,0,low,0,low,0,low,0,low,0,low,0,0,0,0.0,low,0
52083,low,0,low,0,low,0,low,0,medium,0,low,0,low,0,low,0,low,0,low,0,0,0,0.0,low,0
27086,low,0,low,0,low,0,low,0,low,0,low,0,low,0,low,0,low,0,low,0,0,0,0.0,low,0
18094,high,1,low,0,medium,0,low,0,low,0,low,0,low,0,low,0,low,0,low,0,0,0,0.0,low,0
66088,low,0,low,0,low,0,low,0,low,0,low,0,low,0,low,0,low,0,low,0,0,0,0.0,low,0
05088,high,1,low,0,medium,0,low,0,low,0,high,1,high,1,high,1,low,0,high,1,0,0,0.0,high,1
05086,low,0,low,0,low,0,low,0,low,0,low,0,low,0,low,0,low,0,low,0,0,0,0.0,low,0
25086,low,0,low,0,high,1,low,0,low,0,low,0,low,0,low,0,low,0,low,0,0,0,0.0,low,0
15090,low,0,low,0,low,0,low,0,low,0,low,0,low,0,low,0,low,0,low,0,0,0,0.0,low,0
05091,medium,0,low,0,low,0,low,0,low,0,low,0,medium,0,extreme,1,high,1,low,0,0,0,0.0,low,0
15092,low,0,low,0,low,0,low,0,low,0,low,0,low,0,low,0,low,0,low,0,0,0,0.0,low,0
05093,high,1,low,0,low,0,high,1,low,0,low,0,low,0,low,0,low,0,medium,0,0,0,0.0,medium,0
68092,low,0,low,0,low,0,low,0,low,0,low,0,medium,0,low,0,low,0,low,0,0,0,0.0,low,0
25095,low,0,low,0,low,0,low,0,low,0,low,0,low,0,low,0,low,0,low,0,0,0,0.0,low,0
15097,low,0,low,0,low,0,low,0,low,0,low,0,low,0,low,0,low,0,low,0,0,0,0.0,low,0
54099,low,0,low,0,low,0,low,0,low,0,low,0,low,0,low,0,low,0,low,0,0,0,0.0,low,0
11001,low,0,low,0,extreme,1,low,0,low,0,low,0,extreme,1,low,0,high,1,low,0,0,0,0.0,low,0
25099,low,0,low,0,low,0,low,0,low,0,low,0,low,0,low,0,low,0,low,0,0,0,0.0,low,0
27099,extreme,1,low,0,low,0,high,1,high,1,medium,0,low,0,extreme,1,extreme,1,extreme,1,0,0,0.0,extreme,1
19100,low,0,low,0,medium,0,low,0,low,0,high,1,low,0,low,0,low,0,low,0,0,0,0.0,low,0
68101,medium,0,extreme,1,low,0,low,0,low,0,low,0,low,0,low,0,low,0,low,0,0,0,0.0,low,0
76100,low,0,low,0,low,0,low,0,low,0,medium,0,low,0,low,0,low,0,low,0,0,0,0.0,low,0
20060,low,0,low,0,low,0,low,0,low,0,low,0,low,0,low,0,low,0,low,0,0,0,0.0,low,0
15104,low,0,low,0,low,0,low,0,low,0,low,0,low,0,low,0,low,0,low,0,0,0,0.0,low,0
05107,medium,0,low,0,low,0,high,1,extreme,1,high,1,extreme,1,high,1,extreme,1,extreme,1,0,0,0.0,extreme,1
15106,low,0,low,0,low,0,low,0,low,0,low,0,low,0,low,0,low,0,low,0,0,0,0.0,low,0
68001,high,1,low,0,low,0,low,0,medium,0,low,0,extreme,1,high,1,low,0,low,0,0,0,0.0,low,0
54109,high,1,high,1,low,0,low,0,low,0,low,0,low,0,low,0,high,1,low,0,0,0,0.0,low,0
15109,low,0,low,0,medium,0,low,0,low,0,low,0,low,0,low,0,low,0,low,0,0,0,0.0,low,0
76109,high,1,low,0,extreme,1,low,0,extreme,1,extreme,1,extreme,1,extreme,1,low,0,extreme,1,0,0,0.0,extreme,1
23079,medium,0,extreme,1,low,0,high,1,low,0,low,0,extreme,1,low,0,low,0,low,0,0,0,0.0,low,0
63111,low,0,low,0,low,0,low,0,low,0,low,0,low,0,low,0,low,0,low,0,0,0,0.0,low,0
70110,low,0,low,0,low,0,low,0,low,0,low,0,low,0,low,0,low,0,low,0,0,0,0.0,low,0
19110,low,0,low,0,low,0,high,1,extreme,1,extreme,1,high,1,high,1,low,0,extreme,1,0,0,0.0,extreme,1
52110,low,0,low,0,low,0,low,0,low,0,low,0,low,0,low,0,low,0,low,0,0,0,0.0,low,0
76113,low,0,low,0,low,0,low,0,low,0,low,0,low,0,low,0,low,0,low,0,0,0,0.0,low,0
05113,low,0,low,0,low,0,low,0,low,0,high,1,high,1,low,0,medium,0,high,1,0,0,0.0,high,1
15114,low,0,low,0,low,0,low,0,low,0,low,0,low,0,low,0,low,0,low,0,0,0,0.0,low,0
25120,low,0,medium,0,low,0,low,0,low,0,low,0,low,0,low,0,low,0,low,0,0,0,0.0,low,0
68121,low,0,low,0,low,0,low,0,low,0,low,0,low,0,low,0,low,0,low,0,0,0,0.0,low,0
50124,extreme,1,low,0,low,0,low,0,low,0,low,0,low,0,low,0,low,0,low,0,0,0,0.0,low,0
94886,low,0,low,0,low,0,low,0,low,0,low,0,low,0,low,0,low,0,medium,0,0,0,0.0,medium,0
05120,medium,0,extreme,1,low,0,high,1,low,0,extreme,1,extreme,1,extreme,1,extreme,1,extreme,1,0,0,0.0,extreme,1
25123,low,0,low,0,low,0,low,0,low,0,low,0,low,0,low,0,low,0,low,0,0,0,0.0,low,0
54128,high,1,low,0,low,0,low,0,low,0,low,0,low,0,low,0,low,0,low,0,0,0,0.0,low,0
54125,low,0,low,0,low,0,low,0,low,0,low,0,low,0,low,0,low,0,low,0,0,0,0.0,low,0
05125,medium,0,low,0,low,0,high,1,low,0,low,0,low,0,low,0,low,0,low,0,0,0,0.0,low,0
76122,low,0,low,0,medium,0,low,0,low,0,low,0,low,0,high,1,low,0,low,0,0,0,0.0,low,0
70124,extreme,1,low,0,low,0,high,1,low,0,low,0,low,0,low,0,low,0,low,0,0,0,0.0,low,0
73124,medium,0,medium,0,low,0,low,0,low,0,low,0,low,0,low,0,low,0,low,0,0,0,0.0,low,0
19130,low,0,low,0,low,0,low,0,high,1,high,1,low,0,high,1,low,0,low,0,0,0,0.0,low,0
25126,low,0,low,0,low,0,low,0,low,0,low,0,low,0,low,0,low,0,low,0,0,0,0.0,low,0
13140,medium,0,low,0,low,0,low,0,low,0,low,0,low,0,low,0,low,0,low,0,0,0,0.0,low,0
95015,high,1,extreme,1,high,1,extreme,1,high,1,medium,0,high,1,high,1,high,1,extreme,1,0,0,0.0,extreme,1
63130,high,1,low,0,low,0,low,0,low,0,low,0,low,0,low,0,low,0,low,0,0,0,0.0,low,0
05129,low,0,low,0,extreme,1,high,1,low,0,low,0,low,0,low,0,low,0,low,0,0,0,0.0,low,0
15131,low,0,low,0,low,0,low,0,low,0,low,0,low,0,low,0,low,0,low,0,0,0,0.0,low,0
19137,low,0,low,0,low,0,low,0,high,1,extreme,1,low,0,extreme,1,low,0,extreme,1,0,0,0.0,extreme,1
76001,high,1,low,0,extreme,1,low,0,medium,0,low,0,extreme,1,high,1,low,0,low,0,0,0,0.0,low,0
68132,extreme,1,low,0,low,0,low,0,low,0,medium,0,low,0,low,0,low,0,low,0,0,0,0.0,low,0
76126,low,0,low,0,low,0,low,0,low,0,low,0,low,0,low,0,low,0,low,0,0,0,0.0,low,0
19142,medium,0,low,0,low,0,low,0,low,0,high,1,low,0,low,0,low,0,low,0,0,0,0.0,low,0
05134,high,1,low,0,extreme,1,extreme,1,extreme,1,high,1,medium,0,low,0,high,1,extreme,1,0,0,0.0,extreme,1
08137,medium,0,low,0,low,0,high,1,low,0,low,0,low,0,low,0,low,0,low,0,0,0,0.0,low,0
41132,medium,0,high,1,low,0,low,0,low,0,low,0,low,0,low,0,low,0,low,0,0,0,0.0,low,0
15135,low,0,low,0,low,0,low,0,low,0,low,0,low,0,low,0,low,0,low,0,0,0,0.0,low,0
23090,low,0,low,0,low,0,low,0,low,0,high,1,low,0,low,0,low,0,low,0,0,0,0.0,low,0
08141,low,0,low,0,low,0,low,0,low,0,low,0,low,0,low,0,low,0,low,0,0,0,0.0,low,0
76130,low,0,low,0,low,0,low,0,low,0,low,0,low,0,low,0,low,0,low,0,0,0,0.0,low,0
13160,high,1,high,1,low,0,low,0,low,0,high,1,low,0,low,0,low,0,extreme,1,0,0,0.0,extreme,1
05138,low,0,low,0,low,0,low,0,low,0,low,0,medium,0,low,0,low,0,high,1,0,0,0.0,high,1
25148,low,0,low,0,low,0,high,1,low,0,low,0,low,0,low,0,low,0,low,0,0,0,0.0,low,0
68147,low,0,low,0,low,0,low,0,low,0,low,0,low,0,low,0,low,0,low,0,0,0,0.0,low,0
25151,low,0,low,0,low,0,low,0,low,0,low,0,low,0,low,0,low,0,low,0,0,0,0.0,low,0
05142,low,0,low,0,high,1,low,0,low,0,low,0,low,0,low,0,low,0,low,0,0,0,0.0,low,0
05145,low,0,medium,0,low,0,low,0,low,0,low,0,low,0,low,0,low,0,low,0,0,0,0.0,low,0
68152,low,0,low,0,low,0,low,0,low,0,low,0,low,0,low,0,low,0,low,0,0,0,0.0,low,0
05147,high,1,low,0,medium,0,low,0,low,0,high,1,high,1,low,0,low,0,low,0,0,0,0.0,low,0
73148,low,0,low,0,low,0,low,0,low,0,low,0,low,0,low,0,low,0,low,0,0,0,0.0,low,0
25154,low,0,low,0,low,0,low,0,low,0,low,0,low,0,low,0,low,0,low,0,0,0,0.0,low,0
27150,low,0,low,0,low,0,low,0,medium,0,high,1,extreme,1,extreme,1,low,0,high,1,0,0,0.0,high,1
05150,high,1,low,0,low,0,low,0,low,0,low,0,low,0,low,0,low,0,low,0,0,0,0.0,low,0
13001,high,1,low,0,extreme,1,low,0,low,0,low,0,extreme,1,high,1,low,0,low,0,0,0,0.0,low,0
18150,high,1,medium,0,high,1,extreme,1,extreme,1,extreme,1,extreme,1,high,1,extreme,1,extreme,1,0,0,0.0,extreme,1
76147,high,1,low,0,high,1,low,0,high,1,high,1,low,0,high,1,low,0,low,0,0,0,0.0,low,0
97161,high,1,low,0,low,0,low,0,low,0,low,0,low,0,low,0,low,0,low,0,0,0,0.0,low,0
73152,low,0,low,0,low,0,low,0,low,0,low,0,low,0,low,0,low,0,low,0,0,0,0.0,low,0
50150,extreme,1,low,0,low,0,low,0,low,0,low,0,low,0,low,0,low,0,low,0,0,0,0.0,low,0
05154,low,0,low,0,low,0,low,0,low,0,high,1,low,0,low,0,low,0,low,0,0,0,0.0,low,0
68160,extreme,1,high,1,low,0,extreme,1,low,0,low,0,low,0,low,0,low,0,low,0,0,0,0.0,low,0
23162,high,1,low,0,low,0,low,0,low,0,low,0,low,0,low,0,low,0,low,0,0,0,0.0,low,0
15162,low,0,low,0,low,0,low,0,low,0,low,0,low,0,low,0,low,0,low,0,0,0,0.0,low,0
68162,low,0,low,0,low,0,low,0,low,0,low,0,low,0,low,0,low,0,low,0,0,0,0.0,low,0
47161,medium,0,low,0,low,0,high,1,low,0,low,0,low,0,low,0,low,0,low,0,0,0,0.0,low,0
27160,low,0,low,0,high,1,low,0,medium,0,high,1,low,0,low,0,low,0,low,0,0,0,0.0,low,0
52240,low,0,low,0,low,0,high,1,low,0,low,0,low,0,low,0,low,0,low,0,0,0,0.0,low,0
25168,low,0,low,0,low,0,low,0,low,0,low,0,low,0,low,0,low,0,low,0,0,0,0.0,low,0
70230,extreme,1,medium,0,low,0,high,1,high,1,low,0,low,0,low,0,low,0,high,1,0,0,0.0,high,1
85015,medium,0,low,0,low,0,high,1,extreme,1,low,0,low,0,low,0,low,0,low,0,0,0,0.0,low,0
73168,high,1,low,0,extreme,1,low,0,low,0,medium,0,low,0,low,0,low,0,low,0,0,0,0.0,low,0
68167,low,0,low,0,low,0,low,0,low,0,low,0,low,0,low,0,low,0,low,0,0,0,0.0,low,0
68169,extreme,1,low,0,low,0,extreme,1,low,0,low,0,low,0,low,0,low,0,low,0,0,0,0.0,low,0
25175,low,0,low,0,low,0,low,0,low,0,low,0,low,0,low,0,low,0,low,0,0,0,0.0,low,0
05172,medium,0,low,0,medium,0,medium,0,low,0,high,1,high,1,medium,0,low,0,low,0,0,0,0.0,low,0
23168,low,0,low,0,low,0,high,1,low,0,low,0,low,0,low,0,low,0,low,0,0,0,0.0,low,0
68176,low,0,low,0,low,0,low,0,low,0,low,0,low,0,low,0,low,0,low,0,0,0,0.0,low,0
20175,low,0,low,0,high,1,low,0,low,0,low,0,low,0,low,0,low,0,low,0,0,0,0.0,low,0
54172,low,0,low,0,low,0,low,0,low,0,low,0,low,0,low,0,low,0,low,0,0,0,0.0,low,0
15172,low,0,low,0,low,0,low,0,low,0,low,0,low,0,low,0,low,0,low,0,0,0,0.0,low,0
17174,low,0,low,0,low,0,low,0,low,0,low,0,low,0,low,0,low,0,low,0,0,0,0.0,low,0
23182,low,0,extreme,1,low,0,high,1,low,0,low,0,low,0,low,0,low,0,low,0,0,0,0.0,low,0
25178,low,0,low,0,low,0,low,0,low,0,low,0,low,0,low,0,low,0,low,0,0,0,0.0,low,0
68179,low,0,low,0,low,0,high,1,low,0,low,0,low,0,low,0,low,0,low,0,0,0,0.0,low,0
15176,low,0,low,0,low,0,low,0,low,0,low,0,low,0,low,0,low,0,low,0,0,0,0.0,low,0
15232,low,0,low,0,low,0,low,0,low,0,low,0,low,0,low,0,low,0,low,0,0,0,0.0,low,0
20178,low,0,low,0,low,0,low,0,low,0,high,1,low,0,low,0,low,0,low,0,0,0,0.0,low,0
15180,low,0,low,0,low,0,low,0,low,0,low,0,low,0,low,0,low,0,low,0,0,0,0.0,low,0
15183,medium,0,low,0,medium,0,low,0,low,0,low,0,low,0,low,0,low,0,low,0,0,0,0.0,low,0
54174,low,0,high,1,medium,0,low,0,low,0,low,0,low,0,low,0,low,0,low,0,0,0,0.0,low,0
15185,medium,0,low,0,low,0,low,0,low,0,low,0,low,0,low,0,low,0,low,0,0,0,0.0,low,0
15187,low,0,low,0,low,0,low,0,low,0,low,0,low,0,low,0,low,0,low,0,0,0,0.0,low,0
47170,extreme,1,low,0,extreme,1,low,0,low,0,low,0,low,0,low,0,low,0,low,0,0,0,0.0,low,0
15236,medium,0,low,0,low,0,low,0,low,0,low,0,low,0,low,0,low,0,low,0,0,0,0.0,low,0
25181,low,0,medium,0,low,0,low,0,low,0,low,0,low,0,low,0,low,0,low,0,0,0,0.0,low,0
25183,low,0,low,0,low,0,low,0,low,0,low,0,low,0,low,0,low,0,low,0,0,0,0.0,low,0
13188,low,0,low,0,low,0,low,0,low,0,low,0,low,0,low,0,low,0,low,0,0,0,0.0,low,0
47189,medium,0,low,0,low,0,low,0,low,0,high,1,low,0,low,0,low,0,low,0,0,0,0.0,low,0
23189,low,0,low,0,low,0,low,0,low,0,low,0,low,0,low,0,low,0,low,0,0,0,0.0,low,0
15189,medium,0,low,0,low,0,low,0,low,0,low,0,low,0,low,0,low,0,low,0,0,0,0.0,low,0
68190,medium,0,low,0,low,0,low,0,low,0,low,0,low,0,low,0,low,0,low,0,0,0,0.0,low,0
63190,low,0,low,0,low,0,low,0,low,0,low,0,low,0,low,0,low,0,low,0,0,0,0.0,low,0
05190,low,0,low,0,low,0,low,0,low,0,low,0,low,0,low,0,low,0,low,0,0,0,0.0,low,0
05101,low,0,low,0,high,1,low,0,low,0,low,0,low,0,low,0,low,0,medium,0,0,0,0.0,medium,0
13222,low,0,low,0,low,0,low,0,low,0,low,0,low,0,low,0,low,0,low,0,0,0,0.0,low,0
05197,high,1,low,0,low,0,high,1,low,0,low,0,low,0,low,0,low,0,low,0,0,0,0.0,low,0
73200,low,0,low,0,medium,0,low,0,low,0,low,0,low,0,low,0,low,0,low,0,0,0,0.0,low,0
25200,low,0,low,0,low,0,low,0,low,0,low,0,low,0,low,0,low,0,low,0,0,0,0.0,low,0
41206,high,1,low,0,high,1,low,0,low,0,low,0,low,0,low,0,low,0,low,0,0,0,0.0,low,0
52203,low,0,low,0,medium,0,low,0,high,1,low,0,low,0,low,0,low,0,low,0,0,0,0.0,low,0
86219,low,0,low,0,low,0,high,1,low,0,low,0,low,0,low,0,low,0,low,0,0,0,0.0,low,0
70204,low,0,low,0,low,0,medium,0,low,0,medium,0,medium,0,low,0,low,0,high,1,0,0,0.0,high,1
15204,low,0,low,0,low,0,low,0,low,0,low,0,low,0,low,0,low,0,low,0,0,0,0.0,low,0
05206,low,0,low,0,low,0,low,0,low,0,low,0,low,0,low,0,low,0,low,0,0,0,0.0,low,0
68207,low,0,low,0,medium,0,low,0,low,0,low,0,low,0,low,0,low,0,low,0,0,0,0.0,low,0
05209,low,0,low,0,low,0,high,1,low,0,high,1,low,0,low,0,low,0,low,0,0,0,0.0,low,0
47205,low,0,low,0,low,0,high,1,low,0,low,0,low,0,low,0,low,0,low,0,0,0,0.0,low,0
27205,medium,0,low,0,low,0,low,0,low,0,medium,0,low,0,low,0,low,0,high,1,0,0,0.0,high,1
68209,low,0,low,0,low,0,low,0,low,0,low,0,low,0,low,0,low,0,low,0,0,0,0.0,low,0
52207,medium,0,low,0,low,0,high,1,low,0,low,0,low,0,low,0,low,0,low,0,0,0,0.0,low,0
52210,low,0,low,0,low,0,low,0,low,0,low,0,low,0,low,0,low,0,low,0,0,0,0.0,low,0
68211,low,0,low,0,low,0,low,0,low,0,low,0,low,0,low,0,low,0,low,0,0,0,0.0,low,0
54206,high,1,low,0,high,1,medium,0,high,1,high,1,extreme,1,low,0,extreme,1,low,0,0,0,0.0,low,0
05212,low,0,low,0,low,0,medium,0,low,0,low,0,medium,0,medium,0,low,0,low,0,0,0,0.0,low,0
15212,low,0,low,0,low,0,low,0,low,0,low,0,low,0,low,0,low,0,low,0,0,0,0.0,low,0
13212,extreme,1,low,0,low,0,high,1,low,0,low,0,medium,0,low,0,low,0,low,0,0,0,0.0,low,0
52215,low,0,low,0,low,0,low,0,medium,0,low,0,low,0,low,0,low,0,low,0,0,0,0.0,low,0
63212,low,0,high,1,low,0,low,0,low,0,low,0,low,0,low,0,low,0,low,0,0,0,0.0,low,0
19212,medium,0,low,0,low,0,medium,0,low,0,extreme,1,extreme,1,low,0,low,0,low,0,0,0,0.0,low,0
68217,low,0,low,0,medium,0,low,0,low,0,low,0,low,0,low,0,low,0,low,0,0,0,0.0,low,0
70215,high,1,low,0,high,1,low,0,low,0,low,0,low,0,low,0,low,0,low,0,0,0,0.0,low,0
15215,medium,0,low,0,low,0,low,0,low,0,low,0,low,0,low,0,low,0,low,0,0,0,0.0,low,0
25214,low,0,low,0,low,0,low,0,low,0,low,0,low,0,low,0,low,0,low,0,0,0,0.0,low,0
23300,high,1,low,0,low,0,high,1,low,0,low,0,extreme,1,low,0,low,0,low,0,0,0,0.0,low,0
15218,low,0,low,0,low,0,low,0,low,0,low,0,low,0,low,0,low,0,low,0,0,0,0.0,low,0
70221,medium,0,low,0,low,0,low,0,low,0,low,0,extreme,1,low,0,low,0,medium,0,0,0,0.0,medium,0
73217,high,1,low,0,low,0,low,0,low,0,low,0,high,1,extreme,1,low,0,low,0,0,0,0.0,low,0
81220,low,0,medium,0,medium,0,high,1,low,0,low,0,low,0,medium,0,extreme,1,high,1,0,0,0.0,high,1
52224,low,0,low,0,low,0,low,0,high,1,low,0,low,0,low,0,low,0,low,0,0,0,0.0,low,0
15223,low,0,medium,0,low,0,low,0,low,0,medium,0,high,1,high,1,low,0,low,0,0,0,0.0,low,0
50223,low,0,medium,0,medium,0,low,0,high,1,low,0,low,0,low,0,low,0,low,0,0,0,0.0,low,0
15224,low,0,low,0,low,0,low,0,low,0,low,0,low,0,low,0,low,0,low,0,0,0,0.0,low,0
25224,low,0,low,0,low,0,low,0,low,0,low,0,low,0,low,0,low,0,low,0,0,0,0.0,low,0
54001,high,1,low,0,extreme,1,low,0,extreme,1,high,1,extreme,1,extreme,1,low,0,extreme,1,0,0,0.0,extreme,1
54223,low,0,low,0,low,0,high,1,low,0,low,0,low,0,low,0,low,0,low,0,0,0,0.0,low,0
15226,low,0,low,0,low,0,low,0,low,0,low,0,low,0,low,0,low,0,low,0,0,0,0.0,low,0
50226,high,1,low,0,low,0,low,0,low,0,low,0,high,1,low,0,low,0,low,0,0,0,0.0,low,0
99773,extreme,1,extreme,1,medium,0,medium,0,high,1,high,1,high,1,low,0,high,1,high,1,0,0,0.0,high,1
52227,medium,0,low,0,low,0,low,0,low,0,low,0,low,0,low,0,low,0,low,0,0,0,0.0,low,0
52233,high,1,medium,0,extreme,1,high,1,low,0,low,0,low,0,high,1,low,0,extreme,1,0,0,0.0,extreme,1
73226,low,0,low,0,low,0,low,0,medium,0,low,0,low,0,low,0,low,0,low,0,0,0,0.0,low,0
18205,extreme,1,medium,0,high,1,high,1,high,1,low,0,low,0,low,0,high,1,low,0,0,0,0.0,low,0
68229,low,0,low,0,low,0,low,0,low,0,low,0,low,0,low,0,low,0,low,0,0,0,0.0,low,0
20228,medium,0,medium,0,medium,0,low,0,low,0,low,0,low,0,low,0,low,0,low,0,0,0,0.0,low,0
05234,extreme,1,extreme,1,extreme,1,extreme,1,high,1,extreme,1,high,1,low,0,low,0,high,1,0,0,0.0,high,1
76233,low,0,low,0,high,1,low,0,medium,0,medium,0,low,0,low,0,low,0,high,1,0,0,0.0,high,1
44090,high,1,high,1,low,0,low,0,low,0,low,0,low,0,low,0,low,0,low,0,0,0,0.0,low,0
44098,low,0,low,0,low,0,high,1,medium,0,low,0,low,0,low,0,low,0,low,0,0,0,0.0,low,0
73236,low,0,extreme,1,high,1,low,0,low,0,low,0,low,0,low,0,low,0,low,0,0,0,0.0,low,0
05237,low,0,low,0,low,0,low,0,low,0,low,0,low,0,low,0,low,0,low,0,0,0,0.0,low,0
66170,low,0,low,0,extreme,1,low,0,medium,0,high,1,medium,0,low,0,low,0,high,1,0,0,0.0,high,1
15238,low,0,low,0,low,0,low,0,low,0,low,0,low,0,low,0,low,0,low,0,0,0,0.0,low,0
54239,low,0,low,0,low,0,low,0,low,0,low,0,low,0,low,0,low,0,low,0,0,0,0.0,low,0
05240,low,0,low,0,low,0,low,0,low,0,low,0,low,0,high,1,low,0,low,0,0,0,0.0,low,0
76243,low,0,medium,0,low,0,low,0,low,0,low,0,low,0,low,0,low,0,low,0,0,0,0.0,low,0
05250,high,1,low,0,extreme,1,medium,0,high,1,extreme,1,extreme,1,high,1,low,0,extreme,1,0,0,0.0,extreme,1
47245,low,0,high,1,low,0,low,0,low,0,low,0,low,0,low,0,low,0,low,0,0,0,0.0,low,0
76246,medium,0,low,0,low,0,low,0,low,0,low,0,extreme,1,low,0,low,0,low,0,0,0,0.0,low,0
50245,high,1,low,0,low,0,low,0,high,1,low,0,low,0,low,0,low,0,low,0,0,0,0.0,low,0
27135,low,0,low,0,low,0,low,0,low,0,high,1,low,0,low,0,low,0,low,0,0,0,0.0,low,0
54245,high,1,extreme,1,medium,0,high,1,low,0,high,1,extreme,1,low,0,extreme,1,low,0,0,0,0.0,low,0
27245,low,0,medium,0,low,0,low,0,low,0,medium,0,low,0,high,1,low,0,high,1,0,0,0.0,high,1
13244,high,1,low,0,medium,0,low,0,medium,0,high,1,low,0,extreme,1,low,0,extreme,1,0,0,0.0,extreme,1
68235,low,0,low,0,low,0,low,0,low,0,low,0,low,0,low,0,low,0,low,0,0,0,0.0,low,0
05148,low,0,low,0,low,0,low,0,low,0,low,0,low,0,low,0,low,0,low,0,0,0,0.0,low,0
50251,extreme,1,extreme,1,low,0,low,0,low,0,medium,0,medium,0,low,0,low,0,low,0,0,0,0.0,low,0
76248,medium,0,low,0,medium,0,low,0,low,0,low,0,low,0,medium,0,low,0,low,0,0,0,0.0,low,0
52250,high,1,extreme,1,low,0,extreme,1,high,1,high,1,high,1,high,1,high,1,extreme,1,0,0,0.0,extreme,1
15244,low,0,low,0,low,0,low,0,low,0,low,0,low,0,low,0,low,0,low,0,0,0,0.0,low,0
25245,low,0,low,0,low,0,low,0,low,0,low,0,low,0,low,0,low,0,low,0,0,0,0.0,low,0
20238,medium,0,low,0,low,0,low,0,low,0,low,0,low,0,low,0,low,0,low,0,0,0,0.0,low,0
18247,extreme,1,low,0,high,1,low,0,extreme,1,high,1,high,1,low,0,low,0,low,0,0,0,0.0,low,0
50270,medium,0,low,0,low,0,low,0,high,1,low,0,low,0,low,0,medium,0,low,0,0,0,0.0,low,0
76250,medium,0,medium,0,extreme,1,medium,0,high,1,low,0,extreme,1,medium,0,low,0,low,0,0,0,0.0,low,0
91263,low,0,low,0,low,0,low,0,low,0,low,0,low,0,low,0,low,0,low,0,0,0,0.0,low,0
15248,low,0,low,0,low,0,low,0,low,0,low,0,low,0,low,0,low,0,low,0,0,0,0.0,low,0
68245,low,0,low,0,low,0,high,1,low,0,low,0,low,0,low,0,low,0,low,0,0,0,0.0,low,0
13248,medium,0,low,0,low,0,high,1,low,0,low,0,low,0,low,0,low,0,low,0,0,0,0.0,low,0
27250,low,0,low,0,low,0,low,0,low,0,high,1,extreme,1,extreme,1,low,0,extreme,1,0,0,0.0,extreme,1
44110,low,0,low,0,low,0,high,1,low,0,low,0,low,0,low,0,low,0,low,0,0,0,0.0,low,0
20250,low,0,low,0,low,0,low,0,low,0,low,0,low,0,low,0,low,0,low,0,0,0,0.0,low,0
18256,medium,0,medium,0,high,1,extreme,1,high,1,low,0,high,1,low,0,low,0,low,0,0,0,0.0,low,0
52254,low,0,low,0,low,0,high,1,low,0,low,0,low,0,low,0,high,1,low,0,0,0,0.0,low,0
13268,low,0,low,0,low,0,low,0,low,0,low,0,low,0,low,0,low,0,low,0,0,0,0.0,low,0
25258,low,0,low,0,low,0,low,0,low,0,low,0,low,0,low,0,low,0,low,0,0,0,0.0,low,0
68250,low,0,extreme,1,medium,0,high,1,low,0,low,0,low,0,low,0,low,0,low,0,0,0,0.0,low,0
47258,medium,0,low,0,low,0,low,0,low,0,low,0,low,0,low,0,low,0,low,0,0,0,0.0,low,0
68255,medium,0,low,0,low,0,low,0,low,0,low,0,low,0,low,0,low,0,low,0,0,0,0.0,low,0
47268,low,0,low,0,low,0,low,0,low,0,low,0,low,0,medium,0,low,0,low,0,0,0,0.0,low,0
95025,extreme,1,high,1,extreme,1,low,0,medium,0,extreme,1,extreme,1,low,0,high,1,low,0,0,0,0.0,low,0
70233,high,1,medium,0,high,1,low,0,low,0,medium,0,low,0,low,0,low,0,medium,0,0,0,0.0,medium,0
25260,low,0,low,0,low,0,low,0,low,0,low,0,low,0,low,0,low,0,low,0,0,0,0.0,low,0
52256,medium,0,medium,0,low,0,low,0,high,1,medium,0,high,1,extreme,1,medium,0,extreme,1,0,0,0.0,extreme,1
05697,low,0,low,0,medium,0,low,0,low,0,low,0,low,0,low,0,low,0,low,0,0,0,0.0,low,0
52258,medium,0,low,0,low,0,low,0,medium,0,medium,0,low,0,low,0,low,0,low,0,0,0,0.0,low,0
19256,high,1,low,0,extreme,1,low,0,extreme,1,extreme,1,low,0,high,1,extreme,1,extreme,1,0,0,0.0,extreme,1
52260,low,0,low,0,low,0,low,0,low,0,low,0,low,0,low,0,low,0,low,0,0,0,0.0,low,0
54250,medium,0,medium,0,extreme,1,extreme,1,extreme,1,high,1,extreme,1,extreme,1,extreme,1,low,0,0,0,0.0,low,0
54261,high,1,low,0,low,0,low,0,medium,0,high,1,low,0,low,0,low,0,low,0,0,0,0.0,low,0
41244,medium,0,low,0,low,0,low,0,low,0,low,0,low,0,low,0,low,0,low,0,0,0,0.0,low,0
68264,low,0,low,0,low,0,high,1,low,0,low,0,low,0,low,0,low,0,low,0,0,0,0.0,low,0
68266,low,0,low,0,low,0,low,0,low,0,low,0,low,0,low,0,low,0,low,0,0,0,0.0,low,0
05264,low,0,low,0,low,0,low,0,low,0,low,0,high,1,low,0,low,0,low,0,0,0,0.0,low,0
05266,low,0,low,0,medium,0,low,0,low,0,low,0,low,0,low,0,low,0,low,0,0,0,0.0,low,0
73268,low,0,low,0,low,0,low,0,low,0,low,0,low,0,low,0,low,0,low,0,0,0,0.0,low,0
25269,low,0,low,0,low,0,low,0,low,0,low,0,low,0,high,1,low,0,low,0,0,0,0.0,low,0
73270,low,0,low,0,low,0,low,0,low,0,low,0,low,0,low,0,low,0,low,0,0,0,0.0,low,0
17272,medium,0,low,0,low,0,low,0,medium,0,low,0,low,0,low,0,low,0,low,0,0,0,0.0,low,0
63272,low,0,low,0,low,0,low,0,low,0,low,0,low,0,low,0,low,0,low,0,0,0,0.0,low,0
15272,low,0,low,0,low,0,low,0,low,0,low,0,low,0,low,0,low,0,low,0,0,0,0.0,low,0
73275,low,0,low,0,low,0,low,0,low,0,low,0,low,0,low,0,low,0,low,0,0,0,0.0,low,0
18001,high,1,low,0,high,1,low,0,low,0,high,1,low,0,high,1,low,0,extreme,1,0,0,0.0,extreme,1
19290,medium,0,high,1,medium,0,low,0,medium,0,medium,0,low,0,medium,0,low,0,low,0,0,0,0.0,low,0
15276,low,0,low,0,low,0,low,0,low,0,low,0,low,0,low,0,low,0,low,0,0,0,0.0,low,0
68271,medium,0,low,0,low,0,medium,0,low,0,low,0,low,0,low,0,low,0,low,0,0,0,0.0,low,0
76275,low,0,low,0,low,0,low,0,low,0,low,0,low,0,high,1,low,0,medium,0,0,0,0.0,medium,0
68276,medium,0,low,0,low,0,low,0,low,0,low,0,low,0,low,0,low,0,low,0,0,0,0.0,low,0
25279,high,1,low,0,low,0,low,0,low,0,low,0,low,0,low,0,low,0,low,0,0,0,0.0,low,0
44279,medium,0,high,1,low,0,low,0,low,0,extreme,1,low,0,medium,0,low,0,low,0,0,0,0.0,low,0
81300,extreme,1,extreme,1,extreme,1,extreme,1,extreme,1,medium,0,extreme,1,low,0,extreme,1,high,1,0,0,0.0,high,1
25281,high,1,low,0,low,0,low,0,low,0,low,0,low,0,low,0,low,0,low,0,0,0,0.0,low,0
52520,medium,0,low,0,low,0,low,0,extreme,1,low,0,low,0,high,1,extreme,1,high,1,0,0,0.0,high,1
05282,low,0,low,0,low,0,low,0,low,0,low,0,low,0,low,0,low,0,low,0,0,0,0.0,low,0
73283,medium,0,low,0,low,0,low,0,low,0,low,0,low,0,low,0,low,0,low,0,0,0,0.0,low,0
05284,low,0,high,1,high,1,low,0,low,0,low,0,medium,0,medium,0,extreme,1,low,0,0,0,0.0,low,0
50287,high,1,low,0,low,0,low,0,low,0,low,0,low,0,low,0,low,0,low,0,0,0,0.0,low,0
47288,medium,0,low,0,medium,0,low,0,low,0,low,0,low,0,low,0,low,0,low,0,0,0,0.0,low,0
52287,low,0,low,0,low,0,low,0,low,0,low,0,low,0,low,0,low,0,low,0,0,0,0.0,low,0
25286,low,0,low,0,low,0,low,0,low,0,low,0,low,0,low,0,low,0,low,0,0,0,0.0,low,0
25288,medium,0,low,0,low,0,low,0,low,0,low,0,low,0,low,0,low,0,low,0,0,0,0.0,low,0
25290,low,0,low,0,low,0,low,0,low,0,low,0,low,0,low,0,low,0,low,0,0,0,0.0,low,0
25293,low,0,low,0,low,0,low,0,low,0,low,0,low,0,low,0,low,0,low,0,0,0,0.0,low,0
25295,low,0,low,0,low,0,medium,0,low,0,low,0,low,0,low,0,low,0,low,0,0,0,0.0,low,0
15293,low,0,low,0,low,0,low,0,low,0,low,0,low,0,low,0,low,0,low,0,0,0,0.0,low,0
25297,low,0,low,0,low,0,low,0,low,0,low,0,low,0,low,0,low,0,low,0,0,0,0.0,low,0
68296,low,0,low,0,low,0,low,0,low,0,low,0,low,0,low,0,low,0,low,0,0,0,0.0,low,0
08296,medium,0,low,0,low,0,low,0,low,0,low,0,low,0,low,0,low,0,low,0,0,0,0.0,low,0
70235,extreme,1,low,0,low,0,high,1,low,0,low,0,low,0,low,0,extreme,1,low,0,0,0,0.0,low,0
25299,low,0,low,0,low,0,low,0,low,0,low,0,low,0,low,0,low,0,low,0,0,0,0.0,low,0
20295,extreme,1,high,1,low,0,low,0,low,0,low,0,low,0,low,0,low,0,low,0,0,0,0.0,low,0
68298,low,0,low,0,low,0,low,0,low,0,low,0,low,0,low,0,low,0,low,0,0,0,0.0,low,0
15296,low,0,low,0,low,0,low,0,low,0,low,0,low,0,low,0,low,0,low,0,0,0,0.0,low,0
15299,low,0,low,0,low,0,low,0,low,0,low,0,low,0,low,0,low,0,low,0,0,0,0.0,low,0
41298,high,1,medium,0,low,0,low,0,low,0,low,0,low,0,low,0,low,0,low,0,0,0,0.0,low,0
63302,low,0,low,0,medium,0,low,0,low,0,low,0,low,0,low,0,low,0,low,0,0,0,0.0,low,0
41306,high,1,low,0,high,1,low,0,low,0,low,0,low,0,low,0,low,0,low,0,0,0,0.0,low,0
76306,low,0,low,0,low,0,low,0,low,0,low,0,low,0,low,0,low,0,low,0,0,0,0.0,low,0
05306,low,0,low,0,low,0,low,0,low,0,low,0,low,0,low,0,low,0,low,0,0,0,0.0,low,0
25307,low,0,low,0,low,0,low,0,low,0,low,0,low,0,low,0,low,0,low,0,0,0,0.0,low,0
05308,low,0,low,0,low,0,medium,0,low,0,low,0,low,0,low,0,low,0,low,0,0,0,0.0,low,0
68307,low,0,low,0,low,0,low,0,low,0,medium,0,low,0,low,0,low,0,low,0,0,0,0.0,low,0
05310,low,0,low,0,low,0,medium,0,low,0,low,0,low,0,low,0,low,0,low,0,0,0,0.0,low,0
20310,high,1,low,0,low,0,extreme,1,low,0,low,0,medium,0,low,0,low,0,high,1,0,0,0.0,high,1
54313,low,0,low,0,low,0,medium,0,low,0,low,0,low,0,low,0,low,0,low,0,0,0,0.0,low,0
05313,high,1,extreme,1,extreme,1,extreme,1,low,0,high,1,low,0,low,0,low,0,low,0,0,0,0.0,low,0
25312,low,0,low,0,low,0,low,0,low,0,low,0,low,0,low,0,low,0,low,0,0,0,0.0,low,0
50313,low,0,low,0,low,0,low,0,low,0,low,0,low,0,low,0,low,0,high,1,0,0,0.0,high,1
68318,low,0,low,0,low,0,low,0,low,0,low,0,low,0,low,0,low,0,low,0,0,0,0.0,low,0
15317,medium,0,low,0,low,0,low,0,low,0,low,0,low,0,low,0,low,0,low,0,0,0,0.0,low,0
76318,low,0,medium,0,low,0,high,1,low,0,low,0,low,0,low,0,low,0,low,0,0,0,0.0,low,0
19300,low,0,low,0,low,0,medium,0,low,0,low,0,high,1,low,0,low,0,medium,0,0,0,0.0,medium,0
25317,low,0,low,0,low,0,low,0,low,0,low,0,low,0,low,0,low,0,low,0,0,0,0.0,low,0
52317,low,0,high,1,low,0,low,0,low,0,low,0,low,0,low,0,low,0,low,0,0,0,0.0,low,0
76111,low,0,low,0,low,0,low,0,low,0,low,0,low,0,low,0,high,1,low,0,0,0,0.0,low,0
05315,low,0,low,0,medium,0,high,1,medium,0,medium,0,low,0,low,0,high,1,high,1,0,0,0.0,high,1
41319,medium,0,low,0,low,0,low,0,low,0,low,0,low,0,low,0,low,0,low,0,0,0,0.0,low,0
68320,low,0,low,0,low,0,low,0,low,0,low,0,low,0,low,0,low,0,low,0,0,0,0.0,low,0
25320,low,0,low,0,low,0,low,0,low,0,low,0,low,0,low,0,low,0,low,0,0,0,0.0,low,0
52320,low,0,low,0,low,0,high,1,low,0,low,0,low,0,low,0,low,0,low,0,0,0,0.0,low,0
52323,medium,0,low,0,low,0,medium,0,low,0,low,0,low,0,low,0,low,0,low,0,0,0,0.0,low,0
47318,low,0,low,0,low,0,low,0,low,0,low,0,low,0,medium,0,low,0,low,0,0,0,0.0,low,0
50318,high,1,low,0,low,0,low,0,high,1,low,0,low,0,low,0,low,0,low,0,0,0,0.0,low,0
73319,low,0,low,0,low,0,low,0,low,0,low,0,low,0,low,0,low,0,low,0,0,0,0.0,low,0
19318,low,0,extreme,1,low,0,low,0,extreme,1,medium,0,low,0,low,0,low,0,low,0,0,0,0.0,low,0
68322,low,0,low,0,low,0,low,0,low,0,low,0,low,0,low,0,low,0,low,0,0,0,0.0,low,0
70265,low,0,low,0,low,0,low,0,low,0,low,0,medium,0,low,0,low,0,low,0,0,0,0.0,low,0
05318,low,0,low,0,low,0,low,0,low,0,low,0,low,0,low,0,low,0,low,0,0,0,0.0,low,0
25322,low,0,low,0,low,0,low,0,low,0,low,0,low,0,low,0,low,0,low,0,0,0,0.0,low,0
05321,low,0,low,0,low,0,high,1,low,0,low,0,low,0,low,0,low,0,low,0,0,0,0.0,low,0
25324,low,0,low,0,low,0,low,0,low,0,low,0,low,0,low,0,low,0,low,0,0,0,0.0,low,0
25326,low,0,low,0,low,0,low,0,low,0,low,0,low,0,low,0,low,0,low,0,0,0,0.0,low,0
15322,low,0,low,0,low,0,low,0,low,0,low,0,low,0,low,0,low,0,low,0,0,0,0.0,low,0
66318,low,0,low,0,low,0,low,0,low,0,low,0,low,0,low,0,low,0,low,0,0,0,0.0,low,0
68324,low,0,low,0,low,0,low,0,low,0,low,0,low,0,low,0,low,0,low,0,0,0,0.0,low,0
25328,low,0,low,0,low,0,low,0,low,0,low,0,low,0,low,0,low,0,low,0,0,0,0.0,low,0
25335,high,1,low,0,low,0,low,0,low,0,low,0,low,0,low,0,low,0,low,0,0,0,0.0,low,0
15325,low,0,low,0,low,0,low,0,low,0,low,0,low,0,low,0,low,0,low,0,0,0,0.0,low,0
68327,medium,0,low,0,low,0,low,0,low,0,low,0,low,0,low,0,low,0,low,0,0,0,0.0,low,0
15332,low,0,low,0,low,0,low,0,low,0,low,0,low,0,low,0,low,0,low,0,0,0,0.0,low,0
25339,medium,0,high,1,high,1,low,0,low,0,low,0,low,0,low,0,low,0,low,0,0,0,0.0,low,0
54344,medium,0,low,0,high,1,high,1,extreme,1,medium,0,extreme,1,extreme,1,extreme,1,extreme,1,0,0,0.0,extreme,1
13300,low,0,low,0,low,0,high,1,low,0,low,0,low,0,low,0,low,0,low,0,0,0,0.0,low,0
68344,low,0,low,0,low,0,high,1,low,0,low,0,low,0,low,0,low,0,low,0,0,0,0.0,low,0
85125,high,1,medium,0,low,0,low,0,low,0,low,0,low,0,low,0,low,0,high,1,0,0,0.0,high,1
44378,low,0,low,0,low,0,low,0,low,0,low,0,low,0,low,0,low,0,low,0,0,0,0.0,low,0
05347,low,0,low,0,low,0,low,0,low,0,low,0,low,0,low,0,low,0,low,0,0,0,0.0,low,0
54347,low,0,low,0,low,0,low,0,low,0,low,0,low,0,low,0,low,0,low,0,0,0,0.0,low,0
73347,low,0,low,0,low,0,low,0,low,0,low,0,low,0,low,0,low,0,low,0,0,0,0.0,low,0
05353,low,0,low,0,low,0,low,0,low,0,low,0,low,0,low,0,low,0,low,0,0,0,0.0,low,0
41349,low,0,low,0,medium,0,low,0,medium,0,low,0,low,0,low,0,low,0,low,0,0,0,0.0,low,0
73349,low,0,low,0,low,0,low,0,low,0,low,0,low,0,medium,0,low,0,low,0,0,0,0.0,low,0
73001,high,1,low,0,medium,0,low,0,high,1,high,1,extreme,1,high,1,low,0,high,1,0,0,0.0,high,1
73352,medium,0,medium,0,low,0,low,0,low,0,low,0,low,0,low,0,low,0,low,0,0,0,0.0,low,0
52352,low,0,low,0,low,0,low,0,low,0,low,0,low,0,low,0,low,0,low,0,0,0,0.0,low,0
52354,low,0,low,0,low,0,low,0,low,0,low,0,low,0,low,0,low,0,low,0,0,0,0.0,low,0
94001,low,0,low,0,low,0,low,0,low,0,low,0,low,0,low,0,low,0,low,0,0,0,0.0,low,0
19355,low,0,low,0,low,0,low,0,low,0,low,0,low,0,high,1,low,0,extreme,1,0,0,0.0,extreme,1
52356,high,1,low,0,low,0,low,0,low,0,high,1,low,0,low,0,low,0,low,0,0,0,0.0,low,0
41357,high,1,low,0,low,0,low,0,low,0,low,0,low,0,low,0,low,0,low,0,0,0,0.0,low,0
41359,low,0,medium,0,low,0,low,0,low,0,low,0,low,0,low,0,low,0,low,0,0,0,0.0,low,0
27361,medium,0,low,0,extreme,1,low,0,extreme,1,extreme,1,low,0,high,1,low,0,extreme,1,0,0,0.0,extreme,1
05360,high,1,low,0,medium,0,high,1,low,0,low,0,low,0,low,0,low,0,low,0,0,0,0.0,low,0
05361,extreme,1,extreme,1,extreme,1,extreme,1,extreme,1,extreme,1,extreme,1,extreme,1,extreme,1,extreme,1,0,0,0.0,extreme,1
15362,low,0,low,0,low,0,low,0,low,0,low,0,low,0,low,0,low,0,low,0,0,0,0.0,low,0
19364,extreme,1,extreme,1,high,1,extreme,1,extreme,1,low,0,low,0,low,0,low,0,extreme,1,0,0,0.0,extreme,1
76364,medium,0,low,0,medium,0,low,0,low,0,medium,0,low,0,high,1,low,0,low,0,0,0,0.0,low,0
05364,low,0,low,0,low,0,low,0,low,0,low,0,low,0,low,0,low,0,low,0,0,0,0.0,low,0
15367,low,0,low,0,low,0,low,0,low,0,low,0,low,0,low,0,low,0,low,0,0,0,0.0,low,0
05368,low,0,low,0,low,0,low,0,low,0,low,0,low,0,low,0,low,0,low,0,0,0,0.0,low,0
15368,low,0,low,0,low,0,high,1,low,0,low,0,low,0,low,0,low,0,low,0,0,0,0.0,low,0
25368,high,1,low,0,low,0,low,0,low,0,low,0,low,0,low,0,low,0,low,0,0,0,0.0,low,0
68368,low,0,low,0,low,0,low,0,low,0,low,0,low,0,low,0,low,0,low,0,0,0,0.0,low,0
68370,extreme,1,low,0,low,0,high,1,low,0,low,0,low,0,low,0,low,0,low,0,0,0,0.0,low,0
08372,low,0,high,1,low,0,high,1,low,0,low,0,low,0,low,0,low,0,low,0,0,0,0.0,low,0
25372,low,0,low,0,low,0,low,0,low,0,low,0,low,0,low,0,low,0,low,0,0,0,0.0,low,0
27372,low,0,high,1,medium,0,high,1,low,0,low,0,low,0,extreme,1,high,1,high,1,0,0,0.0,high,1
23350,extreme,1,medium,0,low,0,low,0,low,0,low,0,low,0,low,0,high,1,low,0,0,0,0.0,low,0
41378,medium,0,low,0,high,1,low,0,high,1,low,0,low,0,low,0,low,0,low,0,0,0,0.0,low,0
68377,medium,0,low,0,low,0,low,0,low,0,low,0,low,0,low,0,low,0,low,0,0,0,0.0,low,0
25377,low,0,low,0,low,0,low,0,low,0,low,0,low,0,low,0,low,0,low,0,0,0,0.0,low,0
15380,low,0,low,0,low,0,low,0,low,0,low,0,low,0,low,0,low,0,low,0,0,0,0.0,low,0
05376,low,0,low,0,low,0,low,0,low,0,low,0,low,0,low,0,low,0,low,0,0,0,0.0,low,0
66383,medium,0,low,0,extreme,1,low,0,low,0,low,0,low,0,low,0,low,0,low,0,0,0,0.0,low,0
91405,low,0,low,0,low,0,high,1,low,0,low,0,low,0,low,0,low,0,low,0,0,0,0.0,low,0
52378,medium,0,low,0,low,0,high,1,high,1,medium,0,high,1,low,0,low,0,low,0,0,0,0.0,low,0
76377,medium,0,low,0,low,0,low,0,low,0,low,0,low,0,low,0,low,0,low,0,0,0,0.0,low,0
17380,medium,0,medium,0,low,0,low,0,high,1,low,0,low,0,low,0,low,0,low,0,0,0,0.0,low,0
54385,medium,0,low,0,low,0,low,0,low,0,low,0,low,0,low,0,low,0,low,0,0,0,0.0,low,0
05380,low,0,low,0,low,0,low,0,low,0,low,0,low,0,low,0,low,0,low,0,0,0,0.0,low,0
52381,medium,0,low,0,medium,0,high,1,low,0,medium,0,low,0,low,0,low,0,low,0,0,0,0.0,low,0
20383,low,0,medium,0,low,0,low,0,low,0,low,0,low,0,low,0,low,0,low,0,0,0,0.0,low,0
94885,low,0,low,0,low,0,high,1,low,0,low,0,low,0,low,0,low,0,low,0,0,0,0.0,low,0
20400,extreme,1,medium,0,medium,0,low,0,low,0,low,0,low,0,low,0,low,0,low,0,0,0,0.0,low,0
44420,extreme,1,low,0,low,0,low,0,low,0,low,0,low,0,low,0,low,0,low,0,0,0,0.0,low,0
52385,extreme,1,low,0,medium,0,low,0,high,1,high,1,high,1,medium,0,low,0,high,1,0,0,0.0,high,1
50350,high,1,medium,0,high,1,high,1,high,1,extreme,1,low,0,low,0,extreme,1,low,0,0,0,0.0,low,0
17388,low,0,low,0,low,0,high,1,low,0,low,0,low,0,low,0,low,0,low,0,0,0,0.0,low,0
25386,low,0,low,0,low,0,low,0,low,0,low,0,low,0,low,0,low,0,low,0,0,0,0.0,low,0
18410,extreme,1,extreme,1,extreme,1,extreme,1,extreme,1,extreme,1,high,1,high,1,high,1,low,0,0,0,0.0,low,0
25394,low,0,low,0,low,0,high,1,low,0,low,0,low,0,low,0,low,0,low,0,0,0,0.0,low,0
20621,medium,0,high,1,low,0,low,0,low,0,extreme,1,low,0,low,0,low,0,low,0,0,0,0.0,low,0
68397,extreme,1,low,0,low,0,low,0,low,0,low,0,low,0,low,0,low,0,low,0,0,0,0.0,low,0
91407,low,0,low,0,low,0,low,0,low,0,low,0,low,0,low,0,low,0,medium,0,0,0,0.0,medium,0
25398,low,0,low,0,low,0,low,0,low,0,low,0,low,0,low,0,low,0,low,0,0,0,0.0,low,0
05390,low,0,low,0,low,0,low,0,low,0,low,0,low,0,low,0,low,0,low,0,0,0,0.0,low,0
41396,medium,0,low,0,low,0,low,0,low,0,low,0,low,0,low,0,low,0,low,0,0,0,0.0,low,0
54398,extreme,1,high,1,low,0,high,1,medium,0,low,0,extreme,1,extreme,1,high,1,extreme,1,0,0,0.0,extreme,1
99524,low,0,low,0,low,0,low,0,low,0,low,0,low,0,low,0,low,0,low,0,0,0,0.0,low,0
85136,medium,0,low,0,medium,0,high,1,high,1,low,0,high,1,low,0,low,0,low,0,0,0,0.0,low,0
19392,high,1,low,0,low,0,low,0,low,0,medium,0,low,0,medium,0,low,0,low,0,0,0,0.0,low,0
63401,medium,0,low,0,low,0,low,0,low,0,low,0,medium,0,low,0,low,0,low,0,0,0,0.0,low,0
52390,low,0,low,0,low,0,low,0,low,0,medium,0,high,1,low,0,high,1,extreme,1,0,0,0.0,extreme,1
05400,low,0,low,0,low,0,low,0,low,0,high,1,low,0,low,0,low,0,low,0,0,0,0.0,low,0
52399,low,0,low,0,low,0,low,0,low,0,low,0,low,0,low,0,low,0,low,0,0,0,0.0,low,0
70400,low,0,low,0,low,0,low,0,low,0,low,0,low,0,low,0,low,0,low,0,0,0,0.0,low,0
76400,low,0,low,0,low,0,low,0,low,0,low,0,low,0,low,0,low,0,low,0,0,0,0.0,low,0
15403,low,0,low,0,low,0,low,0,low,0,low,0,low,0,low,0,low,0,low,0,0,0,0.0,low,0
19397,low,0,low,0,low,0,low,0,low,0,medium,0,low,0,low,0,low,0,high,1,0,0,0.0,high,1
25402,low,0,low,0,low,0,low,0,low,0,low,0,low,0,low,0,low,0,low,0,0,0,0.0,low,0
15401,low,0,low,0,low,0,low,0,low,0,low,0,low,0,low,0,low,0,low,0,0,0,0.0,low,0
76403,low,0,low,0,low,0,low,0,medium,0,low,0,low,0,low,0,low,0,low,0,0,0,0.0,low,0
91430,low,0,low,0,low,0,extreme,1,low,0,low,0,low,0,low,0,low,0,low,0,0,0,0.0,low,0
66400,low,0,low,0,low,0,low,0,low,0,low,0,low,0,low,0,low,0,low,0,0,0,0.0,low,0
54377,low,0,low,0,low,0,low,0,low,0,low,0,medium,0,low,0,low,0,low,0,0,0,0.0,low,0
15377,medium,0,low,0,low,0,high,1,low,0,low,0,low,0,low,0,low,0,low,0,0,0,0.0,low,0
68385,high,1,extreme,1,low,0,low,0,low,0,low,0,low,0,low,0,low,0,low,0,0,0,0.0,low,0
68406,medium,0,low,0,low,0,low,0,low,0,low,0,low,0,low,0,low,0,low,0,0,0,0.0,low,0
86573,extreme,1,medium,0,high,1,low,0,high,1,medium,0,low,0,medium,0,extreme,1,high,1,0,0,0.0,high,1
52405,low,0,low,0,extreme,1,low,0,low,0,low,0,low,0,high,1,high,1,extreme,1,0,0,0.0,extreme,1
50400,high,1,high,1,high,1,low,0,low,0,low,0,low,0,low,0,low,0,low,0,0,0,0.0,low,0
25407,low,0,low,0,low,0,low,0,low,0,low,0,low,0,low,0,low,0,low,0,0,0,0.0,low,0
73408,low,0,low,0,low,0,low,0,low,0,low,0,low,0,low,0,low,0,low,0,0,0,0.0,low,0
91001,low,0,low,0,low,0,low,0,medium,0,low,0,low,0,low,0,low,0,low,0,0,0,0.0,low,0
73411,high,1,low,0,high,1,low,0,extreme,1,low,0,low,0,medium,0,low,0,high,1,0,0,0.0,high,1
05411,low,0,low,0,low,0,low,0,low,0,low,0,low,0,low,0,low,0,low,0,0,0,0.0,low,0
52411,low,0,high,1,medium,0,low,0,high,1,high,1,high,1,high,1,low,0,low,0,0,0,0.0,low,0
27413,low,0,low,0,low,0,low,0,high,1,high,1,extreme,1,extreme,1,extreme,1,extreme,1,0,0,0.0,extreme,1
19418,low,0,extreme,1,low,0,medium,0,low,0,extreme,1,low,0,low,0,medium,0,extreme,1,0,0,0.0,extreme,1
23417,low,0,low,0,low,0,low,0,low,0,low,0,high,1,low,0,low,0,low,0,0,0,0.0,low,0
52418,high,1,low,0,low,0,low,0,high,1,medium,0,low,0,low,0,low,0,extreme,1,0,0,0.0,extreme,1
23419,low,0,low,0,medium,0,low,0,low,0,medium,0,low,0,low,0,low,0,low,0,0,0,0.0,low,0
70418,medium,0,high,1,low,0,high,1,low,0,medium,0,low,0,low,0,low,0,low,0,0,0,0.0,low,0
54405,low,0,low,0,low,0,low,0,low,0,low,0,low,0,low,0,low,0,high,1,0,0,0.0,high,1
68418,low,0,low,0,low,0,medium,0,low,0,low,0,low,0,low,0,low,0,low,0,0,0,0.0,low,0
54418,low,0,low,0,low,0,low,0,low,0,low,0,low,0,low,0,low,0,low,0,0,0,0.0,low,0
08421,low,0,low,0,low,0,high,1,low,0,low,0,low,0,low,0,low,0,low,0,0,0,0.0,low,0
15425,low,0,low,0,low,0,low,0,low,0,low,0,low,0,low,0,low,0,low,0,0,0,0.0,low,0
68425,medium,0,low,0,low,0,low,0,low,0,low,0,low,0,low,0,low,0,low,0,0,0,0.0,low,0
05425,low,0,low,0,low,0,low,0,low,0,medium,0,low,0,medium,0,low,0,low,0,0,0,0.0,low,0
25426,medium,0,low,0,low,0,low,0,low,0,low,0,low,0,low,0,low,0,low,0,0,0,0.0,low,0
25430,low,0,low,0,low,0,low,0,medium,0,low,0,low,0,low,0,low,0,low,0,0,0,0.0,low,0
13430,low,0,high,1,low,0,low,0,low,0,low,0,low,0,low,0,low,0,low,0,0,0,0.0,low,0
52427,high,1,extreme,1,high,1,extreme,1,high,1,high,1,extreme,1,high,1,low,0,extreme,1,0,0,0.0,extreme,1
13433,low,0,low,0,low,0,low,0,low,0,low,0,low,0,low,0,low,0,low,0,0,0,0.0,low,0
44430,low,0,low,0,high,1,low,0,high,1,medium,0,low,0,low,0,low,0,extreme,1,0,0,0.0,extreme,1
70429,high,1,medium,0,low,0,high,1,low,0,low,0,low,0,low,0,high,1,low,0,0,0,0.0,low,0
68432,low,0,low,0,low,0,low,0,low,0,low,0,low,0,low,0,low,0,low,0,0,0,0.0,low,0
08433,low,0,low,0,medium,0,low,0,low,0,low,0,low,0,low,0,low,0,low,0,0,0,0.0,low,0
52435,medium,0,low,0,low,0,low,0,medium,0,low,0,extreme,1,extreme,1,medium,0,extreme,1,0,0,0.0,extreme,1
08436,low,0,low,0,low,0,low,0,medium,0,low,0,low,0,low,0,low,0,low,0,0,0,0.0,low,0
20443,low,0,low,0,low,0,low,0,low,0,low,0,low,0,low,0,medium,0,low,0,0,0,0.0,low,0
44560,high,1,low,0,low,0,low,0,extreme,1,low,0,low,0,low,0,low,0,extreme,1,0,0,0.0,extreme,1
85139,medium,0,low,0,low,0,low,0,low,0,low,0,low,0,low,0,low,0,low,0,0,0,0.0,low,0
17001,low,0,low,0,low,0,low,0,extreme,1,high,1,low,0,extreme,1,low,0,low,0,0,0,0.0,low,0
25436,medium,0,low,0,low,0,low,0,low,0,low,0,low,0,low,0,low,0,low,0,0,0,0.0,low,0
17433,low,0,low,0,low,0,low,0,low,0,low,0,low,0,low,0,low,0,low,0,0,0,0.0,low,0
50325,extreme,1,high,1,extreme,1,extreme,1,high,1,high,1,extreme,1,low,0,high,1,high,1,0,0,0.0,high,1
94663,low,0,low,0,low,0,extreme,1,low,0,low,0,low,0,low,0,low,0,low,0,0,0,0.0,low,0
13440,low,0,low,0,low,0,low,0,low,0,low,0,low,0,low,0,low,0,medium,0,0,0,0.0,medium,0
13442,low,0,low,0,low,0,low,0,low,0,low,0,low,0,low,0,low,0,low,0,0,0,0.0,low,0
05440,low,0,low,0,low,0,low,0,low,0,low,0,low,0,low,0,low,0,low,0,0,0,0.0,low,0
15442,medium,0,low,0,low,0,low,0,low,0,low,0,low,0,low,0,low,0,low,0,0,0,0.0,low,0
73443,low,0,low,0,low,0,low,0,low,0,low,0,low,0,low,0,low,0,low,0,0,0,0.0,low,0
17442,low,0,low,0,low,0,low,0,high,1,low,0,low,0,low,0,low,0,low,0,0,0,0.0,low,0
17444,low,0,medium,0,low,0,low,0,low,0,low,0,low,0,low,0,low,0,low,0,0,0,0.0,low,0
66440,low,0,low,0,low,0,low,0,low,0,low,0,low,0,low,0,low,0,low,0,0,0,0.0,low,0
17446,medium,0,low,0,low,0,high,1,low,0,low,0,low,0,low,0,low,0,low,0,0,0,0.0,low,0
68444,high,1,low,0,low,0,low,0,low,0,low,0,low,0,low,0,low,0,low,0,0,0,0.0,low,0
05001,high,1,low,0,extreme,1,low,0,extreme,1,low,0,low,0,high,1,low,0,extreme,1,0,0,0.0,extreme,1
25438,low,0,low,0,low,0,low,0,medium,0,low,0,low,0,low,0,low,0,low,0,0,0,0.0,low,0
27425,low,0,low,0,extreme,1,high,1,extreme,1,medium,0,medium,0,medium,0,high,1,medium,0,0,0,0.0,medium,0
27430,low,0,low,0,low,0,high,1,low,0,high,1,extreme,1,low,0,high,1,extreme,1,0,0,0.0,extreme,1
27450,medium,0,low,0,medium,0,low,0,high,1,high,1,low,0,medium,0,low,0,extreme,1,0,0,0.0,extreme,1
73449,low,0,high,1,low,0,low,0,low,0,low,0,low,0,low,0,low,0,low,0,0,0,0.0,low,0
19450,medium,0,high,1,low,0,low,0,low,0,high,1,low,0,low,0,low,0,low,0,0,0,0.0,low,0
50330,high,1,medium,0,high,1,high,1,extreme,1,extreme,1,high,1,low,0,high,1,low,0,0,0,0.0,low,0
18460,extreme,1,medium,0,high,1,extreme,1,extreme,1,low,0,high,1,low,0,high,1,low,0,0,0,0.0,low,0
15455,low,0,low,0,low,0,low,0,low,0,low,0,low,0,low,0,low,0,low,0,0,0,0.0,low,0
95200,extreme,1,high,1,high,1,high,1,extreme,1,high,1,extreme,1,low,0,high,1,high,1,0,0,0.0,high,1
19455,low,0,low,0,low,0,low,0,low,0,high,1,low,0,low,0,low,0,low,0,0,0,0.0,low,0
91460,low,0,low,0,low,0,high,1,low,0,low,0,low,0,low,0,low,0,low,0,0,0,0.0,low,0
66456,low,0,low,0,low,0,medium,0,high,1,medium,0,low,0,low,0,low,0,low,0,0,0,0.0,low,0
97001,low,0,low,0,low,0,low,0,low,0,low,0,low,0,low,0,low,0,low,0,0,0,0.0,low,0
86001,medium,0,low,0,low,0,low,0,low,0,low,0,medium,0,low,0,low,0,low,0,0,0,0.0,low,0
68464,low,0,low,0,low,0,low,0,low,0,low,0,low,0,low,0,low,0,low,0,0,0,0.0,low,0
68468,high,1,low,0,low,0,high,1,low,0,low,0,low,0,low,0,low,0,low,0,0,0,0.0,low,0
23464,low,0,low,0,low,0,high,1,low,0,low,0,low,0,low,0,low,0,low,0,0,0,0.0,low,0
13468,low,0,low,0,low,0,low,0,low,0,low,0,low,0,low,0,low,0,low,0,0,0,0.0,low,0
15464,low,0,low,0,low,0,low,0,low,0,low,0,low,0,low,0,low,0,low,0,0,0,0.0,low,0
15466,low,0,low,0,low,0,low,0,low,0,low,0,low,0,low,0,low,0,low,0,0,0,0.0,low,0
15469,low,0,low,0,low,0,low,0,low,0,low,0,low,0,low,0,low,0,low,0,0,0,0.0,low,0
05467,low,0,high,1,low,0,low,0,low,0,low,0,low,0,low,0,low,0,low,0,0,0,0.0,low,0
13458,high,1,low,0,low,0,low,0,low,0,high,1,low,0,low,0,extreme,1,extreme,1,0,0,0.0,extreme,1
23466,high,1,extreme,1,low,0,low,0,low,0,high,1,high,1,low,0,low,0,low,0,0,0,0.0,low,0
63470,medium,0,low,0,low,0,low,0,low,0,low,0,low,0,low,0,low,0,low,0,0,0,0.0,low,0
23001,medium,0,low,0,low,0,low,0,low,0,high,1,low,0,low,0,low,0,low,0,0,0,0.0,low,0
85162,medium,0,low,0,low,0,low,0,low,0,low,0,low,0,low,0,low,0,low,0,0,0,0.0,low,0
23500,low,0,high,1,low,0,high,1,low,0,low,0,high,1,low,0,low,0,low,0,0,0,0.0,low,0
13473,low,0,extreme,1,medium,0,low,0,low,0,medium,0,low,0,low,0,low,0,low,0,0,0,0.0,low,0
19473,medium,0,low,0,low,0,low,0,low,0,low,0,low,0,low,0,extreme,1,low,0,0,0,0.0,low,0
18479,low,0,low,0,low,0,low,0,low,0,low,0,low,0,low,0,low,0,low,0,0,0,0.0,low,0
94888,low,0,low,0,low,0,extreme,1,low,0,low,0,low,0,low,0,low,0,low,0,0,0,0.0,low,0
70473,low,0,low,0,low,0,medium,0,low,0,medium,0,low,0,low,0,medium,0,medium,0,0,0,0.0,medium,0
25473,low,0,low,0,low,0,medium,0,medium,0,low,0,low,0,low,0,low,0,low,0,0,0,0.0,low,0
52473,low,0,low,0,low,0,low,0,low,0,low,0,low,0,extreme,1,low,0,medium,0,0,0,0.0,medium,0
15476,low,0,low,0,low,0,low,0,low,0,low,0,low,0,low,0,low,0,low,0,0,0,0.0,low,0
73461,low,0,low,0,high,1,high,1,low,0,low,0,medium,0,low,0,low,0,low,0,0,0,0.0,low,0
05475,extreme,1,low,0,high,1,extreme,1,low,0,low,0,extreme,1,high,1,extreme,1,high,1,0,0,0.0,high,1
05480,high,1,extreme,1,high,1,high,1,high,1,extreme,1,low,0,low,0,high,1,medium,0,0,0,0.0,medium,0
54480,low,0,low,0,low,0,extreme,1,low,0,low,0,low,0,low,0,low,0,low,0,0,0,0.0,low,0
15480,medium,0,low,0,low,0,low,0,low,0,low,0,low,0,low,0,low,0,low,0,0,0,0.0,low,0
05483,medium,0,medium,0,high,1,high,1,high,1,medium,0,low,0,low,0,low,0,low,0,0,0,0.0,low,0
25483,medium,0,low,0,low,0,low,0,low,0,low,0,low,0,low,0,low,0,low,0,0,0,0.0,low,0
52480,low,0,low,0,low,0,low,0,low,0,low,0,low,0,low,0,extreme,1,low,0,0,0,0.0,low,0
41483,low,0,low,0,medium,0,low,0,low,0,low,0,low,0,low,0,low,0,low,0,0,0,0.0,low,0
73483,high,1,low,0,low,0,low,0,low,0,medium,0,low,0,low,0,low,0,low,0,0,0,0.0,low,0
05495,extreme,1,low,0,low,0,low,0,low,0,medium,0,low,0,high,1,low,0,high,1,0,0,0.0,high,1
05490,medium,0,medium,0,medium,0,medium,0,low,0,medium,0,medium,0,high,1,high,1,medium,0,0,0,0.0,medium,0
17486,medium,0,high,1,low,0,low,0,low,0,low,0,low,0,low,0,low,0,low,0,0,0,0.0,low,0
41001,medium,0,low,0,extreme,1,low,0,high,1,high,1,low,0,low,0,low,0,extreme,1,0,0,0.0,extreme,1
25486,low,0,low,0,low,0,low,0,low,0,low,0,low,0,low,0,low,0,low,0,0,0,0.0,low,0
25488,low,0,low,0,low,0,low,0,low,0,low,0,low,0,low,0,low,0,low,0,0,0,0.0,low,0
25489,low,0,low,0,low,0,high,1,low,0,low,0,low,0,low,0,low,0,low,0,0,0,0.0,low,0
15491,low,0,low,0,medium,0,low,0,low,0,low,0,low,0,low,0,low,0,low,0,0,0,0.0,low,0
25491,low,0,low,0,low,0,low,0,low,0,low,0,low,0,low,0,low,0,low,0,0,0,0.0,low,0
17495,extreme,1,low,0,low,0,high,1,medium,0,low,0,low,0,low,0,low,0,low,0,0,0,0.0,low,0
13490,low,0,low,0,low,0,high,1,high,1,medium,0,low,0,medium,0,low,0,high,1,0,0,0.0,high,1
27491,low,0,low,0,low,0,low,0,extreme,1,high,1,low,0,high,1,low,0,extreme,1,0,0,0.0,extreme,1
47460,extreme,1,low,0,low,0,low,0,low,0,low,0,low,0,low,0,low,0,low,0,0,0,0.0,low,0
15494,low,0,low,0,low,0,low,0,low,0,low,0,low,0,low,0,low,0,low,0,0,0,0.0,low,0
85225,medium,0,low,0,medium,0,low,0,low,0,low,0,low,0,low,0,low,0,low,0,0,0,0.0,low,0
27495,low,0,low,0,low,0,low,0,low,0,low,0,low,0,medium,0,low,0,extreme,1,0,0,0.0,extreme,1
76497,low,0,low,0,low,0,low,0,low,0,low,0,low,0,medium,0,low,0,low,0,0,0,0.0,low,0
68498,medium,0,low,0,low,0,low,0,low,0,low,0,low,0,low,0,low,0,low,0,0,0,0.0,low,0
54498,high,1,low,0,low,0,low,0,low,0,high,1,low,0,low,0,low,0,extreme,1,0,0,0.0,extreme,1
68500,low,0,low,0,low,0,low,0,low,0,low,0,low,0,low,0,low,0,low,0,0,0,0.0,low,0
15500,low,0,low,0,low,0,low,0,low,0,low,0,low,0,low,0,low,0,low,0,0,0,0.0,low,0
05501,low,0,low,0,low,0,low,0,low,0,low,0,low,0,low,0,low,0,low,0,0,0,0.0,low,0
52490,low,0,low,0,low,0,high,1,high,1,medium,0,medium,0,extreme,1,low,0,extreme,1,0,0,0.0,extreme,1
68502,low,0,low,0,low,0,low,0,low,0,low,0,low,0,low,0,low,0,low,0,0,0,0.0,low,0
41503,low,0,low,0,low,0,high,1,low,0,low,0,low,0,low,0,low,0,low,0,0,0,0.0,low,0
86320,high,1,low,0,low,0,low,0,low,0,high,1,low,0,low,0,low,0,low,0,0,0,0.0,low,0
85230,high,1,low,0,low,0,low,0,low,0,low,0,low,0,low,0,low,0,low,0,0,0,0.0,low,0
73504,low,0,low,0,low,0,low,0,low,0,low,0,high,1,low,0,low,0,low,0,0,0,0.0,low,0
52506,low,0,low,0,low,0,high,1,low,0,low,0,low,0,low,0,low,0,low,0,0,0,0.0,low,0
15507,medium,0,low,0,low,0,low,0,low,0,low,0,low,0,low,0,low,0,low,0,0,0,0.0,low,0
70508,high,1,low,0,low,0,low,0,low,0,low,0,low,0,low,0,high,1,high,1,0,0,0.0,high,1
15511,low,0,low,0,low,0,low,0,low,0,low,0,low,0,low,0,low,0,low,0,0,0,0.0,low,0
25513,low,0,low,0,low,0,low,0,low,0,low,0,low,0,low,0,low,0,low,0,0,0,0.0,low,0
97511,low,0,low,0,low,0,medium,0,low,0,low,0,low,0,low,0,low,0,low,0,0,0,0.0,low,0
17513,medium,0,low,0,low,0,low,0,low,0,low,0,low,0,low,0,low,0,low,0,0,0,0.0,low,0
19513,low,0,low,0,low,0,low,0,low,0,low,0,low,0,low,0,high,1,low,0,0,0,0.0,low,0
15514,medium,0,low,0,low,0,low,0,low,0,low,0,low,0,low,0,low,0,low,0,0,0,0.0,low,0
19517,low,0,high,1,low,0,low,0,medium,0,low,0,high,1,medium,0,low,0,high,1,0,0,0.0,high,1
41518,low,0,low,0,low,0,high,1,low,0,low,0,high,1,low,0,low,0,low,0,0,0,0.0,low,0
20517,medium,0,low,0,low,0,low,0,low,0,low,0,low,0,low,0,low,0,low,0,0,0,0.0,low,0
25518,low,0,low,0,low,0,high,1,low,0,low,0,low,0,low,0,low,0,low,0,0,0,0.0,low,0
15516,low,0,low,0,low,0,low,0,low,0,low,0,low,0,low,0,low,0,low,0,0,0,0.0,low,0
15518,medium,0,medium,0,low,0,low,0,high,1,low,0,low,0,high,1,low,0,low,0,0,0,0.0,low,0
41524,low,0,low,0,low,0,low,0,low,0,low,0,low,0,low,0,low,0,low,0,0,0,0.0,low,0
17524,low,0,low,0,low,0,low,0,low,0,low,0,low,0,low,0,low,0,low,0,0,0,0.0,low,0
41530,low,0,low,0,low,0,low,0,low,0,low,0,low,0,low,0,low,0,low,0,0,0,0.0,low,0
68522,low,0,low,0,low,0,high,1,low,0,low,0,low,0,low,0,low,0,low,0,0,0,0.0,low,0
08520,low,0,low,0,low,0,medium,0,low,0,low,0,low,0,low,0,low,0,low,0,0,0,0.0,low,0
68524,low,0,low,0,low,0,low,0,low,0,low,0,low,0,low,0,low,0,low,0,0,0,0.0,low,0
76520,high,1,low,0,high,1,low,0,medium,0,low,0,low,0,high,1,low,0,low,0,0,0,0.0,low,0
70523,medium,0,low,0,high,1,low,0,low,0,low,0,low,0,low,0,low,0,low,0,0,0,0.0,low,0
73520,low,0,low,0,low,0,low,0,low,0,low,0,low,0,low,0,low,0,low,0,0,0,0.0,low,0
54518,low,0,low,0,low,0,low,0,low,0,low,0,medium,0,low,0,low,0,low,0,0,0,0.0,low,0
54520,high,1,low,0,low,0,high,1,low,0,low,0,low,0,low,0,low,0,low,0,0,0,0.0,low,0
94887,medium,0,low,0,low,0,extreme,1,low,0,low,0,low,0,low,0,low,0,low,0,0,0,0.0,low,0
25524,low,0,low,0,low,0,low,0,low,0,low,0,low,0,low,0,low,0,low,0,0,0,0.0,low,0
15522,low,0,low,0,low,0,low,0,low,0,low,0,low,0,low,0,low,0,low,0,0,0,0.0,low,0
97777,low,0,low,0,low,0,extreme,1,low,0,low,0,medium,0,low,0,low,0,low,0,0,0,0.0,low,0
68533,medium,0,low,0,low,0,high,1,low,0,low,0,low,0,low,0,low,0,low,0,0,0,0.0,low,0
25530,low,0,low,0,low,0,low,0,low,0,low,0,low,0,low,0,low,0,low,0,0,0,0.0,low,0
25535,medium,0,low,0,low,0,low,0,low,0,low,0,low,0,low,0,low,0,low,0,0,0,0.0,low,0
52001,medium,0,low,0,low,0,low,0,low,0,medium,0,low,0,low,0,low,0,low,0,0,0,0.0,low,0
19532,medium,0,low,0,extreme,1,low,0,extreme,1,high,1,high,1,low,0,low,0,low,0,0,0,0.0,low,0
15531,low,0,low,0,low,0,low,0,low,0,low,0,low,0,low,0,low,0,low,0,0,0,0.0,low,0
15533,low,0,high,1,low,0,low,0,high,1,low,0,high,1,high,1,low,0,low,0,0,0,0.0,low,0
85250,extreme,1,low,0,low,0,low,0,low,0,low,0,low,0,low,0,low,0,low,0,0,0,0.0,low,0
15537,low,0,low,0,low,0,low,0,low,0,low,0,low,0,low,0,low,0,low,0,0,0,0.0,low,0
47541,medium,0,low,0,low,0,high,1,low,0,low,0,low,0,low,0,low,0,low,0,0,0,0.0,low,0
20550,high,1,extreme,1,low,0,low,0,low,0,low,0,low,0,low,0,low,0,low,0,0,0,0.0,low,0
17541,extreme,1,extreme,1,low,0,high,1,low,0,low,0,low,0,low,0,low,0,low,0,0,0,0.0,low,0
05541,low,0,low,0,medium,0,low,0,low,0,low,0,low,0,low,0,low,0,low,0,0,0,0.0,low,0
05543,high,1,low,0,low,0,low,0,high,1,medium,0,high,1,medium,0,extreme,1,high,1,0,0,0.0,high,1
66001,high,1,low,0,high,1,low,0,medium,0,extreme,1,high,1,high,1,low,0,high,1,0,0,0.0,high,1
15542,low,0,low,0,low,0,low,0,low,0,low,0,low,0,low,0,low,0,low,0,0,0,0.0,low,0
19533,high,1,high,1,extreme,1,extreme,1,high,1,high,1,high,1,low,0,high,1,low,0,0,0,0.0,low,0
68547,medium,0,low,0,low,0,low,0,low,0,low,0,low,0,low,0,low,0,low,0,0,0,0.0,low,0
73547,low,0,low,0,low,0,low,0,low,0,low,0,low,0,low,0,low,0,low,0,0,0,0.0,low,0
19548,low,0,low,0,low,0,low,0,low,0,medium,0,low,0,medium,0,low,0,low,0,0,0,0.0,low,0
63548,medium,0,low,0,low,0,low,0,low,0,low,0,low,0,low,0,low,0,low,0,0,0,0.0,low,0
47545,low,0,low,0,low,0,low,0,low,0,low,0,low,0,low,0,low,0,low,0,0,0,0.0,low,0
68549,low,0,low,0,low,0,low,0,low,0,low,0,low,0,low,0,low,0,low,0,0,0,0.0,low,0
13549,medium,0,low,0,low,0,extreme,1,low,0,low,0,low,0,low,0,low,0,low,0,0,0,0.0,low,0
08549,low,0,low,0,low,0,high,1,low,0,low,0,low,0,low,0,low,0,low,0,0,0,0.0,low,0
15550,medium,0,low,0,low,0,extreme,1,high,1,low,0,high,1,medium,0,low,0,low,0,0,0,0.0,low,0
41548,low,0,low,0,low,0,low,0,low,0,low,0,low,0,low,0,low,0,low,0,0,0,0.0,low,0
41551,low,0,low,0,high,1,low,0,low,0,low,0,low,0,low,0,low,0,low,0,0,0,0.0,low,0
47551,low,0,low,0,low,0,high,1,low,0,low,0,extreme,1,low,0,low,0,low,0,0,0,0.0,low,0
73555,low,0,extreme,1,low,0,low,0,low,0,extreme,1,low,0,low,0,medium,0,low,0,0,0,0.0,low,0
23555,low,0,low,0,low,0,low,0,low,0,low,0,low,0,low,0,low,0,low,0,0,0,0.0,low,0
47555,low,0,low,0,low,0,low,0,low,0,low,0,low,0,high,1,low,0,high,1,0,0,0.0,high,1
52540,extreme,1,extreme,1,low,0,high,1,extreme,1,extreme,1,high,1,high,1,low,0,extreme,1,0,0,0.0,extreme,1
08558,low,0,low,0,low,0,medium,0,low,0,low,0,low,0,low,0,low,0,low,0,0,0,0.0,low,0
08560,low,0,low,0,low,0,medium,0,low,0,low,0,low,0,low,0,low,0,low,0,0,0,0.0,low,0
19001,low,0,low,0,high,1,low,0,extreme,1,high,1,extreme,1,high,1,low,0,high,1,0,0,0.0,high,1
85263,medium,0,low,0,low,0,low,0,low,0,low,0,low,0,low,0,low,0,low,0,0,0,0.0,low,0
52560,low,0,low,0,medium,0,high,1,low,0,low,0,low,0,low,0,low,0,low,0,0,0,0.0,low,0
76563,high,1,low,0,low,0,low,0,low,0,medium,0,low,0,low,0,low,0,low,0,0,0,0.0,low,0
73563,high,1,low,0,medium,0,low,0,low,0,low,0,low,0,low,0,low,0,low,0,0,0,0.0,low,0
52565,low,0,low,0,medium,0,high,1,low,0,medium,0,medium,0,low,0,low,0,low,0,0,0,0.0,low,0
88564,low,0,low,0,low,0,low,0,low,0,low,0,low,0,low,0,low,0,low,0,0,0,0.0,low,0
20570,medium,0,low,0,medium,0,low,0,medium,0,low,0,low,0,medium,0,low,0,low,0,0,0,0.0,low,0
23570,low,0,low,0,low,0,high,1,low,0,low,0,low,0,low,0,low,0,low,0,0,0,0.0,low,0
66572,high,1,extreme,1,low,0,extreme,1,low,0,high,1,extreme,1,high,1,low,0,high,1,0,0,0.0,high,1
47570,low,0,low,0,high,1,high,1,low,0,low,0,low,0,medium,0,low,0,low,0,0,0,0.0,low,0
05576,low,0,low,0,low,0,low,0,low,0,low,0,low,0,low,0,low,0,low,0,0,0,0.0,low,0
68572,low,0,low,0,low,0,low,0,low,0,low,0,low,0,low,0,low,0,low,0,0,0,0.0,low,0
52573,low,0,extreme,1,medium,0,low,0,high,1,low,0,low,0,low,0,low,0,low,0,0,0,0.0,low,0
91530,low,0,low,0,low,0,extreme,1,low,0,low,0,low,0,low,0,low,0,low,0,0,0,0.0,low,0
91536,low,0,low,0,low,0,extreme,1,low,0,low,0,low,0,low,0,low,0,low,0,0,0,0.0,low,0
86568,high,1,low,0,extreme,1,low,0,extreme,1,extreme,1,high,1,low,0,extreme,1,high,1,0,0,0.0,high,1
05579,low,0,extreme,1,high,1,high,1,low,0,high,1,high,1,low,0,low,0,medium,0,0,0,0.0,medium,0
15572,medium,0,low,0,low,0,low,0,low,0,low,0,low,0,low,0,high,1,low,0,0,0,0.0,low,0
86569,high,1,low,0,low,0,low,0,low,0,medium,0,low,0,low,0,high,1,low,0,0,0,0.0,low,0
99001,low,0,low,0,low,0,low,0,low,0,low,0,low,0,low,0,low,0,low,0,0,0,0.0,low,0
08573,high,1,low,0,low,0,low,0,low,0,low,0,low,0,low,0,medium,0,low,0,0,0,0.0,low,0
94884,high,1,low,0,low,0,extreme,1,low,0,high,1,low,0,low,0,low,0,medium,0,0,0,0.0,medium,0
50450,extreme,1,low,0,medium,0,extreme,1,low,0,medium,0,high,1,low,0,high,1,low,0,0,0,0.0,low,0
23574,high,1,medium,0,low,0,low,0,low,0,low,0,high,1,medium,0,low,0,low,0,0,0,0.0,low,0
50568,high,1,medium,0,high,1,medium,0,low,0,medium,0,medium,0,low,0,extreme,1,extreme,1,0,0,0.0,extreme,1
86571,extreme,1,extreme,1,extreme,1,high,1,high,1,medium,0,high,1,low,0,low,0,extreme,1,0,0,0.0,extreme,1
23580,high,1,extreme,1,low,0,medium,0,low,0,extreme,1,high,1,low,0,extreme,1,low,0,0,0,0.0,low,0
50577,extreme,1,medium,0,high,1,medium,0,high,1,medium,0,low,0,low,0,low,0,low,0,0,0,0.0,low,0
50573,high,1,low,0,low,0,low,0,low,0,medium,0,high,1,low,0,low,0,low,0,0,0,0.0,low,0
05585,low,0,low,0,low,0,low,0,low,0,low,0,low,0,low,0,low,0,low,0,0,0,0.0,low,0
91540,low,0,low,0,low,0,high,1,low,0,low,0,low,0,low,0,low,0,low,0,0,0,0.0,low,0
68573,medium,0,low,0,low,0,low,0,low,0,low,0,low,0,low,0,low,0,low,0,0,0,0.0,low,0
18592,high,1,extreme,1,extreme,1,high,1,high,1,high,1,high,1,low,0,low,0,low,0,0,0,0.0,low,0
50590,extreme,1,medium,0,extreme,1,low,0,low,0,medium,0,medium,0,low,0,extreme,1,low,0,0,0,0.0,low,0
81591,medium,0,medium,0,low,0,high,1,medium,0,low,0,high,1,low,0,high,1,extreme,1,0,0,0.0,extreme,1
25572,low,0,low,0,low,0,low,0,low,0,low,0,low,0,low,0,low,0,low,0,0,0,0.0,low,0
54553,low,0,low,0,low,0,low,0,low,0,low,0,high,1,high,1,high,1,extreme,1,0,0,0.0,extreme,1
91669,low,0,low,0,low,0,high,1,low,0,low,0,low,0,low,0,low,0,low,0,0,0,0.0,low,0
19573,low,0,low,0,low,0,low,0,medium,0,low,0,high,1,low,0,high,1,high,1,0,0,0.0,high,1
05591,low,0,low,0,low,0,low,0,low,0,low,0,low,0,low,0,low,0,low,0,0,0,0.0,low,0
68575,high,1,low,0,low,0,low,0,low,0,medium,0,low,0,low,0,low,0,low,0,0,0,0.0,low,0
25580,low,0,low,0,medium,0,low,0,low,0,low,0,low,0,low,0,low,0,low,0,0,0,0.0,low,0
52585,low,0,low,0,low,0,low,0,low,0,low,0,low,0,low,0,low,0,low,0,0,0,0.0,low,0
19585,medium,0,low,0,low,0,low,0,low,0,low,0,low,0,low,0,low,0,low,0,0,0,0.0,low,0
73585,low,0,low,0,low,0,low,0,low,0,low,0,low,0,low,0,low,0,low,0,0,0,0.0,low,0
23586,low,0,low,0,low,0,high,1,low,0,low,0,low,0,low,0,low,0,low,0,0,0,0.0,low,0
25592,medium,0,low,0,low,0,low,0,low,0,low,0,low,0,low,0,low,0,low,0,0,0,0.0,low,0
25594,low,0,low,0,low,0,extreme,1,low,0,low,0,low,0,low,0,low,0,low,0,0,0,0.0,low,0
27001,medium,0,low,0,high,1,low,0,extreme,1,extreme,1,low,0,extreme,1,extreme,1,extreme,1,0,0,0.0,extreme,1
63594,low,0,low,0,low,0,low,0,low,0,low,0,low,0,low,0,low,0,low,0,0,0,0.0,low,0
66594,medium,0,low,0,low,0,low,0,low,0,low,0,low,0,low,0,low,0,low,0,0,0,0.0,low,0
15580,low,0,low,0,low,0,low,0,low,0,low,0,low,0,low,0,low,0,low,0,0,0,0.0,low,0
25596,medium,0,low,0,low,0,low,0,low,0,low,0,low,0,low,0,low,0,low,0,0,0,0.0,low,0
54599,low,0,low,0,low,0,low,0,low,0,low,0,low,0,low,0,low,0,low,0,0,0,0.0,low,0
15599,low,0,low,0,low,0,low,0,low,0,low,0,low,0,low,0,low,0,low,0,0,0,0.0,low,0
15600,low,0,low,0,low,0,low,0,low,0,low,0,low,0,low,0,low,0,low,0,0,0,0.0,low,0
85279,medium,0,low,0,low,0,medium,0,high,1,medium,0,low,0,low,0,low,0,low,0,0,0,0.0,low,0
13580,extreme,1,low,0,low,0,high,1,low,0,low,0,low,0,low,0,low,0,low,0,0,0,0.0,low,0
05604,low,0,extreme,1,low,0,high,1,low,0,extreme,1,extreme,1,high,1,extreme,1,extreme,1,0,0,0.0,extreme,1
47605,extreme,1,low,0,low,0,high,1,high,1,low,0,low,0,low,0,low,0,low,0,0,0,0.0,low,0
08606,low,0,low,0,low,0,low,0,low,0,low,0,low,0,low,0,low,0,low,0,0,0,0.0,low,0
50606,extreme,1,low,0,low,0,low,0,low,0,low,0,low,0,low,0,low,0,low,0,0,0,0.0,low,0
76606,low,0,low,0,low,0,low,0,low,0,low,0,low,0,low,0,low,0,low,0,0,0,0.0,low,0
05607,low,0,low,0,low,0,low,0,low,0,low,0,low,0,low,0,low,0,low,0,0,0,0.0,low,0
25612,low,0,low,0,low,0,low,0,low,0,low,0,low,0,low,0,low,0,low,0,0,0,0.0,low,0
52612,high,1,high,1,high,1,extreme,1,extreme,1,medium,0,extreme,1,extreme,1,high,1,extreme,1,0,0,0.0,extreme,1
73616,high,1,medium,0,medium,0,high,1,medium,0,medium,0,low,0,high,1,low,0,low,0,0,0,0.0,low,0
20614,low,0,low,0,low,0,low,0,low,0,low,0,low,0,low,0,low,0,low,0,0,0,0.0,low,0
27580,low,0,extreme,1,extreme,1,low,0,high,1,high,1,low,0,low,0,low,0,extreme,1,0,0,0.0,extreme,1
27600,low,0,low,0,low,0,low,0,high,1,high,1,low,0,medium,0,medium,0,high,1,0,0,0.0,high,1
13600,low,0,low,0,low,0,low,0,low,0,medium,0,medium,0,low,0,high,1,high,1,0,0,0.0,high,1
76616,low,0,low,0,low,0,low,0,low,0,low,0,low,0,low,0,low,0,low,0,0,0,0.0,low,0
44001,low,0,low,0,low,0,low,0,low,0,high,1,low,0,low,0,low,0,low,0,0,0,0.0,low,0
05615,low,0,low,0,low,0,low,0,low,0,low,0,low,0,low,0,low,0,low,0,0,0,0.0,low,0
68615,medium,0,low,0,medium,0,low,0,low,0,medium,0,low,0,low,0,low,0,low,0,0,0,0.0,low,0
17614,high,1,low,0,low,0,low,0,high,1,medium,0,low,0,medium,0,low,0,low,0,0,0,0.0,low,0
27615,high,1,low,0,extreme,1,low,0,high,1,extreme,1,low,0,extreme,1,high,1,extreme,1,0,0,0.0,extreme,1
17616,low,0,low,0,low,0,low,0,low,0,low,0,low,0,low,0,low,0,low,0,0,0,0.0,low,0
41615,high,1,medium,0,low,0,low,0,low,0,low,0,low,0,low,0,low,0,low,0,0,0,0.0,low,0
52621,low,0,extreme,1,extreme,1,low,0,high,1,medium,0,medium,0,low,0,low,0,low,0,0,0,0.0,low,0
76622,low,0,low,0,low,0,low,0,low,0,medium,0,low,0,low,0,low,0,low,0,0,0,0.0,low,0
73622,low,0,extreme,1,low,0,low,0,low,0,medium,0,low,0,low,0,low,0,low,0,0,0,0.0,low,0
15621,low,0,low,0,low,0,low,0,low,0,low,0,low,0,low,0,low,0,low,0,0,0,0.0,low,0
19622,low,0,low,0,low,0,low,0,low,0,high,1,low,0,low,0,low,0,low,0,0,0,0.0,low,0
73624,medium,0,low,0,medium,0,low,0,high,1,medium,0,low,0,low,0,low,0,low,0,0,0,0.0,low,0
68655,high,1,low,0,low,0,low,0,low,0,high,1,low,0,low,0,low,0,low,0,0,0,0.0,low,0
08634,low,0,high,1,low,0,low,0,low,0,low,0,low,0,low,0,low,0,low,0,0,0,0.0,low,0
05628,low,0,low,0,low,0,low,0,low,0,low,0,medium,0,medium,0,high,1,low,0,0,0,0.0,low,0
08638,low,0,low,0,low,0,low,0,low,0,low,0,low,0,low,0,medium,0,low,0,0,0,0.0,low,0
85300,high,1,low,0,low,0,medium,0,low,0,low,0,low,0,low,0,low,0,low,0,0,0,0.0,low,0
47660,high,1,high,1,low,0,low,0,low,0,low,0,low,0,low,0,low,0,low,0,0,0,0.0,low,0
05631,low,0,low,0,low,0,low,0,low,0,low,0,low,0,low,0,low,0,low,0,0,0,0.0,low,0
15632,low,0,low,0,low,0,low,0,low,0,low,0,low,0,low,0,low,0,low,0,0,0,0.0,low,0
85315,medium,0,low,0,low,0,low,0,high,1,low,0,medium,0,low,0,low,0,high,1,0,0,0.0,high,1
15638,low,0,low,0,low,0,low,0,low,0,low,0,low,0,low,0,low,0,low,0,0,0,0.0,low,0
23660,low,0,high,1,low,0,low,0,low,0,low,0,low,0,low,0,high,1,low,0,0,0,0.0,low,0
41660,high,1,medium,0,medium,0,low,0,medium,0,low,0,low,0,low,0,low,0,low,0,0,0,0.0,low,0
17653,low,0,medium,0,low,0,low,0,high,1,low,0,low,0,low,0,low,0,low,0,0,0,0.0,low,0
47675,low,0,low,0,low,0,low,0,low,0,low,0,low,0,low,0,low,0,low,0,0,0,0.0,low,0
54660,low,0,low,0,low,0,low,0,low,0,low,0,low,0,low,0,low,0,low,0,0,0,0.0,low,0
73671,low,0,low,0,low,0,low,0,low,0,low,0,low,0,low,0,low,0,low,0,0,0,0.0,low,0
63690,low,0,low,0,low,0,low,0,low,0,low,0,low,0,low,0,low,0,low,0,0,0,0.0,low,0
05642,low,0,high,1,low,0,medium,0,low,0,low,0,low,0,low,0,high,1,medium,0,0,0,0.0,medium,0
15646,low,0,low,0,low,0,low,0,low,0,low,0,low,0,low,0,low,0,low,0,0,0,0.0,low,0
17662,extreme,1,extreme,1,high,1,extreme,1,low,0,low,0,low,0,low,0,low,0,low,0,0,0,0.0,low,0
52678,medium,0,low,0,low,0,low,0,low,0,high,1,high,1,low,0,low,0,low,0,0,0,0.0,low,0
70670,low,0,low,0,medium,0,medium,0,low,0,low,0,low,0,low,0,low,0,low,0,0,0,0.0,low,0
41668,low,0,low,0,low,0,low,0,low,0,low,0,low,0,low,0,low,0,low,0,0,0,0.0,low,0
20710,medium,0,low,0,low,0,low,0,low,0,low,0,low,0,low,0,low,0,low,0,0,0,0.0,low,0
68669,low,0,low,0,low,0,low,0,low,0,low,0,low,0,low,0,low,0,low,0,0,0,0.0,low,0
88001,low,0,low,0,low,0,low,0,high,1,medium,0,low,0,low,0,low,0,low,0,0,0,0.0,low,0
05647,medium,0,high,1,high,1,high,1,high,1,low,0,extreme,1,high,1,high,1,high,1,0,0,0.0,high,1
52835,high,1,low,0,extreme,1,low,0,extreme,1,extreme,1,extreme,1,low,0,low,0,extreme,1,0,0,0.0,extreme,1
23670,medium,0,high,1,low,0,extreme,1,low,0,low,0,extreme,1,low,0,low,0,low,0,0,0,0.0,low,0
23672,low,0,medium,0,low,0,low,0,low,0,low,0,low,0,low,0,low,0,low,0,0,0,0.0,low,0
73675,medium,0,high,1,high,1,high,1,high,1,medium,0,high,1,low,0,low,0,low,0,0,0,0.0,low,0
25645,medium,0,low,0,low,0,low,0,low,0,low,0,low,0,low,0,low,0,low,0,0,0,0.0,low,0
68673,low,0,low,0,low,0,low,0,low,0,low,0,low,0,low,0,low,0,low,0,0,0,0.0,low,0
70678,low,0,medium,0,low,0,low,0,low,0,low,0,low,0,low,0,medium,0,medium,0,0,0,0.0,medium,0
25649,low,0,low,0,low,0,low,0,low,0,low,0,low,0,low,0,low,0,low,0,0,0,0.0,low,0
52685,low,0,low,0,low,0,medium,0,low,0,low,0,low,0,low,0,high,1,low,0,0,0,0.0,low,0
23675,low,0,low,0,low,0,low,0,low,0,low,0,low,0,low,0,low,0,low,0,0,0,0.0,low,0
54670,extreme,1,medium,0,extreme,1,high,1,extreme,1,high,1,high,1,low,0,extreme,1,extreme,1,0,0,0.0,extreme,1
05649,medium,0,extreme,1,high,1,high,1,low,0,medium,0,high,1,low,0,low,0,low,0,0,0,0.0,low,0
23678,low,0,low,0,low,0,low,0,low,0,low,0,low,0,low,0,low,0,medium,0,0,0,0.0,medium,0
50680,extreme,1,low,0,low,0,low,0,high,1,low,0,low,0,low,0,low,0,low,0,0,0,0.0,low,0
25653,low,0,low,0,low,0,low,0,low,0,low,0,low,0,low,0,low,0,low,0,0,0,0.0,low,0
54673,low,0,low,0,low,0,low,0,low,0,low,0,low,0,low,0,low,0,high,1,0,0,0.0,high,1
13620,low,0,low,0,low,0,low,0,low,0,low,0,low,0,low,0,low,0,low,0,0,0,0.0,low,0
20750,low,0,low,0,low,0,low,0,low,0,low,0,low,0,low,0,low,0,low,0,0,0,0.0,low,0
15660,low,0,low,0,low,0,low,0,low,0,low,0,low,0,low,0,low,0,low,0,0,0,0.0,low,0
13647,medium,0,low,0,low,0,low,0,low,0,low,0,low,0,low,0,low,0,low,0,0,0,0.0,low,0
94883,low,0,low,0,low,0,high,1,low,0,low,0,low,0,low,0,low,0,low,0,0,0,0.0,low,0
13650,low,0,low,0,low,0,high,1,low,0,low,0,low,0,low,0,low,0,extreme,1,0,0,0.0,extreme,1
05652,medium,0,medium,0,extreme,1,extreme,1,low,0,low,0,low,0,low,0,high,1,low,0,0,0,0.0,low,0
25658,low,0,low,0,low,0,low,0,low,0,low,0,low,0,low,0,low,0,low,0,0,0,0.0,low,0
86755,low,0,low,0,low,0,low,0,low,0,low,0,low,0,low,0,low,0,low,0,0,0,0.0,low,0
68679,low,0,low,0,low,0,low,0,low,0,low,0,low,0,low,0,low,0,low,0,0,0,0.0,low,0
13654,medium,0,low,0,low,0,low,0,low,0,low,0,low,0,low,0,high,1,low,0,0,0,0.0,low,0
13655,high,1,low,0,low,0,low,0,low,0,low,0,low,0,extreme,1,low,0,low,0,0,0,0.0,low,0
05656,low,0,low,0,low,0,low,0,low,0,low,0,low,0,low,0,low,0,low,0,0,0,0.0,low,0
68682,low,0,low,0,low,0,low,0,low,0,low,0,low,0,low,0,low,0,low,0,0,0,0.0,low,0
17665,low,0,low,0,low,0,low,0,low,0,low,0,low,0,low,0,low,0,low,0,0,0,0.0,low,0
05658,low,0,low,0,low,0,low,0,low,0,low,0,low,0,low,0,low,0,low,0,0,0,0.0,low,0
68684,low,0,low,0,low,0,low,0,low,0,low,0,low,0,low,0,low,0,low,0,0,0,0.0,low,0
15664,low,0,low,0,low,0,medium,0,low,0,low,0,low,0,low,0,low,0,low,0,0,0,0.0,low,0
23682,low,0,low,0,low,0,low,0,high,1,high,1,low,0,extreme,1,low,0,medium,0,0,0,0.0,medium,0
18610,extreme,1,low,0,high,1,low,0,low,0,high,1,low,0,low,0,low,0,low,0,0,0,0.0,low,0
95001,high,1,low,0,low,0,low,0,extreme,1,extreme,1,extreme,1,high,1,low,0,extreme,1,0,0,0.0,extreme,1
27660,extreme,1,low,0,extreme,1,low,0,extreme,1,medium,0,extreme,1,low,0,medium,0,low,0,0,0,0.0,low,0
50683,low,0,extreme,1,extreme,1,medium,0,low,0,medium,0,low,0,low,0,low,0,low,0,0,0,0.0,low,0
70702,medium,0,low,0,low,0,high,1,low,0,low,0,low,0,low,0,low,0,low,0,0,0,0.0,low,0
25662,low,0,low,0,low,0,low,0,low,0,low,0,low,0,low,0,low,0,low,0,0,0,0.0,low,0
05659,high,1,low,0,low,0,low,0,low,0,low,0,low,0,low,0,low,0,low,0,0,0,0.0,low,0
44650,medium,0,low,0,medium,0,low,0,low,0,low,0,low,0,low,0,low,0,low,0,0,0,0.0,low,0
13657,medium,0,medium,0,low,0,low,0,medium,0,low,0,low,0,low,0,low,0,low,0,0,0,0.0,low,0
50686,high,1,low,0,high,1,low,0,high,1,low,0,low,0,low,0,low,0,low,0,0,0,0.0,low,0
52687,low,0,low,0,low,0,high,1,low,0,low,0,low,0,low,0,low,0,low,0,0,0,0.0,low,0
05660,medium,0,low,0,high,1,high,1,high,1,low,0,low,0,low,0,low,0,low,0,0,0,0.0,low,0
73678,low,0,low,0,low,0,low,0,low,0,low,0,low,0,low,0,low,0,low,0,0,0,0.0,low,0
15667,low,0,low,0,low,0,low,0,low,0,low,0,low,0,low,0,low,0,low,0,0,0,0.0,low,0
85325,high,1,low,0,low,0,low,0,low,0,medium,0,low,0,low,0,low,0,low,0,0,0,0.0,low,0
70742,low,0,low,0,low,0,high,1,low,0,low,0,low,0,low,0,low,0,low,0,0,0,0.0,low,0
70708,low,0,low,0,low,0,low,0,low,0,low,0,low,0,low,0,low,0,low,0,0,0,0.0,low,0
20770,low,0,extreme,1,low,0,low,0,low,0,low,0,low,0,low,0,low,0,low,0,0,0,0.0,low,0
50689,extreme,1,low,0,low,0,low,0,low,0,low,0,low,0,low,0,low,0,low,0,0,0,0.0,low,0
13667,high,1,low,0,low,0,low,0,low,0,low,0,low,0,low,0,low,0,low,0,0,0,0.0,low,0
15673,low,0,low,0,low,0,low,0,low,0,low,0,low,0,low,0,low,0,low,0,0,0,0.0,low,0
68686,low,0,low,0,low,0,low,0,low,0,low,0,low,0,low,0,low,0,low,0,0,0,0.0,low,0
86757,extreme,1,low,0,extreme,1,high,1,low,0,medium,0,high,1,low,0,high,1,low,0,0,0,0.0,low,0
15676,low,0,low,0,low,0,low,0,low,0,low,0,low,0,low,0,low,0,low,0,0,0,0.0,low,0
70713,high,1,extreme,1,extreme,1,low,0,low,0,medium,0,high,1,medium,0,low,0,high,1,0,0,0.0,high,1
52693,low,0,medium,0,low,0,low,0,low,0,medium,0,low,0,low,0,low,0,low,0,0,0,0.0,low,0
13670,high,1,low,0,high,1,low,0,low,0,extreme,1,high,1,medium,0,high,1,extreme,1,0,0,0.0,extreme,1
15681,low,0,low,0,low,0,low,0,low,0,low,0,low,0,low,0,low,0,low,0,0,0,0.0,low,0
05664,low,0,low,0,low,0,low,0,low,0,low,0,low,0,low,0,low,0,low,0,0,0,0.0,low,0
70717,medium,0,medium,0,low,0,low,0,low,0,low,0,low,0,low,0,high,1,low,0,0,0,0.0,low,0
76670,low,0,medium,0,low,0,low,0,medium,0,low,0,low,0,low,0,low,0,low,0,0,0,0.0,low,0
52694,low,0,low,0,low,0,low,0,low,0,low,0,low,0,low,0,low,0,low,0,0,0,0.0,low,0
05665,low,0,high,1,medium,0,low,0,low,0,medium,0,low,0,low,0,low,0,low,0,0,0,0.0,low,0
23686,low,0,low,0,low,0,high,1,low,0,low,0,low,0,low,0,low,0,medium,0,0,0,0.0,medium,0
05667,low,0,low,0,low,0,low,0,low,0,low,0,medium,0,low,0,low,0,low,0,0,0,0.0,low,0
05670,low,0,extreme,1,low,0,low,0,low,0,low,0,low,0,low,0,low,0,low,0,0,0,0.0,low,0
19693,extreme,1,low,0,low,0,extreme,1,extreme,1,medium,0,high,1,low,0,low,0,low,0,0,0,0.0,low,0
47692,low,0,low,0,low,0,low,0,low,0,low,0,low,0,low,0,low,0,low,0,0,0,0.0,low,0
05674,low,0,low,0,low,0,low,0,low,0,low,0,low,0,low,0,low,0,low,0,0,0,0.0,low,0
68689,low,0,low,0,low,0,low,0,low,0,low,0,low,0,low,0,low,0,low,0,0,0,0.0,low,0
18753,extreme,1,extreme,1,extreme,1,high,1,extreme,1,extreme,1,high,1,extreme,1,high,1,extreme,1,0,0,0.0,extreme,1
47703,low,0,low,0,low,0,low,0,low,0,low,0,low,0,low,0,low,0,low,0,0,0,0.0,low,0
52683,low,0,low,0,low,0,low,0,low,0,low,0,low,0,low,0,low,0,low,0,0,0,0.0,low,0
47707,low,0,low,0,low,0,low,0,low,0,low,0,low,0,low,0,low,0,low,0,0,0,0.0,low,0
05679,low,0,high,1,low,0,medium,0,low,0,low,0,low,0,low,0,low,0,low,0,0,0,0.0,low,0
52696,low,0,low,0,low,0,high,1,low,0,high,1,high,1,medium,0,low,0,extreme,1,0,0,0.0,extreme,1
68705,low,0,low,0,low,0,low,0,low,0,low,0,low,0,low,0,low,0,low,0,0,0,0.0,low,0
47720,low,0,low,0,high,1,high,1,low,0,low,0,low,0,low,0,low,0,low,0,0,0,0.0,low,0
13673,low,0,low,0,low,0,low,0,low,0,low,0,low,0,low,0,low,0,low,0,0,0,0.0,low,0
15757,low,0,low,0,low,0,low,0,low,0,low,0,low,0,low,0,low,0,low,0,0,0,0.0,low,0
68720,medium,0,low,0,low,0,low,0,low,0,low,0,low,0,low,0,low,0,low,0,0,0,0.0,low,0
73686,high,1,low,0,low,0,low,0,low,0,low,0,low,0,low,0,low,0,low,0,0,0,0.0,low,0
08675,medium,0,medium,0,low,0,high,1,low,0,low,0,low,0,low,0,low,0,low,0,0,0,0.0,low,0
15690,low,0,low,0,low,0,low,0,low,0,low,0,low,0,low,0,low,0,low,0,0,0,0.0,low,0
41676,medium,0,low,0,medium,0,low,0,low,0,low,0,low,0,low,0,low,0,low,0,0,0,0.0,low,0
47001,high,1,low,0,high,1,low,0,low,0,high,1,extreme,1,high,1,low,0,low,0,0,0,0.0,low,0
13683,low,0,low,0,low,0,low,0,low,0,low,0,low,0,low,0,low,0,medium,0,0,0,0.0,medium,0
19701,high,1,low,0,low,0,high,1,medium,0,low,0,low,0,low,0,low,0,low,0,0,0,0.0,low,0
66682,medium,0,low,0,low,0,low,0,low,0,low,0,low,0,low,0,low,0,low,0,0,0,0.0,low,0
05686,low,0,low,0,low,0,medium,0,medium,0,low,0,low,0,low,0,low,0,low,0,0,0,0.0,low,0
15693,low,0,low,0,low,0,low,0,low,0,low,0,low,0,low,0,low,0,low,0,0,0,0.0,low,0
13688,high,1,low,0,medium,0,low,0,low,0,high,1,high,1,low,0,low,0,low,0,0,0,0.0,low,0
99624,low,0,low,0,low,0,extreme,1,low,0,low,0,low,0,low,0,low,0,low,0,0,0,0.0,low,0
15696,low,0,low,0,low,0,low,0,low,0,low,0,low,0,low,0,low,0,low,0,0,0,0.0,low,0
52699,low,0,low,0,medium,0,low,0,high,1,medium,0,extreme,1,low,0,low,0,low,0,0,0,0.0,low,0
05042,low,0,medium,0,high,1,medium,0,low,0,low,0,low,0,medium,0,low,0,low,0,0,0,0.0,low,0
15686,low,0,low,0,low,0,low,0,low,0,low,0,low,0,low,0,low,0,low,0,0,0,0.0,low,0
19698,medium,0,low,0,low,0,low,0,low,0,extreme,1,low,0,low,0,extreme,1,extreme,1,0,0,0.0,extreme,1
54680,low,0,low,0,low,0,high,1,low,0,low,0,low,0,low,0,low,0,low,0,0,0,0.0,low,0
86760,low,0,low,0,low,0,low,0,low,0,low,0,low,0,low,0,low,0,low,0,0,0,0.0,low,0
70820,low,0,low,0,low,0,low,0,low,0,low,0,low,0,low,0,low,0,low,0,0,0,0.0,low,0
05690,low,0,low,0,medium,0,low,0,low,0,low,0,low,0,low,0,low,0,high,1,0,0,0.0,high,1
08685,low,0,low,0,low,0,high,1,low,0,low,0,low,0,low,0,low,0,low,0,0,0,0.0,low,0
66687,medium,0,low,0,low,0,low,0,low,0,low,0,low,0,low,0,low,0,low,0,0,0,0.0,low,0
52720,low,0,low,0,low,0,low,0,low,0,low,0,low,0,low,0,low,0,low,0,0,0,0.0,low,0
81736,high,1,extreme,1,high,1,low,0,extreme,1,high,1,extreme,1,extreme,1,low,0,extreme,1,0,0,0.0,extreme,1
54720,high,1,medium,0,medium,0,low,0,low,0,medium,0,low,0,low,0,low,0,low,0,0,0,0.0,low,0
25718,low,0,low,0,low,0,low,0,low,0,low,0,low,0,low,0,low,0,low,0,0,0,0.0,low,0
15720,low,0,low,0,low,0,low,0,low,0,low,0,low,0,low,0,low,0,low,0,0,0,0.0,low,0
15723,low,0,low,0,low,0,low,0,low,0,low,0,low,0,low,0,low,0,low,0,0,0,0.0,low,0
05736,medium,0,medium,0,medium,0,low,0,low,0,extreme,1,extreme,1,extreme,1,extreme,1,low,0,0,0,0.0,low,0
25736,medium,0,low,0,low,0,low,0,low,0,low,0,medium,0,low,0,low,0,low,0,0,0,0.0,low,0
76736,high,1,low,0,extreme,1,low,0,low,0,low,0,low,0,low,0,low,0,low,0,0,0,0.0,low,0
15740,low,0,low,0,low,0,low,0,low,0,low,0,low,0,low,0,low,0,low,0,0,0,0.0,low,0
25740,low,0,low,0,low,0,low,0,low,0,low,0,low,0,low,0,low,0,low,0,0,0,0.0,low,0
86749,low,0,low,0,low,0,low,0,low,0,low,0,low,0,low,0,high,1,low,0,0,0,0.0,low,0
54743,low,0,low,0,low,0,low,0,low,0,low,0,low,0,low,0,low,0,low,0,0,0,0.0,low,0
25743,low,0,low,0,low,0,low,0,low,0,low,0,low,0,low,0,low,0,low,0,0,0,0.0,low,0
19743,low,0,low,0,low,0,low,0,low,0,low,0,high,1,low,0,low,0,low,0,0,0,0.0,low,0
68745,low,0,low,0,low,0,low,0,low,0,low,0,low,0,low,0,low,0,low,0,0,0,0.0,low,0
25745,low,0,low,0,low,0,low,0,low,0,low,0,low,0,low,0,low,0,low,0,0,0,0.0,low,0
13744,extreme,1,extreme,1,low,0,low,0,low,0,high,1,medium,0,low,0,low,0,low,0,0,0,0.0,low,0
70001,medium,0,high,1,low,0,low,0,low,0,high,1,low,0,high,1,high,1,low,0,0,0,0.0,low,0
27745,medium,0,low,0,medium,0,high,1,high,1,high,1,high,1,extreme,1,extreme,1,extreme,1,0,0,0.0,extreme,1
47745,low,0,low,0,low,0,low,0,extreme,1,medium,0,low,0,low,0,low,0,low,0,0,0,0.0,low,0
25754,low,0,low,0,high,1,medium,0,low,0,high,1,low,0,low,0,high,1,low,0,0,0,0.0,low,0
15753,low,0,low,0,low,0,low,0,low,0,low,0,low,0,low,0,low,0,low,0,0,0,0.0,low,0
68755,low,0,low,0,low,0,low,0,low,0,low,0,low,0,low,0,low,0,low,0,0,0,0.0,low,0
15755,low,0,low,0,low,0,low,0,low,0,low,0,low,0,low,0,low,0,low,0,0,0,0.0,low,0
15759,low,0,low,0,low,0,low,0,low,0,low,0,low,0,low,0,low,0,low,0,0,0,0.0,low,0
18756,extreme,1,medium,0,high,1,extreme,1,high,1,medium,0,low,0,low,0,extreme,1,low,0,0,0,0.0,low,0
08758,medium,0,low,0,medium,0,low,0,high,1,medium,0,high,1,low,0,low,0,extreme,1,0,0,0.0,extreme,1
18785,high,1,low,0,high,1,high,1,medium,0,low,0,low,0,low,0,low,0,low,0,0,0,0.0,low,0
15761,low,0,low,0,low,0,low,0,low,0,low,0,low,0,low,0,low,0,low,0,0,0,0.0,low,0
05756,high,1,medium,0,high,1,low,0,low,0,medium,0,medium,0,medium,0,low,0,low,0,0,0,0.0,low,0
05761,low,0,low,0,low,0,low,0,low,0,low,0,low,0,low,0,low,0,low,0,0,0,0.0,low,0
13760,low,0,low,0,low,0,low,0,low,0,low,0,low,0,low,0,low,0,low,0,0,0,0.0,low,0
25758,low,0,low,0,low,0,low,0,low,0,low,0,low,0,low,0,low,0,low,0,0,0,0.0,low,0
15762,low,0,low,0,low,0,low,0,low,0,low,0,low,0,low,0,low,0,low,0,0,0,0.0,low,0
15764,low,0,low,0,low,0,low,0,low,0,low,0,low,0,low,0,low,0,low,0,0,0,0.0,low,0
15763,low,0,low,0,low,0,low,0,low,0,low,0,low,0,low,0,low,0,low,0,0,0,0.0,low,0
19760,low,0,low,0,low,0,low,0,low,0,low,0,low,0,low,0,low,0,low,0,0,0,0.0,low,0
68770,low,0,low,0,low,0,low,0,low,0,low,0,low,0,low,0,low,0,low,0,0,0,0.0,low,0
08770,high,1,low,0,low,0,high,1,low,0,low,0,low,0,low,0,low,0,low,0,0,0,0.0,low,0
19780,low,0,low,0,medium,0,low,0,extreme,1,medium,0,low,0,extreme,1,low,0,extreme,1,0,0,0.0,extreme,1
73770,low,0,low,0,low,0,low,0,low,0,low,0,low,0,low,0,low,0,low,0,0,0,0.0,low,0
41770,low,0,medium,0,medium,0,low,0,low,0,low,0,low,0,low,0,low,0,low,0,0,0,0.0,low,0
25769,low,0,low,0,low,0,low,0,low,0,low,0,low,0,low,0,low,0,low,0,0,0,0.0,low,0
19785,low,0,low,0,high,1,low,0,extreme,1,medium,0,low,0,high,1,low,0,high,1,0,0,0.0,high,1
68773,low,0,low,0,low,0,low,0,low,0,low,0,low,0,low,0,low,0,low,0,0,0,0.0,low,0
70771,medium,0,low,0,low,0,medium,0,low,0,low,0,high,1,low,0,high,1,low,0,0,0,0.0,low,0
25772,low,0,low,0,low,0,low,0,low,0,low,0,low,0,low,0,low,0,low,0,0,0,0.0,low,0
25777,low,0,low,0,low,0,low,0,low,0,low,0,low,0,low,0,low,0,low,0,0,0,0.0,low,0
17777,low,0,low,0,low,0,low,0,low,0,low,0,low,0,low,0,low,0,low,0,0,0,0.0,low,0
68780,high,1,low,0,low,0,low,0,low,0,low,0,low,0,low,0,low,0,low,0,0,0,0.0,low,0
25779,low,0,low,0,low,0,low,0,low,0,low,0,low,0,low,0,low,0,low,0,0,0,0.0,low,0
15774,low,0,low,0,low,0,low,0,low,0,low,0,low,0,low,0,low,0,low,0,0,0,0.0,low,0
15776,low,0,low,0,low,0,low,0,low,0,low,0,low,0,low,0,low,0,low,0,0,0,0.0,low,0
25781,low,0,low,0,low,0,low,0,low,0,low,0,low,0,low,0,low,0,low,0,0,0,0.0,low,0
15778,low,0,low,0,low,0,low,0,low,0,low,0,low,0,low,0,low,0,low,0,0,0,0.0,low,0
25785,low,0,low,0,low,0,low,0,low,0,low,0,low,0,low,0,low,0,low,0,0,0,0.0,low,0
27787,medium,0,low,0,low,0,low,0,extreme,1,high,1,low,0,high,1,high,1,extreme,1,0,0,0.0,extreme,1
13780,low,0,low,0,low,0,high,1,low,0,low,0,low,0,low,0,low,0,low,0,0,0,0.0,low,0
20787,low,0,low,0,high,1,low,0,low,0,low,0,low,0,low,0,low,0,low,0,0,0,0.0,low,0
85400,low,0,low,0,medium,0,low,0,low,0,low,0,low,0,low,0,low,0,low,0,0,0,0.0,low,0
81794,high,1,extreme,1,extreme,1,low,0,extreme,1,high,1,low,0,extreme,1,low,0,low,0,0,0,0.0,low,0
05789,low,0,low,0,low,0,low,0,low,0,low,0,low,0,low,0,low,0,low,0,0,0,0.0,low,0
52786,low,0,low,0,low,0,low,0,low,0,low,0,low,0,low,0,low,0,low,0,0,0,0.0,low,0
52788,medium,0,low,0,extreme,1,low,0,low,0,low,0,low,0,low,0,low,0,low,0,0,0,0.0,low,0
97666,medium,0,low,0,low,0,low,0,low,0,low,0,low,0,low,0,low,0,low,0,0,0,0.0,low,0
91798,low,0,low,0,low,0,low,0,low,0,low,0,low,0,low,0,low,0,low,0,0,0,0.0,low,0
05790,high,1,extreme,1,extreme,1,high,1,extreme,1,extreme,1,extreme,1,extreme,1,extreme,1,extreme,1,0,0,0.0,extreme,1
41791,low,0,medium,0,low,0,low,0,medium,0,low,0,low,0,low,0,low,0,low,0,0,0,0.0,low,0
05792,low,0,low,0,low,0,high,1,low,0,low,0,low,0,low,0,low,0,low,0,0,0,0.0,low,0
15790,low,0,low,0,low,0,low,0,low,0,low,0,low,0,low,0,low,0,low,0,0,0,0.0,low,0
85410,low,0,low,0,low,0,low,0,low,0,low,0,low,0,medium,0,low,0,low,0,0,0,0.0,low,0
25793,low,0,low,0,low,0,low,0,low,0,low,0,low,0,low,0,low,0,low,0,0,0,0.0,low,0
41799,medium,0,low,0,low,0,low,0,low,0,low,0,low,0,low,0,low,0,low,0,0,0,0.0,low,0
25797,low,0,low,0,low,0,low,0,low,0,low,0,low,0,low,0,low,0,low,0,0,0,0.0,low,0
47798,extreme,1,low,0,low,0,extreme,1,low,0,low,0,low,0,low,0,low,0,low,0,0,0,0.0,low,0
25799,low,0,low,0,low,0,low,0,low,0,low,0,low,0,low,0,low,0,low,0,0,0,0.0,low,0
15798,low,0,low,0,low,0,low,0,low,0,low,0,low,0,low,0,low,0,low,0,0,0,0.0,low,0
54800,high,1,high,1,low,0,high,1,low,0,high,1,extreme,1,extreme,1,extreme,1,low,0,0,0,0.0,low,0
41801,low,0,low,0,low,0,low,0,low,0,low,0,low,0,low,0,low,0,low,0,0,0,0.0,low,0
41797,low,0,low,0,low,0,low,0,low,0,low,0,low,0,low,0,low,0,low,0,0,0,0.0,low,0
25805,low,0,low,0,low,0,low,0,low,0,low,0,low,0,low,0,low,0,low,0,0,0,0.0,low,0
15804,low,0,low,0,low,0,low,0,low,0,low,0,low,0,low,0,low,0,low,0,0,0,0.0,low,0
15806,low,0,low,0,low,0,low,0,low,0,low,0,low,0,low,0,low,0,low,0,0,0,0.0,low,0
25807,low,0,low,0,low,0,medium,0,low,0,low,0,low,0,low,0,low,0,low,0,0,0,0.0,low,0
54810,extreme,1,low,0,extreme,1,low,0,extreme,1,extreme,1,extreme,1,low,0,extreme,1,extreme,1,0,0,0.0,extreme,1
23807,medium,0,extreme,1,extreme,1,low,0,low,0,extreme,1,extreme,1,extreme,1,low,0,low,0,0,0,0.0,low,0
41807,medium,0,low,0,low,0,low,0,low,0,low,0,low,0,low,0,low,0,low,0,0,0,0.0,low,0
19807,medium,0,low,0,high,1,low,0,low,0,low,0,low,0,low,0,low,0,low,0,0,0,0.0,low,0
19809,medium,0,extreme,1,low,0,high,1,low,0,high,1,low,0,low,0,high,1,low,0,0,0,0.0,low,0
15808,low,0,low,0,low,0,low,0,low,0,low,0,low,0,low,0,low,0,low,0,0,0,0.0,low,0
15810,low,0,low,0,low,0,low,0,low,0,low,0,low,0,low,0,low,0,low,0,0,0,0.0,low,0
13810,low,0,low,0,low,0,low,0,extreme,1,medium,0,medium,0,low,0,low,0,low,0,0,0,0.0,low,0
05809,low,0,low,0,low,0,low,0,low,0,low,0,low,0,low,0,low,0,low,0,0,0,0.0,low,0
15814,low,0,low,0,low,0,low,0,low,0,low,0,low,0,low,0,low,0,low,0,0,0,0.0,low,0
25815,low,0,low,0,low,0,low,0,low,0,low,0,low,0,low,0,low,0,low,0,0,0,0.0,low,0
25817,low,0,low,0,low,0,high,1,medium,0,low,0,low,0,low,0,low,0,low,0,0,0,0.0,low,0
15816,low,0,low,0,low,0,low,0,low,0,low,0,low,0,low,0,low,0,low,0,0,0,0.0,low,0
05819,low,0,low,0,low,0,extreme,1,high,1,low,0,high,1,extreme,1,extreme,1,extreme,1,0,0,0.0,extreme,1
54820,medium,0,low,0,low,0,low,0,low,0,low,0,low,0,low,0,low,0,low,0,0,0,0.0,low,0
70823,high,1,low,0,low,0,medium,0,low,0,low,0,high,1,low,0,low,0,low,0,0,0,0.0,low,0
68820,low,0,low,0,low,0,low,0,low,0,low,0,low,0,low,0,low,0,low,0,0,0,0.0,low,0
15820,low,0,low,0,low,0,high,1,low,0,low,0,low,0,low,0,low,0,low,0,0,0,0.0,low,0
25823,low,0,low,0,low,0,high,1,low,0,low,0,low,0,low,0,low,0,low,0,0,0,0.0,low,0
19821,medium,0,extreme,1,low,0,high,1,extreme,1,medium,0,low,0,extreme,1,low,0,extreme,1,0,0,0.0,extreme,1
76823,low,0,low,0,low,0,low,0,low,0,low,0,low,0,low,0,low,0,low,0,0,0,0.0,low,0
15822,low,0,low,0,low,0,low,0,low,0,low,0,low,0,low,0,low,0,low,0,0,0,0.0,low,0
19824,low,0,high,1,low,0,low,0,low,0,low,0,low,0,low,0,high,1,low,0,0,0,0.0,low,0
85430,medium,0,low,0,low,0,low,0,low,0,low,0,low,0,low,0,low,0,low,0,0,0,0.0,low,0
76828,low,0,high,1,low,0,low,0,low,0,low,0,low,0,low,0,low,0,low,0,0,0,0.0,low,0
08832,extreme,1,low,0,low,0,high,1,low,0,low,0,low,0,low,0,low,0,low,0,0,0,0.0,low,0
23815,low,0,low,0,low,0,medium,0,low,0,low,0,low,0,low,0,extreme,1,low,0,0,0,0.0,low,0
76834,high,1,low,0,high,1,low,0,low,0,high,1,low,0,medium,0,low,0,low,0,0,0,0.0,low,0
15001,low,0,low,0,low,0,low,0,low,0,low,0,high,1,low,0,low,0,medium,0,0,0,0.0,medium,0
15832,high,1,low,0,low,0,low,0,low,0,low,0,low,0,low,0,low,0,low,0,0,0,0.0,low,0
52838,low,0,low,0,low,0,low,0,low,0,medium,0,low,0,low,0,low,0,low,0,0,0,0.0,low,0
13836,low,0,low,0,low,0,low,0,low,0,low,0,low,0,low,0,low,0,low,0,0,0,0.0,low,0
13838,low,0,low,0,low,0,low,0,low,0,low,0,low,0,low,0,low,0,low,0,0,0,0.0,low,0
05837,medium,0,low,0,medium,0,low,0,low,0,extreme,1,extreme,1,high,1,low,0,low,0,0,0,0.0,low,0
15835,low,0,low,0,low,0,low,0,low,0,low,0,low,0,low,0,low,0,low,0,0,0,0.0,low,0
15837,low,0,low,0,low,0,low,0,low,0,low,0,low,0,low,0,low,0,low,0,0,0,0.0,low,0
15839,low,0,medium,0,medium,0,low,0,low,0,low,0,low,0,low,0,low,0,low,0,0,0,0.0,low,0
25839,low,0,low,0,low,0,low,0,low,0,low,0,low,0,low,0,low,0,low,0,0,0,0.0,low,0
25841,low,0,low,0,low,0,low,0,low,0,low,0,low,0,low,0,low,0,low,0,0,0,0.0,low,0
76845,high,1,low,0,low,0,low,0,low,0,low,0,low,0,low,0,low,0,low,0,0,0,0.0,low,0
15842,low,0,low,0,low,0,low,0,low,0,low,0,low,0,low,0,low,0,low,0,0,0,0.0,low,0
25845,low,0,low,0,low,0,low,0,low,0,low,0,low,0,low,0,low,0,low,0,0,0,0.0,low,0
27800,medium,0,low,0,low,0,low,0,low,0,medium,0,low,0,high,1,low,0,low,0,0,0,0.0,low,0
27810,low,0,low,0,low,0,low,0,low,0,high,1,low,0,low,0,low,0,medium,0,0,0,0.0,medium,0
05842,low,0,low,0,high,1,high,1,medium,0,low,0,medium,0,low,0,low,0,high,1,0,0,0.0,high,1
50370,extreme,1,high,1,extreme,1,extreme,1,extreme,1,medium,0,extreme,1,low,0,medium,0,low,0,0,0,0.0,low,0
44847,medium,0,extreme,1,extreme,1,high,1,extreme,1,medium,0,extreme,1,low,0,extreme,1,extreme,1,0,0,0.0,extreme,1
05847,high,1,low,0,extreme,1,medium,0,medium,0,medium,0,medium,0,low,0,medium,0,high,1,0,0,0.0,high,1
44855,medium,0,low,0,low,0,low,0,high,1,low,0,low,0,high,1,low,0,low,0,0,0,0.0,low,0
08849,medium,0,low,0,low,0,high,1,low,0,low,0,low,0,low,0,low,0,low,0,0,0,0.0,low,0
25851,low,0,low,0,low,0,low,0,low,0,low,0,low,0,low,0,low,0,low,0,0,0,0.0,low,0
05854,extreme,1,high,1,low,0,extreme,1,high,1,extreme,1,extreme,1,extreme,1,extreme,1,extreme,1,0,0,0.0,extreme,1
23855,medium,0,medium,0,high,1,low,0,low,0,medium,0,low,0,low,0,low,0,medium,0,0,0,0.0,medium,0
86865,extreme,1,low,0,extreme,1,low,0,low,0,high,1,medium,0,low,0,low,0,low,0,0,0,0.0,low,0
68855,medium,0,low,0,low,0,low,0,low,0,low,0,low,0,low,0,low,0,low,0,0,0,0.0,low,0
73854,low,0,low,0,low,0,low,0,low,0,low,0,low,0,low,0,low,0,low,0,0,0,0.0,low,0
20001,high,1,extreme,1,extreme,1,low,0,low,0,high,1,low,0,high,1,low,0,low,0,0,0,0.0,low,0
05856,low,0,low,0,low,0,low,0,low,0,low,0,low,0,low,0,low,0,low,0,0,0,0.0,low,0
18860,low,0,low,0,high,1,extreme,1,medium,0,low,0,low,0,low,0,low,0,low,0,0,0,0.0,low,0
05858,low,0,low,0,medium,0,low,0,medium,0,low,0,medium,0,low,0,low,0,low,0,0,0,0.0,low,0
68861,low,0,low,0,low,0,low,0,low,0,low,0,low,0,low,0,low,0,low,0,0,0,0.0,low,0
73861,medium,0,low,0,low,0,low,0,low,0,low,0,low,0,low,0,low,0,low,0,0,0,0.0,low,0
05861,low,0,low,0,low,0,low,0,low,0,low,0,low,0,low,0,low,0,low,0,0,0,0.0,low,0
25506,low,0,low,0,high,1,low,0,medium,0,low,0,low,0,low,0,low,0,low,0,0,0,0.0,low,0
15861,low,0,low,0,low,0,low,0,low,0,low,0,low,0,low,0,low,0,low,0,0,0,0.0,low,0
25862,low,0,low,0,low,0,medium,0,low,0,low,0,low,0,low,0,low,0,low,0,0,0,0.0,low,0
76863,low,0,low,0,low,0,low,0,low,0,low,0,low,0,low,0,low,0,low,0,0,0,0.0,low,0
68867,low,0,low,0,low,0,low,0,low,0,low,0,low,0,low,0,low,0,low,0,0,0,0.0,low,0
25867,low,0,low,0,low,0,low,0,low,0,low,0,medium,0,low,0,low,0,low,0,0,0,0.0,low,0
17867,high,1,low,0,low,0,low,0,low,0,low,0,low,0,low,0,low,0,low,0,0,0,0.0,low,0
05873,high,1,medium,0,high,1,low,0,medium,0,extreme,1,low,0,high,1,low,0,high,1,0,0,0.0,high,1
76869,low,0,low,0,low,0,low,0,low,0,low,0,low,0,low,0,low,0,low,0,0,0,0.0,low,0
54871,medium,0,low,0,low,0,low,0,low,0,low,0,low,0,low,0,low,0,low,0,0,0,0.0,low,0
15407,low,0,low,0,low,0,low,0,medium,0,low,0,low,0,low,0,low,0,low,0,0,0,0.0,low,0
25843,low,0,low,0,low,0,low,0,low,0,low,0,low,0,low,0,low,0,low,0,0,0,0.0,low,0
54874,medium,0,low,0,medium,0,low,0,low,0,low,0,low,0,low,0,low,0,high,1,0,0,0.0,high,1
19845,low,0,high,1,low,0,low,0,low,0,low,0,medium,0,low,0,low,0,low,0,0,0,0.0,low,0
86885,medium,0,low,0,low,0,low,0,high,1,medium,0,low,0,low,0,low,0,low,0,0,0,0.0,low,0
25871,low,0,low,0,low,0,low,0,low,0,low,0,low,0,low,0,low,0,low,0,0,0,0.0,low,0
73870,low,0,low,0,extreme,1,low,0,extreme,1,low,0,medium,0,low,0,low,0,low,0,0,0,0.0,low,0
17873,low,0,low,0,low,0,low,0,high,1,low,0,low,0,low,0,low,0,low,0,0,0,0.0,low,0
13873,low,0,low,0,low,0,low,0,low,0,low,0,low,0,low,0,low,0,low,0,0,0,0.0,low,0
44874,low,0,low,0,low,0,low,0,low,0,low,0,low,0,low,0,low,0,low,0,0,0,0.0,low,0
68872,medium,0,low,0,medium,0,low,0,low,0,low,0,low,0,low,0,low,0,low,0,0,0,0.0,low,0
85440,medium,0,low,0,low,0,low,0,low,0,low,0,low,0,low,0,low,0,low,0,0,0,0.0,low,0
25873,low,0,low,0,low,0,low,0,low,0,low,0,low,0,low,0,low,0,low,0,0,0,0.0,low,0
73873,high,1,high,1,low,0,low,0,low,0,extreme,1,low,0,low,0,low,0,low,0,0,0,0.0,low,0
50001,high,1,low,0,low,0,low,0,low,0,medium,0,high,1,high,1,low,0,low,0,0,0,0.0,low,0
41872,medium,0,low,0,low,0,low,0,low,0,low,0,low,0,low,0,low,0,low,0,0,0,0.0,low,0
25875,low,0,low,0,low,0,low,0,low,0,low,0,low,0,low,0,low,0,low,0,0,0,0.0,low,0
25878,low,0,low,0,medium,0,low,0,low,0,low,0,low,0,low,0,low,0,low,0,0,0,0.0,low,0
15879,low,0,low,0,low,0,low,0,low,0,low,0,low,0,low,0,low,0,low,0,0,0,0.0,low,0
50711,high,1,extreme,1,extreme,1,high,1,high,1,extreme,1,extreme,1,low,0,high,1,low,0,0,0,0.0,low,0
17877,low,0,high,1,high,1,low,0,low,0,low,0,low,0,low,0,low,0,low,0,0,0,0.0,low,0
25885,medium,0,low,0,low,0,low,0,low,0,low,0,low,0,low,0,low,0,low,0,0,0,0.0,low,0
52885,low,0,low,0,low,0,medium,0,low,0,low,0,low,0,low,0,low,0,low,0,0,0,0.0,low,0
41885,medium,0,low,0,medium,0,low,0,medium,0,low,0,low,0,low,0,low,0,low,0,0,0,0.0,low,0
05885,low,0,extreme,1,high,1,low,0,medium,0,medium,0,low,0,low,0,low,0,low,0,0,0,0.0,low,0
05887,medium,0,high,1,medium,0,medium,0,low,0,medium,0,low,0,medium,0,high,1,low,0,0,0,0.0,low,0
97889,low,0,low,0,low,0,medium,0,low,0,low,0,low,0,low,0,low,0,low,0,0,0,0.0,low,0
05890,low,0,low,0,low,0,low,0,medium,0,high,1,low,0,low,0,medium,0,low,0,0,0,0.0,low,0
05893,low,0,high,1,low,0,low,0,low,0,medium,0,low,0,low,0,low,0,extreme,1,0,0,0.0,extreme,1
85001,high,1,high,1,low,0,low,0,low,0,high,1,low,0,low,0,low,0,low,0,0,0,0.0,low,0
76890,low,0,low,0,low,0,low,0,low,0,low,0,low,0,low,0,low,0,low,0,0,0,0.0,low,0
76892,high,1,low,0,extreme,1,low,0,low,0,low,0,low,0,medium,0,low,0,low,0,0,0,0.0,low,0
13894,low,0,low,0,low,0,low,0,low,0,low,0,high,1,low,0,low,0,low,0,0,0,0.0,low,0
68895,low,0,low,0,low,0,low,0,low,0,low,0,low,0,low,0,low,0,low,0,0,0,0.0,low,0
47960,extreme,1,low,0,low,0,high,1,low,0,low,0,low,0,low,0,low,0,low,0,0,0,0.0,low,0
05895,high,1,extreme,1,extreme,1,low,0,high,1,extreme,1,high,1,high,1,high,1,extreme,1,0,0,0.0,extreme,1
76895,high,1,low,0,low,0,low,0,low,0,low,0,low,0,low,0,low,0,low,0,0,0,0.0,low,0
15897,low,0,low,0,low,0,low,0,low,0,low,0,low,0,low,0,low,0,low,0,0,0,0.0,low,0
25898,low,0,low,0,low,0,low,0,low,0,low,0,low,0,low,0,low,0,low,0,0,0,0.0,low,0
25899,low,0,low,0,low,0,low,0,low,0,low,0,low,0,low,0,low,0,low,0,0,0,0.0,low,0
47980,high,1,low,0,extreme,1,low,0,low,0,low,0,low,0,low,0,low,0,medium,0,0,0,0.0,medium,0
